batch_index,pair_id,device,amp,image_size,tokenizer_sec,encoder_sec,decoder_sec,reverse_sec,full_sec,cover_l2,cover_psnr,token_mse,reverse_l2
0,000000579070__antimonocromatismo,cuda,False,256,0.0021634750009980053,0.007243824999022763,0.0002970000023196917,0.012318375000177184,0.022022675002517644,0.00011484573769848794,39.39884948730469,0.015585292130708694,0.001854793867096305
0,000000579070__impronte_d_artista,cuda,False,256,0.0021634750009980053,0.007243824999022763,0.0002970000023196917,0.012318375000177184,0.022022675002517644,0.00011715221626218408,39.312496185302734,0.01568692736327648,0.001941717928275466
0,000000579070__picasso_self_portrait,cuda,False,256,0.0021634750009980053,0.007243824999022763,0.0002970000023196917,0.012318375000177184,0.022022675002517644,0.00011230302334297448,39.49608612060547,0.01554033625870943,0.0019718161784112453
0,000000579070__trial,cuda,False,256,0.0021634750009980053,0.007243824999022763,0.0002970000023196917,0.012318375000177184,0.022022675002517644,0.00011000821541529149,39.58575439453125,0.015378287993371487,0.001865584752522409
1,000000579070__woman_with_hat_matisse,cuda,False,256,0.0022134249993541744,0.007412124999973457,0.00035032499727094546,0.01228922499649343,0.022265099993092008,0.00012001530558336526,39.20763397216797,0.015505282208323479,0.001926487311720848
1,000000005001__antimonocromatismo,cuda,False,256,0.0022134249993541744,0.007412124999973457,0.00035032499727094546,0.01228922499649343,0.022265099993092008,0.00010951023432426155,39.60545349121094,0.021775618195533752,0.003029152750968933
1,000000005001__impronte_d_artista,cuda,False,256,0.0022134249993541744,0.007412124999973457,0.00035032499727094546,0.01228922499649343,0.022265099993092008,0.000115782801003661,39.36355972290039,0.02194903790950775,0.003580244956538081
1,000000005001__picasso_self_portrait,cuda,False,256,0.0022134249993541744,0.007412124999973457,0.00035032499727094546,0.01228922499649343,0.022265099993092008,0.00011162753071403131,39.52228927612305,0.02168462797999382,0.003208871465176344
2,000000005001__trial,cuda,False,256,0.00222369999755756,0.007330399999773363,0.00032854999881237745,0.012269450002349913,0.022152099998493213,0.00010854011634364724,39.64409637451172,0.021639544516801834,0.003278326243162155
2,000000005001__woman_with_hat_matisse,cuda,False,256,0.00222369999755756,0.007330399999773363,0.00032854999881237745,0.012269450002349913,0.022152099998493213,0.00011642948811640963,39.33937072753906,0.022007513791322708,0.0033738864585757256
2,000000507235__antimonocromatismo,cuda,False,256,0.00222369999755756,0.007330399999773363,0.00032854999881237745,0.012269450002349913,0.022152099998493213,0.00010811275569722056,39.661231994628906,0.013519836589694023,0.0018256567418575287
2,000000507235__impronte_d_artista,cuda,False,256,0.00222369999755756,0.007330399999773363,0.00032854999881237745,0.012269450002349913,0.022152099998493213,0.0001158475861302577,39.36112976074219,0.013772068545222282,0.002299637533724308
3,000000507235__picasso_self_portrait,cuda,False,256,0.002145300000847783,0.007309950000490062,0.00029837500187568367,0.012230424999870593,0.02198405000308412,0.00010282488074153662,39.87902069091797,0.013438376598060131,0.001925522810779512
3,000000507235__trial,cuda,False,256,0.002145300000847783,0.007309950000490062,0.00029837500187568367,0.012230424999870593,0.02198405000308412,0.00011359177005942911,39.446529388427734,0.013524210080504417,0.0023609455674886703
3,000000507235__woman_with_hat_matisse,cuda,False,256,0.002145300000847783,0.007309950000490062,0.00029837500187568367,0.012230424999870593,0.02198405000308412,0.00010816466237884015,39.659149169921875,0.013572034426033497,0.001928526209667325
3,000000399462__antimonocromatismo,cuda,False,256,0.002145300000847783,0.007309950000490062,0.00029837500187568367,0.012230424999870593,0.02198405000308412,0.0001105907722376287,39.562808990478516,0.012235996313393116,0.0019526913529261947
4,000000399462__impronte_d_artista,cuda,False,256,0.002338425001653377,0.007234000000607921,0.00035209999987273477,0.012210250002681278,0.02213477500481531,0.00011252891272306442,39.48735809326172,0.01236575935035944,0.002430295804515481
4,000000399462__picasso_self_portrait,cuda,False,256,0.002338425001653377,0.007234000000607921,0.00035209999987273477,0.012210250002681278,0.02213477500481531,0.0001031516439979896,39.86524200439453,0.012000912800431252,0.001902332529425621
4,000000399462__trial,cuda,False,256,0.002338425001653377,0.007234000000607921,0.00035209999987273477,0.012210250002681278,0.02213477500481531,0.0001167441951110959,39.32765197753906,0.012147638015449047,0.002324457745999098
4,000000399462__woman_with_hat_matisse,cuda,False,256,0.002338425001653377,0.007234000000607921,0.00035209999987273477,0.012210250002681278,0.02213477500481531,0.00010856665903702378,39.643035888671875,0.012406278401613235,0.0022787069901823997
5,000000231508__antimonocromatismo,cuda,False,256,0.002349099999264581,0.00751437500002794,0.0006247000019357074,0.012656250000873115,0.023144425002101343,0.00010701177961891517,39.705684661865234,0.016184870153665543,0.0022051853593438864
5,000000231508__impronte_d_artista,cuda,False,256,0.002349099999264581,0.00751437500002794,0.0006247000019357074,0.012656250000873115,0.023144425002101343,0.00011599811114137992,39.355491638183594,0.016318242996931076,0.002781310584396124
5,000000231508__picasso_self_portrait,cuda,False,256,0.002349099999264581,0.00751437500002794,0.0006247000019357074,0.012656250000873115,0.023144425002101343,0.00010194367496296763,39.91639709472656,0.016069773584604263,0.002104718703776598
5,000000231508__trial,cuda,False,256,0.002349099999264581,0.00751437500002794,0.0006247000019357074,0.012656250000873115,0.023144425002101343,0.0001119916996685788,39.508140563964844,0.016116376966238022,0.002777791116386652
6,000000231508__woman_with_hat_matisse,cuda,False,256,0.002540024997870205,0.007211924999865005,0.00032767499942565337,0.01228639999681036,0.022366024993971223,0.00011030859604943544,39.57390594482422,0.016253313049674034,0.002405890729278326
6,000000433515__antimonocromatismo,cuda,False,256,0.002540024997870205,0.007211924999865005,0.00032767499942565337,0.01228639999681036,0.022366024993971223,0.00010394748824182898,39.83186340332031,0.012363120913505554,0.0020954543724656105
6,000000433515__impronte_d_artista,cuda,False,256,0.002540024997870205,0.007211924999865005,0.00032767499942565337,0.01228639999681036,0.022366024993971223,0.0001058088819263503,39.754783630371094,0.012204207479953766,0.0022949676495045424
6,000000433515__picasso_self_portrait,cuda,False,256,0.002540024997870205,0.007211924999865005,0.00032767499942565337,0.01228639999681036,0.022366024993971223,0.0001030691055348143,39.868717193603516,0.012219758704304695,0.0025847970973700285
7,000000433515__trial,cuda,False,256,0.0021407000022009015,0.0074893250020977575,0.0003799249971052632,0.012286500001209788,0.02229645000261371,0.0001088754361262545,39.63070297241211,0.012220583856105804,0.002427090657874942
7,000000433515__woman_with_hat_matisse,cuda,False,256,0.0021407000022009015,0.0074893250020977575,0.0003799249971052632,0.012286500001209788,0.02229645000261371,0.00010473973088664934,39.798885345458984,0.012234007939696312,0.0021372269839048386
7,000000317024__antimonocromatismo,cuda,False,256,0.0021407000022009015,0.0074893250020977575,0.0003799249971052632,0.012286500001209788,0.02229645000261371,0.0001092464299290441,39.615928649902344,0.01491809543222189,0.0017613125964999199
7,000000317024__impronte_d_artista,cuda,False,256,0.0021407000022009015,0.0074893250020977575,0.0003799249971052632,0.012286500001209788,0.02229645000261371,0.00011970852210652083,39.21875,0.015044225379824638,0.0021789432503283024
8,000000317024__picasso_self_portrait,cuda,False,256,0.0022331250002025627,0.0071329250022245105,0.0002814499966916628,0.012333999999100342,0.02198149999821908,0.00010837786248885095,39.650596618652344,0.014752373099327087,0.0017846720293164253
8,000000317024__trial,cuda,False,256,0.0022331250002025627,0.0071329250022245105,0.0002814499966916628,0.012333999999100342,0.02198149999821908,0.0001095036423066631,39.605716705322266,0.014732839539647102,0.002225893549621105
8,000000317024__woman_with_hat_matisse,cuda,False,256,0.0022331250002025627,0.0071329250022245105,0.0002814499966916628,0.012333999999100342,0.02198149999821908,0.00012199288903502747,39.13665771484375,0.015074700117111206,0.002033018507063389
8,000000416343__antimonocromatismo,cuda,False,256,0.0022331250002025627,0.0071329250022245105,0.0002814499966916628,0.012333999999100342,0.02198149999821908,9.77486779447645e-05,40.09889221191406,0.007541601080447435,0.0006531697581522167
9,000000416343__impronte_d_artista,cuda,False,256,0.0025246250006603077,0.00722387499990873,0.0003448999996180646,0.012398574999679113,0.022491974999866216,0.00010357477003708482,39.84745788574219,0.007171320263296366,0.0007886798121035099
9,000000416343__picasso_self_portrait,cuda,False,256,0.0025246250006603077,0.00722387499990873,0.0003448999996180646,0.012398574999679113,0.022491974999866216,9.60206234594807e-05,40.17635726928711,0.0073868934996426105,0.0007109289872460067
9,000000416343__trial,cuda,False,256,0.0025246250006603077,0.00722387499990873,0.0003448999996180646,0.012398574999679113,0.022491974999866216,0.00010234405635856092,39.89937210083008,0.00713003147393465,0.0007405112264677882
9,000000416343__woman_with_hat_matisse,cuda,False,256,0.0025246250006603077,0.00722387499990873,0.0003448999996180646,0.012398574999679113,0.022491974999866216,0.0001062665251083672,39.73603439331055,0.0072625488974153996,0.0006644619861617684
10,000000133969__antimonocromatismo,cuda,False,256,0.002196049998019589,0.007472499997675186,0.0005818749996251427,0.012521900000137975,0.022772324995457893,0.00011510797776281834,39.388946533203125,0.016308439895510674,0.002141030039638281
10,000000133969__impronte_d_artista,cuda,False,256,0.002196049998019589,0.007472499997675186,0.0005818749996251427,0.012521900000137975,0.022772324995457893,0.00011840709339594468,39.2662239074707,0.016412030905485153,0.0023558102548122406
10,000000133969__picasso_self_portrait,cuda,False,256,0.002196049998019589,0.007472499997675186,0.0005818749996251427,0.012521900000137975,0.022772324995457893,0.00011477673251647502,39.401466369628906,0.016159996390342712,0.002362736500799656
10,000000133969__trial,cuda,False,256,0.002196049998019589,0.007472499997675186,0.0005818749996251427,0.012521900000137975,0.022772324995457893,0.00010916119208559394,39.61931610107422,0.01617003232240677,0.0021527453791350126
11,000000133969__woman_with_hat_matisse,cuda,False,256,0.0023783249998814426,0.007359125000220956,0.00041435000093770213,0.012346125000476604,0.022497925001516705,0.0001153491175500676,39.37985610961914,0.016531214118003845,0.0021730707958340645
11,000000183391__antimonocromatismo,cuda,False,256,0.0023783249998814426,0.007359125000220956,0.00041435000093770213,0.012346125000476604,0.022497925001516705,0.00011675128189381212,39.32738494873047,0.01762266457080841,0.0022898251190781593
11,000000183391__impronte_d_artista,cuda,False,256,0.0023783249998814426,0.007359125000220956,0.00041435000093770213,0.012346125000476604,0.022497925001516705,0.00011741527123376727,39.30275344848633,0.017739178612828255,0.0025322975125163794
11,000000183391__picasso_self_portrait,cuda,False,256,0.0023783249998814426,0.007359125000220956,0.00041435000093770213,0.012346125000476604,0.022497925001516705,0.00011074358917539939,39.55681610107422,0.01743834838271141,0.0024371130857616663
12,000000183391__trial,cuda,False,256,0.0021989250017213635,0.007220774998131674,0.0004077000012330245,0.012540350002382183,0.022367750003468245,0.00011479789100121707,39.40066146850586,0.01744156703352928,0.002569271717220545
12,000000183391__woman_with_hat_matisse,cuda,False,256,0.0021989250017213635,0.007220774998131674,0.0004077000012330245,0.012540350002382183,0.022367750003468245,0.00011823080421891063,39.2726936340332,0.017675746232271194,0.0023325139191001654
12,000000463618__antimonocromatismo,cuda,False,256,0.0021989250017213635,0.007220774998131674,0.0004077000012330245,0.012540350002382183,0.022367750003468245,0.00010707106412155554,39.70328140258789,0.013523949310183525,0.001378734945319593
12,000000463618__impronte_d_artista,cuda,False,256,0.0021989250017213635,0.007220774998131674,0.0004077000012330245,0.012540350002382183,0.022367750003468245,0.00011179025023011491,39.515960693359375,0.013575775548815727,0.0017706234939396381
13,000000463618__picasso_self_portrait,cuda,False,256,0.0024231749994214624,0.007337549999647308,0.0003287500003352761,0.012374000001727836,0.022463475001131883,0.00010841959010576829,39.64892578125,0.013391687534749508,0.001488736248575151
13,000000463618__trial,cuda,False,256,0.0024231749994214624,0.007337549999647308,0.0003287500003352761,0.012374000001727836,0.022463475001131883,0.00010770365770440549,39.67770004272461,0.013419435359537601,0.0016047529643401504
13,000000463618__woman_with_hat_matisse,cuda,False,256,0.0024231749994214624,0.007337549999647308,0.0003287500003352761,0.012374000001727836,0.022463475001131883,0.0001129666343331337,39.470497131347656,0.013601506128907204,0.0015346608124673367
13,000000043581__antimonocromatismo,cuda,False,256,0.0024231749994214624,0.007337549999647308,0.0003287500003352761,0.012374000001727836,0.022463475001131883,0.00011317052849335596,39.46266555786133,0.01645621843636036,0.0026305867359042168
14,000000043581__impronte_d_artista,cuda,False,256,0.0022906250014784746,0.007330424999963725,0.0005835999982082285,0.01261970000268775,0.02282435000233818,0.00011923236161237583,39.236061096191406,0.01669899746775627,0.0030316365882754326
14,000000043581__picasso_self_portrait,cuda,False,256,0.0022906250014784746,0.007330424999963725,0.0005835999982082285,0.01261970000268775,0.02282435000233818,0.0001059839196386747,39.74760437011719,0.016203362494707108,0.002865728922188282
14,000000043581__trial,cuda,False,256,0.0022906250014784746,0.007330424999963725,0.0005835999982082285,0.01261970000268775,0.02282435000233818,0.00012128642265452072,39.16188049316406,0.016440968960523605,0.0032647578045725822
14,000000043581__woman_with_hat_matisse,cuda,False,256,0.0022906250014784746,0.007330424999963725,0.0005835999982082285,0.01261970000268775,0.02282435000233818,0.00011309902038192376,39.46541213989258,0.016533400863409042,0.00228703860193491
15,000000360943__antimonocromatismo,cuda,False,256,0.002274524998938432,0.0071612249994359445,0.0003333000022394117,0.012328425000305288,0.022097475000919076,0.00011078034003730863,39.55537414550781,0.009411182254552841,0.0010274540400132537
15,000000360943__impronte_d_artista,cuda,False,256,0.002274524998938432,0.0071612249994359445,0.0003333000022394117,0.012328425000305288,0.022097475000919076,0.00010588752047624439,39.75155258178711,0.009030556306242943,0.0009243073291145265
15,000000360943__picasso_self_portrait,cuda,False,256,0.002274524998938432,0.0071612249994359445,0.0003333000022394117,0.012328425000305288,0.022097475000919076,0.0001080163347069174,39.66510772705078,0.009294664487242699,0.0011856566416099668
15,000000360943__trial,cuda,False,256,0.002274524998938432,0.0071612249994359445,0.0003333000022394117,0.012328425000305288,0.022097475000919076,0.00010789843508973718,39.66984939575195,0.009129764512181282,0.0009979415917769074
16,000000360943__woman_with_hat_matisse,cuda,False,256,0.002140374999726191,0.007305399998585926,0.00033297499976470135,0.012396074998832773,0.022174824996909592,0.00011369198182364926,39.44270324707031,0.009384040720760822,0.0011356936302036047
16,000000206027__antimonocromatismo,cuda,False,256,0.002140374999726191,0.007305399998585926,0.00033297499976470135,0.012396074998832773,0.022174824996909592,0.00010378046135883778,39.838844299316406,0.009715348482131958,0.0015860915882512927
16,000000206027__impronte_d_artista,cuda,False,256,0.002140374999726191,0.007305399998585926,0.00033297499976470135,0.012396074998832773,0.022174824996909592,0.00010859171015908942,39.642032623291016,0.009633406065404415,0.0016265864251181483
16,000000206027__picasso_self_portrait,cuda,False,256,0.002140374999726191,0.007305399998585926,0.00033297499976470135,0.012396074998832773,0.022174824996909592,0.00010047039540950209,39.97962188720703,0.009765486232936382,0.0016003744676709175
17,000000206027__trial,cuda,False,256,0.0021604499997920357,0.0074954749979951885,0.0006572500024049077,0.012497449999500532,0.022810624999692664,0.0001125517301261425,39.48647689819336,0.009533354081213474,0.0019040260231122375
17,000000206027__woman_with_hat_matisse,cuda,False,256,0.0021604499997920357,0.0074954749979951885,0.0006572500024049077,0.012497449999500532,0.022810624999692664,0.00010538507922319695,39.77220916748047,0.009615322574973106,0.001515911309979856
17,000000124277__antimonocromatismo,cuda,False,256,0.0021604499997920357,0.0074954749979951885,0.0006572500024049077,0.012497449999500532,0.022810624999692664,0.0001258091942872852,39.00288009643555,0.02093667723238468,0.004495218396186829
17,000000124277__impronte_d_artista,cuda,False,256,0.0021604499997920357,0.0074954749979951885,0.0006572500024049077,0.012497449999500532,0.022810624999692664,0.000133084409753792,38.758731842041016,0.020704858005046844,0.0049530742689967155
18,000000124277__picasso_self_portrait,cuda,False,256,0.0021184750003158115,0.007454350001353305,0.0005689499994332436,0.01264430000082939,0.02278607500193175,0.00012185797095298767,39.14146041870117,0.020601380616426468,0.004243605770170689
18,000000124277__trial,cuda,False,256,0.0021184750003158115,0.007454350001353305,0.0005689499994332436,0.01264430000082939,0.02278607500193175,0.00012435948883648962,39.05321502685547,0.020638253539800644,0.004531352315098047
18,000000124277__woman_with_hat_matisse,cuda,False,256,0.0021184750003158115,0.007454350001353305,0.0005689499994332436,0.01264430000082939,0.02278607500193175,0.00012973550474271178,38.869415283203125,0.02069103717803955,0.004772947169840336
18,000000098497__antimonocromatismo,cuda,False,256,0.0021184750003158115,0.007454350001353305,0.0005689499994332436,0.01264430000082939,0.02278607500193175,0.00010666303569450974,39.7198600769043,0.012899333611130714,0.0011207603383809328
19,000000098497__impronte_d_artista,cuda,False,256,0.002119675002177246,0.007273074999829987,0.0003194249984517228,0.012390975000016624,0.02210315000047558,9.407883044332266e-05,40.26508331298828,0.012671979144215584,0.0013090017018839717
19,000000098497__picasso_self_portrait,cuda,False,256,0.002119675002177246,0.007273074999829987,0.0003194249984517228,0.012390975000016624,0.02210315000047558,0.00010429266694700345,39.81746292114258,0.012902754358947277,0.0011572616640478373
19,000000098497__trial,cuda,False,256,0.002119675002177246,0.007273074999829987,0.0003194249984517228,0.012390975000016624,0.02210315000047558,9.716756176203489e-05,40.124786376953125,0.012582775205373764,0.0011596174445003271
19,000000098497__woman_with_hat_matisse,cuda,False,256,0.002119675002177246,0.007273074999829987,0.0003194249984517228,0.012390975000016624,0.02210315000047558,0.00010454840230522677,39.806827545166016,0.012814592570066452,0.0013054603477939963
20,000000275198__antimonocromatismo,cuda,False,256,0.0024129499979608227,0.0072218499990412965,0.0002954499977931846,0.01234847500018077,0.022278724994976074,0.00011519062536535785,39.38582992553711,0.016477230936288834,0.0025972502771764994
20,000000275198__impronte_d_artista,cuda,False,256,0.0024129499979608227,0.0072218499990412965,0.0002954499977931846,0.01234847500018077,0.022278724994976074,0.00011756843741750345,39.29709243774414,0.016549622640013695,0.0027873609215021133
20,000000275198__picasso_self_portrait,cuda,False,256,0.0024129499979608227,0.0072218499990412965,0.0002954499977931846,0.01234847500018077,0.022278724994976074,0.00011186748452018946,39.512962341308594,0.016416558995842934,0.002618703991174698
20,000000275198__trial,cuda,False,256,0.0024129499979608227,0.0072218499990412965,0.0002954499977931846,0.01234847500018077,0.022278724994976074,0.00011007282591890544,39.58319854736328,0.016366807743906975,0.0026926330756396055
21,000000275198__woman_with_hat_matisse,cuda,False,256,0.0021391750015027355,0.007312049998290604,0.0002949250010715332,0.012219500000355765,0.021965650001220638,0.00011939959222218022,39.22997283935547,0.016573483124375343,0.002582837827503681
21,000000368212__antimonocromatismo,cuda,False,256,0.0021391750015027355,0.007312049998290604,0.0002949250010715332,0.012219500000355765,0.021965650001220638,0.00010569715959718451,39.759368896484375,0.011615823954343796,0.001433157711289823
21,000000368212__impronte_d_artista,cuda,False,256,0.0021391750015027355,0.007312049998290604,0.0002949250010715332,0.012219500000355765,0.021965650001220638,0.00010921154171228409,39.61731719970703,0.011630609631538391,0.001549973152577877
21,000000368212__picasso_self_portrait,cuda,False,256,0.0021391750015027355,0.007312049998290604,0.0002949250010715332,0.012219500000355765,0.021965650001220638,0.00010028200631495565,39.987770080566406,0.01157298032194376,0.0016209213063120842
22,000000368212__trial,cuda,False,256,0.002403174999926705,0.007540624999819556,0.0003427500014367979,0.012221025001053931,0.02250757500223699,0.00010735592513810843,39.69173812866211,0.011412763968110085,0.0015041213482618332
22,000000368212__woman_with_hat_matisse,cuda,False,256,0.002403174999926705,0.007540624999819556,0.0003427500014367979,0.012221025001053931,0.02250757500223699,0.00010431812552269548,39.816402435302734,0.011655012145638466,0.001303845434449613
22,000000295809__antimonocromatismo,cuda,False,256,0.002403174999926705,0.007540624999819556,0.0003427500014367979,0.012221025001053931,0.02250757500223699,0.00011274607095401734,39.47898483276367,0.019157545641064644,0.003884978126734495
22,000000295809__impronte_d_artista,cuda,False,256,0.002403174999926705,0.007540624999819556,0.0003427500014367979,0.012221025001053931,0.02250757500223699,0.0001142932305810973,39.419795989990234,0.01859564147889614,0.0037339869886636734
23,000000295809__picasso_self_portrait,cuda,False,256,0.002120324999850709,0.007244649998028763,0.00029142499988665804,0.012356575000012526,0.022012974997778656,0.0001091098747565411,39.621360778808594,0.018869571387767792,0.0035947407595813274
23,000000295809__trial,cuda,False,256,0.002120324999850709,0.007244649998028763,0.00029142499988665804,0.012356575000012526,0.022012974997778656,0.00011109025217592716,39.54323959350586,0.01862115040421486,0.003855683607980609
23,000000295809__woman_with_hat_matisse,cuda,False,256,0.002120324999850709,0.007244649998028763,0.00029142499988665804,0.012356575000012526,0.022012974997778656,0.00011462458496680483,39.4072265625,0.018641222268342972,0.003680198220536113
23,000000411938__antimonocromatismo,cuda,False,256,0.002120324999850709,0.007244649998028763,0.00029142499988665804,0.012356575000012526,0.022012974997778656,0.00011169331264682114,39.51972579956055,0.018042871728539467,0.0029190401546657085
24,000000411938__impronte_d_artista,cuda,False,256,0.00221034999776748,0.007343949997448362,0.0003379500012670178,0.012611599999218015,0.022503849995700875,0.0001197054807562381,39.2188606262207,0.018246516585350037,0.0036009650211781263
24,000000411938__picasso_self_portrait,cuda,False,256,0.00221034999776748,0.007343949997448362,0.0003379500012670178,0.012611599999218015,0.022503849995700875,0.00010788931103888899,39.67021942138672,0.017973480746150017,0.0029111970216035843
24,000000411938__trial,cuda,False,256,0.00221034999776748,0.007343949997448362,0.0003379500012670178,0.012611599999218015,0.022503849995700875,0.00011548423208296299,39.37477493286133,0.017951147630810738,0.0035059042274951935
24,000000411938__woman_with_hat_matisse,cuda,False,256,0.00221034999776748,0.007343949997448362,0.0003379500012670178,0.012611599999218015,0.022503849995700875,0.00011694881686707959,39.32004165649414,0.01827334612607956,0.0033169749658554792
25,000000156076__antimonocromatismo,cuda,False,256,0.002442900000460213,0.0072762249983497895,0.0003312499975436367,0.012374800000543473,0.022425174996897113,0.00012085714843124151,39.17728042602539,0.02116652950644493,0.00483368244022131
25,000000156076__impronte_d_artista,cuda,False,256,0.002442900000460213,0.0072762249983497895,0.0003312499975436367,0.012374800000543473,0.022425174996897113,0.00012572573905345052,39.005760192871094,0.021569613367319107,0.005643527023494244
25,000000156076__picasso_self_portrait,cuda,False,256,0.002442900000460213,0.0072762249983497895,0.0003312499975436367,0.012374800000543473,0.022425174996897113,0.00011761471250792965,39.29538345336914,0.021050937473773956,0.004675758071243763
25,000000156076__trial,cuda,False,256,0.002442900000460213,0.0072762249983497895,0.0003312499975436367,0.012374800000543473,0.022425174996897113,0.00011848090070998296,39.263519287109375,0.021296318620443344,0.0051339417695999146
26,000000156076__woman_with_hat_matisse,cuda,False,256,0.002290874999744119,0.007233675001771189,0.000287199996819254,0.012396099999023136,0.022207849997357698,0.00012298385263420641,39.10151672363281,0.02119717188179493,0.004602914210408926
26,000000163258__antimonocromatismo,cuda,False,256,0.002290874999744119,0.007233675001771189,0.000287199996819254,0.012396099999023136,0.022207849997357698,0.00010333066893508658,39.85770797729492,0.004986695013940334,0.0003143404610455036
26,000000163258__impronte_d_artista,cuda,False,256,0.002290874999744119,0.007233675001771189,0.000287199996819254,0.012396099999023136,0.022207849997357698,9.107190271606669e-05,40.406158447265625,0.004722181241959333,0.00035594834480434656
26,000000163258__picasso_self_portrait,cuda,False,256,0.002290874999744119,0.007233675001771189,0.000287199996819254,0.012396099999023136,0.022207849997357698,9.732237958814949e-05,40.11787414550781,0.005173737183213234,0.0003466281923465431
27,000000163258__trial,cuda,False,256,0.0023720750032225624,0.0072341250015597325,0.0003848249980364926,0.012383200002659578,0.022374225005478365,9.897844574879855e-05,40.044593811035156,0.0049249567091465,0.0003210015711374581
27,000000163258__woman_with_hat_matisse,cuda,False,256,0.0023720750032225624,0.0072341250015597325,0.0003848249980364926,0.012383200002659578,0.022374225005478365,0.00010263675358146429,39.8869743347168,0.004969727247953415,0.0003234576724935323
27,000000363875__antimonocromatismo,cuda,False,256,0.0023720750032225624,0.0072341250015597325,0.0003848249980364926,0.012383200002659578,0.022374225005478365,0.00010709420166676864,39.70234298706055,0.013625689782202244,0.0014946809969842434
27,000000363875__impronte_d_artista,cuda,False,256,0.0023720750032225624,0.0072341250015597325,0.0003848249980364926,0.012383200002659578,0.022374225005478365,0.00011348761472618207,39.45051574707031,0.013602226041257381,0.0017562442226335406
28,000000363875__picasso_self_portrait,cuda,False,256,0.0021399500001280103,0.007238925001729513,0.0003301249998912681,0.012264050001249416,0.021973050002998207,0.0001042950534611009,39.817359924316406,0.013577628880739212,0.0015474851243197918
28,000000363875__trial,cuda,False,256,0.0021399500001280103,0.007238925001729513,0.0003301249998912681,0.012264050001249416,0.021973050002998207,0.00010284859308740124,39.87801742553711,0.013375723734498024,0.0014629215002059937
28,000000363875__woman_with_hat_matisse,cuda,False,256,0.0021399500001280103,0.007238925001729513,0.0003301249998912681,0.012264050001249416,0.021973050002998207,0.00011492356134112924,39.39590835571289,0.013603695668280125,0.0015793852508068085
28,000000482970__antimonocromatismo,cuda,False,256,0.0021399500001280103,0.007238925001729513,0.0003301249998912681,0.012264050001249416,0.021973050002998207,0.00011738640023395419,39.3038215637207,0.023051870986819267,0.005776924546808004
29,000000482970__impronte_d_artista,cuda,False,256,0.0023428999993484467,0.007393150001007598,0.0005611499982478563,0.012662475000979612,0.022959674999583513,0.00011573708616197109,39.365272521972656,0.023188218474388123,0.0057228850200772285
29,000000482970__picasso_self_portrait,cuda,False,256,0.0023428999993484467,0.007393150001007598,0.0005611499982478563,0.012662475000979612,0.022959674999583513,0.00011036230716854334,39.57179260253906,0.022944480180740356,0.005346424411982298
29,000000482970__trial,cuda,False,256,0.0023428999993484467,0.007393150001007598,0.0005611499982478563,0.012662475000979612,0.022959674999583513,0.00011629365326371044,39.34444046020508,0.023078899830579758,0.005938956048339605
29,000000482970__woman_with_hat_matisse,cuda,False,256,0.0023428999993484467,0.007393150001007598,0.0005611499982478563,0.012662475000979612,0.022959674999583513,0.0001153438352048397,39.38005447387695,0.023086214438080788,0.00554592814296484
30,000000458790__antimonocromatismo,cuda,False,256,0.0021723000027122907,0.007286250001925509,0.00033054999948944896,0.012247049999132287,0.022036150003259536,0.00010323197057005018,39.86185836791992,0.008921959437429905,0.001265247818082571
30,000000458790__impronte_d_artista,cuda,False,256,0.0021723000027122907,0.007286250001925509,0.00033054999948944896,0.012247049999132287,0.022036150003259536,0.00010561679664533585,39.762672424316406,0.008602476678788662,0.0015959737356752157
30,000000458790__picasso_self_portrait,cuda,False,256,0.0021723000027122907,0.007286250001925509,0.00033054999948944896,0.012247049999132287,0.022036150003259536,0.00010119537910213694,39.948394775390625,0.008842475712299347,0.0012092296965420246
30,000000458790__trial,cuda,False,256,0.0021723000027122907,0.007286250001925509,0.00033054999948944896,0.012247049999132287,0.022036150003259536,0.00010905752424150705,39.62344741821289,0.008596795611083508,0.0015759558882564306
31,000000458790__woman_with_hat_matisse,cuda,False,256,0.002260224999190541,0.007278174998646136,0.00035295000270707533,0.012351924997346941,0.022243274997890694,0.00010809942614287138,39.66176986694336,0.00869988277554512,0.0012791715562343597
31,000000061471__antimonocromatismo,cuda,False,256,0.002260224999190541,0.007278174998646136,0.00035295000270707533,0.012351924997346941,0.022243274997890694,0.00010675371595425531,39.71617126464844,0.009979275986552238,0.0009374934015795588
31,000000061471__impronte_d_artista,cuda,False,256,0.002260224999190541,0.007278174998646136,0.00035295000270707533,0.012351924997346941,0.022243274997890694,0.000108379426819738,39.65053176879883,0.009521578438580036,0.0011221215827390552
31,000000061471__picasso_self_portrait,cuda,False,256,0.002260224999190541,0.007278174998646136,0.00035295000270707533,0.012351924997346941,0.022243274997890694,0.00010719610145315528,39.698211669921875,0.009695684537291527,0.0009420681744813919
32,000000061471__trial,cuda,False,256,0.0021464249985001516,0.007504049997805851,0.0007299999997485429,0.012401750002027256,0.0227822249980818,0.0001099355285987258,39.588619232177734,0.009528014808893204,0.0010982989333570004
32,000000061471__woman_with_hat_matisse,cuda,False,256,0.0021464249985001516,0.007504049997805851,0.0007299999997485429,0.012401750002027256,0.0227822249980818,0.00010844543430721387,39.64788818359375,0.009554032236337662,0.001077939523383975
32,000000464476__antimonocromatismo,cuda,False,256,0.0021464249985001516,0.007504049997805851,0.0007299999997485429,0.012401750002027256,0.0227822249980818,0.0001028688857331872,39.87716293334961,0.011599937453866005,0.0013024493819102645
32,000000464476__impronte_d_artista,cuda,False,256,0.0021464249985001516,0.007504049997805851,0.0007299999997485429,0.012401750002027256,0.0227822249980818,9.627814870327711e-05,40.16472244262695,0.01143324002623558,0.0012818005634471774
33,000000464476__picasso_self_portrait,cuda,False,256,0.0021344249980757013,0.007249399997817818,0.000305574998492375,0.012331000001722714,0.02202039999610861,0.00010133264004252851,39.9425048828125,0.011594347655773163,0.0013186933938413858
33,000000464476__trial,cuda,False,256,0.0021344249980757013,0.007249399997817818,0.000305574998492375,0.012331000001722714,0.02202039999610861,0.00010427846427774057,39.81805419921875,0.011453555896878242,0.0013847323134541512
33,000000464476__woman_with_hat_matisse,cuda,False,256,0.0021344249980757013,0.007249399997817818,0.000305574998492375,0.012331000001722714,0.02202039999610861,9.910848893923685e-05,40.03889083862305,0.011500369757413864,0.0012505570193752646
33,000000399655__antimonocromatismo,cuda,False,256,0.0021344249980757013,0.007249399997817818,0.000305574998492375,0.012331000001722714,0.02202039999610861,9.637855691835284e-05,40.16019821166992,0.008334942162036896,0.0006530475802719593
34,000000399655__impronte_d_artista,cuda,False,256,0.0024212749995058402,0.0073666250027599744,0.0003409999990253709,0.012233974997798214,0.0223628749990894,0.00010635208309395239,39.732540130615234,0.008124938234686852,0.0006924254703335464
34,000000399655__picasso_self_portrait,cuda,False,256,0.0024212749995058402,0.0073666250027599744,0.0003409999990253709,0.012233974997798214,0.0223628749990894,0.0001008840263239108,39.96177673339844,0.008268797770142555,0.0008168179774656892
34,000000399655__trial,cuda,False,256,0.0024212749995058402,0.0073666250027599744,0.0003409999990253709,0.012233974997798214,0.0223628749990894,0.00010642473353073001,39.72957229614258,0.008282830938696861,0.0009337374358437955
34,000000399655__woman_with_hat_matisse,cuda,False,256,0.0024212749995058402,0.0073666250027599744,0.0003409999990253709,0.012233974997798214,0.0223628749990894,9.981722541851923e-05,40.00794219970703,0.008400620892643929,0.00048746069660410285
35,000000448810__antimonocromatismo,cuda,False,256,0.0021642749998136424,0.007244749998790212,0.0002853500009223353,0.012407649999659043,0.022102024999185232,0.00012797824456356466,38.92864227294922,0.02284918539226055,0.004696590825915337
35,000000448810__impronte_d_artista,cuda,False,256,0.0021642749998136424,0.007244749998790212,0.0002853500009223353,0.012407649999659043,0.022102024999185232,0.00012957994476892054,38.8746223449707,0.023001648485660553,0.005095063708722591
35,000000448810__picasso_self_portrait,cuda,False,256,0.0021642749998136424,0.007244749998790212,0.0002853500009223353,0.012407649999659043,0.022102024999185232,0.00012343644630163908,39.0855712890625,0.02284645289182663,0.004696330521255732
35,000000448810__trial,cuda,False,256,0.0021642749998136424,0.007244749998790212,0.0002853500009223353,0.012407649999659043,0.022102024999185232,0.0001238299737451598,39.07174301147461,0.022928545251488686,0.005225589498877525
36,000000448810__woman_with_hat_matisse,cuda,False,256,0.002142624998668907,0.007265725002071122,0.00033282500226050615,0.01225157500084606,0.021992750003846595,0.0001334143162239343,38.74797821044922,0.022990554571151733,0.005024302285164595
36,000000365095__antimonocromatismo,cuda,False,256,0.002142624998668907,0.007265725002071122,0.00033282500226050615,0.01225157500084606,0.021992750003846595,0.00011711393017321825,39.31391525268555,0.009852340444922447,0.00431080162525177
36,000000365095__impronte_d_artista,cuda,False,256,0.002142624998668907,0.007265725002071122,0.00033282500226050615,0.01225157500084606,0.021992750003846595,0.00012278265785425901,39.10862731933594,0.009458103217184544,0.004350027069449425
36,000000365095__picasso_self_portrait,cuda,False,256,0.002142624998668907,0.007265725002071122,0.00033282500226050615,0.01225157500084606,0.021992750003846595,0.00011359401833033189,39.44644546508789,0.009566622786223888,0.004304227884858847
37,000000365095__trial,cuda,False,256,0.0024085250006464776,0.007402074999845354,0.00033827500010374933,0.012252675001946045,0.022401550002541626,0.0001260251010535285,38.99542999267578,0.009499097242951393,0.004429459571838379
37,000000365095__woman_with_hat_matisse,cuda,False,256,0.0024085250006464776,0.007402074999845354,0.00033827500010374933,0.012252675001946045,0.022401550002541626,0.00011687995720421895,39.322601318359375,0.009419877082109451,0.004189305007457733
37,000000262631__antimonocromatismo,cuda,False,256,0.0024085250006464776,0.007402074999845354,0.00033827500010374933,0.012252675001946045,0.022401550002541626,0.00010947381815640256,39.60689926147461,0.01073414646089077,0.0011856144992634654
37,000000262631__impronte_d_artista,cuda,False,256,0.0024085250006464776,0.007402074999845354,0.00033827500010374933,0.012252675001946045,0.022401550002541626,0.00011751727288356051,39.29898452758789,0.010584032163023949,0.0014727020170539618
38,000000262631__picasso_self_portrait,cuda,False,256,0.0021212999999988824,0.007324549998884322,0.0003930749990104232,0.012465525000152411,0.02230444999804604,0.00010462130740052089,39.80379867553711,0.010314548388123512,0.0012444447493180633
38,000000262631__trial,cuda,False,256,0.0021212999999988824,0.007324549998884322,0.0003930749990104232,0.012465525000152411,0.02230444999804604,0.0001089357101591304,39.628299713134766,0.010477692820131779,0.0012343277921900153
38,000000262631__woman_with_hat_matisse,cuda,False,256,0.0021212999999988824,0.007324549998884322,0.0003930749990104232,0.012465525000152411,0.02230444999804604,0.00011798563355114311,39.281707763671875,0.010481683537364006,0.0012402951251715422
38,000000170545__antimonocromatismo,cuda,False,256,0.0021212999999988824,0.007324549998884322,0.0003930749990104232,0.012465525000152411,0.02230444999804604,9.566778317093849e-05,40.192344665527344,0.007914619520306587,0.0006048382492735982
39,000000170545__impronte_d_artista,cuda,False,256,0.002445875001285458,0.0073103499998978805,0.0003283749974798411,0.01238539999758359,0.02246999999624677,9.65097569860518e-05,40.15428924560547,0.008113621734082699,0.000701007666066289
39,000000170545__picasso_self_portrait,cuda,False,256,0.002445875001285458,0.0073103499998978805,0.0003283749974798411,0.01238539999758359,0.02246999999624677,9.333685738965869e-05,40.29947280883789,0.007768262177705765,0.0006250631995499134
39,000000170545__trial,cuda,False,256,0.002445875001285458,0.0073103499998978805,0.0003283749974798411,0.01238539999758359,0.02246999999624677,9.695843618828803e-05,40.1341438293457,0.008052376098930836,0.0008496933151036501
39,000000170545__woman_with_hat_matisse,cuda,False,256,0.002445875001285458,0.0073103499998978805,0.0003283749974798411,0.01238539999758359,0.02246999999624677,9.856526594376191e-05,40.06275939941406,0.00787811353802681,0.0005626332713291049
40,000000031735__antimonocromatismo,cuda,False,256,0.0021316999991540797,0.007205850000900682,0.00029712499963352457,0.012325924999458948,0.021960599999147234,9.943022450897843e-05,40.02481460571289,0.011763472110033035,0.001174956327304244
40,000000031735__impronte_d_artista,cuda,False,256,0.0021316999991540797,0.007205850000900682,0.00029712499963352457,0.012325924999458948,0.021960599999147234,0.00010315819963579997,39.86496353149414,0.01164734922349453,0.0014431558083742857
40,000000031735__picasso_self_portrait,cuda,False,256,0.0021316999991540797,0.007205850000900682,0.00029712499963352457,0.012325924999458948,0.021960599999147234,9.449676144868135e-05,40.24583435058594,0.011868498288094997,0.0012909413781017065
40,000000031735__trial,cuda,False,256,0.0021316999991540797,0.007205850000900682,0.00029712499963352457,0.012325924999458948,0.021960599999147234,0.00010229098552372307,39.90162658691406,0.01156037300825119,0.0014476979849860072
41,000000031735__woman_with_hat_matisse,cuda,False,256,0.0021497499983524904,0.00728447499932372,0.00031194999974104576,0.012225550002767704,0.02197172500018496,0.0001019345290842466,39.91679000854492,0.011675268411636353,0.0012895883992314339
41,000000005992__antimonocromatismo,cuda,False,256,0.0021497499983524904,0.00728447499932372,0.00031194999974104576,0.012225550002767704,0.02197172500018496,0.00010770808876259252,39.677513122558594,0.010448811575770378,0.0016868188977241516
41,000000005992__impronte_d_artista,cuda,False,256,0.0021497499983524904,0.00728447499932372,0.00031194999974104576,0.012225550002767704,0.02197172500018496,0.0001157667938969098,39.364158630371094,0.010420020669698715,0.002008243463933468
41,000000005992__picasso_self_portrait,cuda,False,256,0.0021497499983524904,0.00728447499932372,0.00031194999974104576,0.012225550002767704,0.02197172500018496,0.00010939489584416151,39.61003112792969,0.01006058044731617,0.0016191437607631087
42,000000005992__trial,cuda,False,256,0.002227925000624964,0.00738900000214926,0.000552274999790825,0.01262019999921904,0.022789400001784088,0.00011653067485895008,39.33559799194336,0.010169639252126217,0.002099643461406231
42,000000005992__woman_with_hat_matisse,cuda,False,256,0.002227925000624964,0.00738900000214926,0.000552274999790825,0.01262019999921904,0.022789400001784088,0.00011011329479515553,39.581607818603516,0.010381927713751793,0.0017812540754675865
42,000000519338__antimonocromatismo,cuda,False,256,0.002227925000624964,0.00738900000214926,0.000552274999790825,0.01262019999921904,0.022789400001784088,0.00011221108434256166,39.4996452331543,0.01830962859094143,0.0032522380352020264
42,000000519338__impronte_d_artista,cuda,False,256,0.002227925000624964,0.00738900000214926,0.000552274999790825,0.01262019999921904,0.022789400001784088,0.00011982680734945461,39.21446228027344,0.01817905344069004,0.003772543743252754
43,000000519338__picasso_self_portrait,cuda,False,256,0.002252099999168422,0.007163325000874465,0.0002927250025095418,0.012215350001497427,0.021923500004049856,0.00011300596815999597,39.46898651123047,0.017987556755542755,0.0034793359227478504
43,000000519338__trial,cuda,False,256,0.002252099999168422,0.007163325000874465,0.0002927250025095418,0.012215350001497427,0.021923500004049856,0.00011048026499338448,39.56715393066406,0.017943615093827248,0.0036689683329313993
43,000000519338__woman_with_hat_matisse,cuda,False,256,0.002252099999168422,0.007163325000874465,0.0002927250025095418,0.012215350001497427,0.021923500004049856,0.00012077841529389843,39.18010711669922,0.018191449344158173,0.0036314730532467365
43,000000354072__antimonocromatismo,cuda,False,256,0.002252099999168422,0.007163325000874465,0.0002927250025095418,0.012215350001497427,0.021923500004049856,0.00010712978837545961,39.70090103149414,0.008366093970835209,0.0011188636999577284
44,000000354072__impronte_d_artista,cuda,False,256,0.0021266250005282927,0.007258875000843545,0.0003245250009058509,0.012238700001034886,0.021948725003312575,9.080224845092744e-05,40.419036865234375,0.008016087114810944,0.0011600784491747618
44,000000354072__picasso_self_portrait,cuda,False,256,0.0021266250005282927,0.007258875000843545,0.0003245250009058509,0.012238700001034886,0.021948725003312575,0.0001036622779793106,39.84379577636719,0.008308950811624527,0.0011848305584862828
44,000000354072__trial,cuda,False,256,0.0021266250005282927,0.007258875000843545,0.0003245250009058509,0.012238700001034886,0.021948725003312575,0.00010258054680889472,39.88935089111328,0.008127426728606224,0.0011952465865761042
44,000000354072__woman_with_hat_matisse,cuda,False,256,0.0021266250005282927,0.007258875000843545,0.0003245250009058509,0.012238700001034886,0.021948725003312575,0.00010582039249129593,39.75430679321289,0.008121938444674015,0.0011360901407897472
45,000000186282__antimonocromatismo,cuda,False,256,0.0021226249991741497,0.007288175002031494,0.00034189999860245734,0.01257505000103265,0.02232775000084075,0.00010806729551404715,39.663055419921875,0.01469801738858223,0.0018443393055349588
45,000000186282__impronte_d_artista,cuda,False,256,0.0021226249991741497,0.007288175002031494,0.00034189999860245734,0.01257505000103265,0.02232775000084075,0.00010153598850592971,39.933799743652344,0.014675655402243137,0.002000183332711458
45,000000186282__picasso_self_portrait,cuda,False,256,0.0021226249991741497,0.007288175002031494,0.00034189999860245734,0.01257505000103265,0.02232775000084075,0.00010518392082303762,39.78050994873047,0.014758394099771976,0.0018803493585437536
45,000000186282__trial,cuda,False,256,0.0021226249991741497,0.007288175002031494,0.00034189999860245734,0.01257505000103265,0.02232775000084075,0.0001049420316121541,39.790504455566406,0.014541763812303543,0.001824970357120037
46,000000186282__woman_with_hat_matisse,cuda,False,256,0.0021644500011461787,0.007345975001953775,0.00033289999919361435,0.012359175001620315,0.022202500003913883,0.00010611336620058864,39.74230194091797,0.014950361102819443,0.0019140003714710474
46,000000255824__antimonocromatismo,cuda,False,256,0.0021644500011461787,0.007345975001953775,0.00033289999919361435,0.012359175001620315,0.022202500003913883,0.0001091461381292902,39.61991882324219,0.008369462564587593,0.0009200309286825359
46,000000255824__impronte_d_artista,cuda,False,256,0.0021644500011461787,0.007345975001953775,0.00033289999919361435,0.012359175001620315,0.022202500003913883,0.00010607617150526494,39.74382019042969,0.008114553056657314,0.0010585831478238106
46,000000255824__picasso_self_portrait,cuda,False,256,0.0021644500011461787,0.007345975001953775,0.00033289999919361435,0.012359175001620315,0.022202500003913883,9.872100781649351e-05,40.055908203125,0.008641219697892666,0.0009347039740532637
47,000000255824__trial,cuda,False,256,0.002497274999768706,0.007331950000661891,0.0003240749974793289,0.012424274998920737,0.022577574996830663,0.00010854133870452642,39.64405059814453,0.008106752298772335,0.0010487001854926348
47,000000255824__woman_with_hat_matisse,cuda,False,256,0.002497274999768706,0.007331950000661891,0.0003240749974793289,0.012424274998920737,0.022577574996830663,0.00010462528734933585,39.80363464355469,0.008436055853962898,0.0008800795185379684
47,000000479099__antimonocromatismo,cuda,False,256,0.002497274999768706,0.007331950000661891,0.0003240749974793289,0.012424274998920737,0.022577574996830663,0.00012021659495076165,39.200355529785156,0.014706477522850037,0.006070568226277828
47,000000479099__impronte_d_artista,cuda,False,256,0.002497274999768706,0.007331950000661891,0.0003240749974793289,0.012424274998920737,0.022577574996830663,0.00012804786092601717,38.92627716064453,0.014319787733256817,0.006455523427575827
48,000000479099__picasso_self_portrait,cuda,False,256,0.0022076999994169455,0.007317075000173645,0.00033215000075870194,0.012425849999999627,0.02228277500034892,0.00011802193330368027,39.280372619628906,0.014626150950789452,0.005609501153230667
48,000000479099__trial,cuda,False,256,0.0022076999994169455,0.007317075000173645,0.00033215000075870194,0.012425849999999627,0.02228277500034892,0.0001257622061530128,39.00450134277344,0.014748722314834595,0.006245319731533527
48,000000479099__woman_with_hat_matisse,cuda,False,256,0.0022076999994169455,0.007317075000173645,0.00033215000075870194,0.012425849999999627,0.02228277500034892,0.0001221953280037269,39.12945556640625,0.014745373278856277,0.006365450099110603
48,000000533493__antimonocromatismo,cuda,False,256,0.0022076999994169455,0.007317075000173645,0.00033215000075870194,0.012425849999999627,0.02228277500034892,9.001496800919995e-05,40.456851959228516,0.008455304428935051,0.0011437957873567939
49,000000533493__impronte_d_artista,cuda,False,256,0.0024338000002899207,0.007508824997785268,0.0006534999993164092,0.012770474997523706,0.023366599994915305,8.534819062333554e-05,40.68805694580078,0.00889497809112072,0.0013124409597367048
49,000000533493__picasso_self_portrait,cuda,False,256,0.0024338000002899207,0.007508824997785268,0.0006534999993164092,0.012770474997523706,0.023366599994915305,8.894145139493048e-05,40.50895690917969,0.008778637275099754,0.001348561025224626
49,000000533493__trial,cuda,False,256,0.0024338000002899207,0.007508824997785268,0.0006534999993164092,0.012770474997523706,0.023366599994915305,9.27843211684376e-05,40.32525634765625,0.008710363879799843,0.0011540914420038462
49,000000533493__woman_with_hat_matisse,cuda,False,256,0.0024338000002899207,0.007508824997785268,0.0006534999993164092,0.012770474997523706,0.023366599994915305,9.34367926674895e-05,40.29481887817383,0.008745914325118065,0.0012109450763091445
50,000000290768__antimonocromatismo,cuda,False,256,0.0022808749999967404,0.007151475001592189,0.0003130249970126897,0.012336075000348501,0.02208144999895012,0.00010996797936968505,39.587337493896484,0.01414451003074646,0.0014586234465241432
50,000000290768__impronte_d_artista,cuda,False,256,0.0022808749999967404,0.007151475001592189,0.0003130249970126897,0.012336075000348501,0.02208144999895012,0.00011021694808732718,39.577518463134766,0.014134464785456657,0.0015861827414482832
50,000000290768__picasso_self_portrait,cuda,False,256,0.0022808749999967404,0.007151475001592189,0.0003130249970126897,0.012336075000348501,0.02208144999895012,0.00011185213224962354,39.51355743408203,0.01402073260396719,0.001726512098684907
50,000000290768__trial,cuda,False,256,0.0022808749999967404,0.007151475001592189,0.0003130249970126897,0.012336075000348501,0.02208144999895012,0.00010769024811452255,39.67823791503906,0.013988795690238476,0.001479869126342237
51,000000290768__woman_with_hat_matisse,cuda,False,256,0.0022698000029777177,0.007144949999201344,0.0002871249998861458,0.012344274997303728,0.022046149999368936,0.00011426255514379591,39.420963287353516,0.014230970293283463,0.0015714819310232997
51,000000193348__antimonocromatismo,cuda,False,256,0.0022698000029777177,0.007144949999201344,0.0002871249998861458,0.012344274997303728,0.022046149999368936,9.40358149819076e-05,40.26707077026367,0.006294853053987026,0.00045367650454863906
51,000000193348__impronte_d_artista,cuda,False,256,0.0022698000029777177,0.007144949999201344,0.0002871249998861458,0.012344274997303728,0.022046149999368936,9.17130964808166e-05,40.37568664550781,0.006171031389385462,0.0004870460834354162
51,000000193348__picasso_self_portrait,cuda,False,256,0.0022698000029777177,0.007144949999201344,0.0002871249998861458,0.012344274997303728,0.022046149999368936,8.890372555470094e-05,40.51080322265625,0.006321733817458153,0.0005468963645398617
52,000000193348__trial,cuda,False,256,0.0025187999999616295,0.0073633499996503815,0.0003388250006537419,0.012242450000485405,0.022463425000751158,0.00010025434312410653,39.98896789550781,0.006150855217128992,0.0005840539233759046
52,000000193348__woman_with_hat_matisse,cuda,False,256,0.0025187999999616295,0.0073633499996503815,0.0003388250006537419,0.012242450000485405,0.022463425000751158,9.34251511353068e-05,40.29536437988281,0.006100458092987537,0.00041933785541914403
52,000000572555__antimonocromatismo,cuda,False,256,0.0025187999999616295,0.0073633499996503815,0.0003388250006537419,0.012242450000485405,0.022463425000751158,0.00010895404557231814,39.627567291259766,0.01816670596599579,0.002097784075886011
52,000000572555__impronte_d_artista,cuda,False,256,0.0025187999999616295,0.0073633499996503815,0.0003388250006537419,0.012242450000485405,0.022463425000751158,0.00011285893560852855,39.474639892578125,0.018304739147424698,0.0024077678099274635
53,000000572555__picasso_self_portrait,cuda,False,256,0.002149075000488665,0.00727467500109924,0.0003130750010313932,0.012215799997647991,0.02195262500026729,0.00011224490299355239,39.49833679199219,0.017962820827960968,0.0024398579262197018
53,000000572555__trial,cuda,False,256,0.002149075000488665,0.00727467500109924,0.0003130750010313932,0.012215799997647991,0.02195262500026729,0.00010885356459766626,39.63157653808594,0.018178077414631844,0.002671492053195834
53,000000572555__woman_with_hat_matisse,cuda,False,256,0.002149075000488665,0.00727467500109924,0.0003130750010313932,0.012215799997647991,0.02195262500026729,0.00011783374793594703,39.28730392456055,0.018176984041929245,0.0023871236480772495
53,000000572956__antimonocromatismo,cuda,False,256,0.002149075000488665,0.00727467500109924,0.0003130750010313932,0.012215799997647991,0.02195262500026729,0.00011582474689930677,39.36198806762695,0.018307724967598915,0.0026184916496276855
54,000000572956__impronte_d_artista,cuda,False,256,0.002585425001598196,0.0073073749990726355,0.0003408249976928346,0.01225127500219969,0.022484900000563357,0.00012016371329082176,39.202266693115234,0.018351538106799126,0.002871459349989891
54,000000572956__picasso_self_portrait,cuda,False,256,0.002585425001598196,0.0073073749990726355,0.0003408249976928346,0.01225127500219969,0.022484900000563357,0.00011102531425422058,39.545780181884766,0.018052419647574425,0.0024452791549265385
54,000000572956__trial,cuda,False,256,0.002585425001598196,0.0073073749990726355,0.0003408249976928346,0.01225127500219969,0.022484900000563357,0.00011152843944728374,39.52614212036133,0.018061190843582153,0.0025736321695148945
54,000000572956__woman_with_hat_matisse,cuda,False,256,0.002585425001598196,0.0073073749990726355,0.0003408249976928346,0.01225127500219969,0.022484900000563357,0.00012063646863680333,39.18521499633789,0.018364306539297104,0.002627507783472538
55,000000197658__antimonocromatismo,cuda,False,256,0.0021598500024992973,0.007515925000916468,0.0006798499998694751,0.012316600001213374,0.022672225004498614,0.00011023398110410199,39.576847076416016,0.014798873104155064,0.0018027096521109343
55,000000197658__impronte_d_artista,cuda,False,256,0.0021598500024992973,0.007515925000916468,0.0006798499998694751,0.012316600001213374,0.022672225004498614,0.0001052297157002613,39.77861785888672,0.01469174399971962,0.0020081615075469017
55,000000197658__picasso_self_portrait,cuda,False,256,0.0021598500024992973,0.007515925000916468,0.0006798499998694751,0.012316600001213374,0.022672225004498614,0.00010790212400024757,39.669700622558594,0.014860058203339577,0.0019330424256622791
55,000000197658__trial,cuda,False,256,0.0021598500024992973,0.007515925000916468,0.0006798499998694751,0.012316600001213374,0.022672225004498614,0.00010481842036824673,39.79562759399414,0.014558094553649426,0.0019393039401620626
56,000000197658__woman_with_hat_matisse,cuda,False,256,0.0021215500019025058,0.0072502249968238175,0.00031999999919207767,0.012252675001946045,0.021944449999864446,0.0001081732043530792,39.65880584716797,0.014957697130739689,0.0018172415439039469
56,000000084650__antimonocromatismo,cuda,False,256,0.0021215500019025058,0.0072502249968238175,0.00031999999919207767,0.012252675001946045,0.021944449999864446,0.00010438408207846805,39.81365966796875,0.012955223210155964,0.0015348270535469055
56,000000084650__impronte_d_artista,cuda,False,256,0.0021215500019025058,0.0072502249968238175,0.00031999999919207767,0.012252675001946045,0.021944449999864446,0.00011139438720420003,39.531368255615234,0.012931453064084053,0.0018370163161307573
56,000000084650__picasso_self_portrait,cuda,False,256,0.0021215500019025058,0.0072502249968238175,0.00031999999919207767,0.012252675001946045,0.021944449999864446,0.00010181620018556714,39.92183303833008,0.012665105983614922,0.0015311602037400007
57,000000084650__trial,cuda,False,256,0.002505475000361912,0.007088799997291062,0.0002979750024678651,0.012395300000207499,0.022287550000328338,0.00010648022725945339,39.72731399536133,0.012719875201582909,0.0017772754654288292
57,000000084650__woman_with_hat_matisse,cuda,False,256,0.002505475000361912,0.007088799997291062,0.0002979750024678651,0.012395300000207499,0.022287550000328338,0.00010610633762553334,39.74258804321289,0.012904850766062737,0.0015594509895890951
57,000000224119__antimonocromatismo,cuda,False,256,0.002505475000361912,0.007088799997291062,0.0002979750024678651,0.012395300000207499,0.022287550000328338,9.481306187808514e-05,40.231319427490234,0.010707171633839607,0.0014921275433152914
57,000000224119__impronte_d_artista,cuda,False,256,0.002505475000361912,0.007088799997291062,0.0002979750024678651,0.012395300000207499,0.022287550000328338,9.585316001903266e-05,40.183937072753906,0.01087722647935152,0.001614210894331336
58,000000224119__picasso_self_portrait,cuda,False,256,0.00226594999912777,0.00732369999968796,0.00033495000025141053,0.01235912500123959,0.02228372500030673,8.838785288389772e-05,40.53607940673828,0.010668613016605377,0.0015116732101887465
58,000000224119__trial,cuda,False,256,0.00226594999912777,0.00732369999968796,0.00033495000025141053,0.01235912500123959,0.02228372500030673,9.823598520597443e-05,40.077293395996094,0.010892516933381557,0.0016296873800456524
58,000000224119__woman_with_hat_matisse,cuda,False,256,0.00226594999912777,0.00732369999968796,0.00033495000025141053,0.01235912500123959,0.02228372500030673,9.653938468545675e-05,40.1529541015625,0.010907990857958794,0.0013516307808458805
58,000000137106__antimonocromatismo,cuda,False,256,0.00226594999912777,0.00732369999968796,0.00033495000025141053,0.01235912500123959,0.02228372500030673,0.00010688697511795908,39.71075439453125,0.00673900730907917,0.0005099940462969244
59,000000137106__impronte_d_artista,cuda,False,256,0.0022554250026587397,0.007199899999250192,0.0003356750021339394,0.012265999997907784,0.022057000001950655,9.779733954928815e-05,40.09673309326172,0.006286891642957926,0.00048566615441814065
59,000000137106__picasso_self_portrait,cuda,False,256,0.0022554250026587397,0.007199899999250192,0.0003356750021339394,0.012265999997907784,0.022057000001950655,0.0001017213799059391,39.925880432128906,0.006693991832435131,0.00042160096927545965
59,000000137106__trial,cuda,False,256,0.0022554250026587397,0.007199899999250192,0.0003356750021339394,0.012265999997907784,0.022057000001950655,0.00010307857155567035,39.86832046508789,0.006313527002930641,0.00047453836305066943
59,000000137106__woman_with_hat_matisse,cuda,False,256,0.0022554250026587397,0.007199899999250192,0.0003356750021339394,0.012265999997907784,0.022057000001950655,0.00010484279482625425,39.79461669921875,0.006518356502056122,0.00038527086144313216
60,000000084170__antimonocromatismo,cuda,False,256,0.00239947500085691,0.007425974999932805,0.0003957250009989366,0.012340375000349013,0.022561550002137665,0.00010604456474538893,39.7451171875,0.013894983567297459,0.0014418758219107985
60,000000084170__impronte_d_artista,cuda,False,256,0.00239947500085691,0.007425974999932805,0.0003957250009989366,0.012340375000349013,0.022561550002137665,0.00010989861038979143,39.59008026123047,0.013811460696160793,0.0015604103682562709
60,000000084170__picasso_self_portrait,cuda,False,256,0.00239947500085691,0.007425974999932805,0.0003957250009989366,0.012340375000349013,0.022561550002137665,0.00010189634485868737,39.91841125488281,0.013683897443115711,0.001508592627942562
60,000000084170__trial,cuda,False,256,0.00239947500085691,0.007425974999932805,0.0003957250009989366,0.012340375000349013,0.022561550002137665,0.0001087347263819538,39.63631820678711,0.01382474135607481,0.0016110893338918686
61,000000084170__woman_with_hat_matisse,cuda,False,256,0.0022535249991051387,0.007151425001211464,0.00034602500090841204,0.01233532499827561,0.022086299999500625,0.00010988295980496332,39.5906982421875,0.013723582960665226,0.0014244066551327705
61,000000344614__antimonocromatismo,cuda,False,256,0.0022535249991051387,0.007151425001211464,0.00034602500090841204,0.01233532499827561,0.022086299999500625,0.0001188004607683979,39.2518196105957,0.013852208852767944,0.001951180282048881
61,000000344614__impronte_d_artista,cuda,False,256,0.0022535249991051387,0.007151425001211464,0.00034602500090841204,0.01233532499827561,0.022086299999500625,0.0001233600196428597,39.0882568359375,0.013825254514813423,0.0021237744949758053
61,000000344614__picasso_self_portrait,cuda,False,256,0.0022535249991051387,0.007151425001211464,0.00034602500090841204,0.01233532499827561,0.022086299999500625,0.00011497618106659502,39.3939208984375,0.013789121992886066,0.001988033764064312
62,000000344614__trial,cuda,False,256,0.002245249997940846,0.0074873499979730695,0.0005958250003459398,0.012535449997812975,0.02286387499407283,0.00011900404933840036,39.244384765625,0.01367846317589283,0.0019262726418673992
62,000000344614__woman_with_hat_matisse,cuda,False,256,0.002245249997940846,0.0074873499979730695,0.0005958250003459398,0.012535449997812975,0.02286387499407283,0.0001255752722499892,39.01095962524414,0.013858693651854992,0.0021539987064898014
62,000000315187__antimonocromatismo,cuda,False,256,0.002245249997940846,0.0074873499979730695,0.0005958250003459398,0.012535449997812975,0.02286387499407283,0.00010976682824548334,39.59529113769531,0.01661684922873974,0.0023832370061427355
62,000000315187__impronte_d_artista,cuda,False,256,0.002245249997940846,0.0074873499979730695,0.0005958250003459398,0.012535449997812975,0.02286387499407283,0.00010451041453052312,39.80840301513672,0.016514543443918228,0.002455203328281641
63,000000315187__picasso_self_portrait,cuda,False,256,0.0021383000021160115,0.007291350000741659,0.0003346999983477872,0.012265375000424683,0.02202972500163014,0.00010297454718966037,39.87269973754883,0.016477517783641815,0.002367113484069705
63,000000315187__trial,cuda,False,256,0.0021383000021160115,0.007291350000741659,0.0003346999983477872,0.012265375000424683,0.02202972500163014,0.0001056545734172687,39.76111602783203,0.016478566452860832,0.00241098552942276
63,000000315187__woman_with_hat_matisse,cuda,False,256,0.0021383000021160115,0.007291350000741659,0.0003346999983477872,0.012265375000424683,0.02202972500163014,0.00010504492092877626,39.786251068115234,0.016636773943901062,0.002150953747332096
63,000000314182__antimonocromatismo,cuda,False,256,0.0021383000021160115,0.007291350000741659,0.0003346999983477872,0.012265375000424683,0.02202972500163014,0.00010545674012973905,39.769256591796875,0.014124048873782158,0.002105357125401497
64,000000314182__impronte_d_artista,cuda,False,256,0.0024018250005610753,0.0072944499988807365,0.0003007000013894867,0.012320600002567517,0.022317575003398815,0.00011103373253718019,39.54545211791992,0.014188751578330994,0.00294249108992517
64,000000314182__picasso_self_portrait,cuda,False,256,0.0024018250005610753,0.0072944499988807365,0.0003007000013894867,0.012320600002567517,0.022317575003398815,9.801113628782332e-05,40.08724594116211,0.01401442475616932,0.00194818084128201
64,000000314182__trial,cuda,False,256,0.0024018250005610753,0.0072944499988807365,0.0003007000013894867,0.012320600002567517,0.022317575003398815,0.00010783235484268516,39.672508239746094,0.01393217220902443,0.002589757088571787
64,000000314182__woman_with_hat_matisse,cuda,False,256,0.0024018250005610753,0.0072944499988807365,0.0003007000013894867,0.012320600002567517,0.022317575003398815,0.00010542037489358336,39.770755767822266,0.014260188676416874,0.0024373759515583515
65,000000578500__antimonocromatismo,cuda,False,256,0.0022693249993608333,0.007174800000939285,0.00032072499743662775,0.012322524999035522,0.02208737499677227,0.00010851021943381056,39.645294189453125,0.013670184649527073,0.002048487775027752
65,000000578500__impronte_d_artista,cuda,False,256,0.0022693249993608333,0.007174800000939285,0.00032072499743662775,0.012322524999035522,0.02208737499677227,0.00011068700405303389,39.55903244018555,0.01346737053245306,0.002622449304908514
65,000000578500__picasso_self_portrait,cuda,False,256,0.0022693249993608333,0.007174800000939285,0.00032072499743662775,0.012322524999035522,0.02208737499677227,0.00010569649748504162,39.759395599365234,0.013456040062010288,0.002021209802478552
65,000000578500__trial,cuda,False,256,0.0022693249993608333,0.007174800000939285,0.00032072499743662775,0.012322524999035522,0.02208737499677227,0.00011189877841388807,39.511749267578125,0.013242588378489017,0.002603654284030199
66,000000578500__woman_with_hat_matisse,cuda,False,256,0.002130125001713168,0.0072838499982026406,0.0002964250015793368,0.012207924999529496,0.02191832500102464,0.00010702851432142779,39.70500564575195,0.013574578799307346,0.00210732314735651
66,000000010092__antimonocromatismo,cuda,False,256,0.002130125001713168,0.0072838499982026406,0.0002964250015793368,0.012207924999529496,0.02191832500102464,0.00010307042248314247,39.8686637878418,0.00872817076742649,0.0010379531886428595
66,000000010092__impronte_d_artista,cuda,False,256,0.002130125001713168,0.0072838499982026406,0.0002964250015793368,0.012207924999529496,0.02191832500102464,0.0001125428534578532,39.486820220947266,0.008459983393549919,0.0012089511146768928
66,000000010092__picasso_self_portrait,cuda,False,256,0.002130125001713168,0.0072838499982026406,0.0002964250015793368,0.012207924999529496,0.02191832500102464,0.00010583346011117101,39.75376892089844,0.008653379045426846,0.0011602106969803572
67,000000010092__trial,cuda,False,256,0.002520224999898346,0.007353500001045177,0.00028942499920958653,0.012439674999768613,0.022602824999921722,0.00011017992801498622,39.578975677490234,0.00829844269901514,0.0011237335857003927
67,000000010092__woman_with_hat_matisse,cuda,False,256,0.002520224999898346,0.007353500001045177,0.00028942499920958653,0.012439674999768613,0.022602824999921722,0.00010847628436749801,39.64665222167969,0.008543072268366814,0.000988151878118515
67,000000506656__antimonocromatismo,cuda,False,256,0.002520224999898346,0.007353500001045177,0.00028942499920958653,0.012439674999768613,0.022602824999921722,0.00010447832755744457,39.80973815917969,0.015155313536524773,0.0019459346076473594
67,000000506656__impronte_d_artista,cuda,False,256,0.002520224999898346,0.007353500001045177,0.00028942499920958653,0.012439674999768613,0.022602824999921722,0.00010619263048283756,39.73905944824219,0.015091212466359138,0.002323998138308525
68,000000506656__picasso_self_portrait,cuda,False,256,0.0021631749987136573,0.007249425001646159,0.0002725249978539068,0.01233972500267555,0.022024850000889273,0.00010316612315364182,39.864627838134766,0.01514600869268179,0.002044412773102522
68,000000506656__trial,cuda,False,256,0.0021631749987136573,0.007249425001646159,0.0002725249978539068,0.01233972500267555,0.022024850000889273,0.00010179413948208094,39.92277526855469,0.014986461959779263,0.0022385739721357822
68,000000506656__woman_with_hat_matisse,cuda,False,256,0.0021631749987136573,0.007249425001646159,0.0002725249978539068,0.01233972500267555,0.022024850000889273,0.00010779679723782465,39.67394256591797,0.015098393894731998,0.0022090631537139416
68,000000516804__antimonocromatismo,cuda,False,256,0.0021631749987136573,0.007249425001646159,0.0002725249978539068,0.01233972500267555,0.022024850000889273,0.00010132259922102094,39.942935943603516,0.011236716993153095,0.0013650961918756366
69,000000516804__impronte_d_artista,cuda,False,256,0.0021226749995548744,0.007446874999004649,0.00033290000283159316,0.012221400000271387,0.022123850001662504,8.974691445473582e-05,40.46980285644531,0.010982254520058632,0.001486444380134344
69,000000516804__picasso_self_portrait,cuda,False,256,0.0021226749995548744,0.007446874999004649,0.00033290000283159316,0.012221400000271387,0.022123850001662504,9.912304813042283e-05,40.03825759887695,0.01096670888364315,0.001399897737428546
69,000000516804__trial,cuda,False,256,0.0021226749995548744,0.007446874999004649,0.00033290000283159316,0.012221400000271387,0.022123850001662504,9.87635285127908e-05,40.05403518676758,0.01109151542186737,0.0014259826857596636
69,000000516804__woman_with_hat_matisse,cuda,False,256,0.0021226749995548744,0.007446874999004649,0.00033290000283159316,0.012221400000271387,0.022123850001662504,0.00010188602027483284,39.91885757446289,0.011046466417610645,0.001438677660189569
70,000000355677__antimonocromatismo,cuda,False,256,0.0021368499983509537,0.007109999998647254,0.0003007000013894867,0.012394974997732788,0.021942524996120483,0.00011645317863440141,39.3384895324707,0.012407807633280754,0.0029392465949058533
70,000000355677__impronte_d_artista,cuda,False,256,0.0021368499983509537,0.007109999998647254,0.0003007000013894867,0.012394974997732788,0.021942524996120483,0.00011974301742156968,39.217498779296875,0.012332635000348091,0.0029337170999497175
70,000000355677__picasso_self_portrait,cuda,False,256,0.0021368499983509537,0.007109999998647254,0.0003007000013894867,0.012394974997732788,0.021942524996120483,0.00011312816059216857,39.46429443359375,0.012143146246671677,0.00253419135697186
70,000000355677__trial,cuda,False,256,0.0021368499983509537,0.007109999998647254,0.0003007000013894867,0.012394974997732788,0.021942524996120483,0.00012387674360070378,39.07010269165039,0.012399885803461075,0.003129777265712619
71,000000355677__woman_with_hat_matisse,cuda,False,256,0.002171825002733385,0.007371725001576124,0.00039879999894765206,0.012498224998125806,0.022440575001382967,0.00011531737982295454,39.38105392456055,0.012433448806405067,0.0027442832943052053
71,000000540502__antimonocromatismo,cuda,False,256,0.002171825002733385,0.007371725001576124,0.00039879999894765206,0.012498224998125806,0.022440575001382967,0.00011353423906257376,39.448734283447266,0.013483845628798008,0.0026188630145043135
71,000000540502__impronte_d_artista,cuda,False,256,0.002171825002733385,0.007371725001576124,0.00039879999894765206,0.012498224998125806,0.022440575001382967,0.0001079104476957582,39.66936492919922,0.013570552691817284,0.002552107907831669
71,000000540502__picasso_self_portrait,cuda,False,256,0.002171825002733385,0.007371725001576124,0.00039879999894765206,0.012498224998125806,0.022440575001382967,0.00010981240484397858,39.59349060058594,0.01362304762005806,0.0025866692885756493
72,000000540502__trial,cuda,False,256,0.002153724999516271,0.007108699999662349,0.0002803999996103812,0.01253842499863822,0.02208124999742722,0.00011069617175962776,39.558677673339844,0.013546577654778957,0.002665890846401453
72,000000540502__woman_with_hat_matisse,cuda,False,256,0.002153724999516271,0.007108699999662349,0.0002803999996103812,0.01253842499863822,0.02208124999742722,0.00011433607141952962,39.41816711425781,0.0135953975841403,0.002578325103968382
72,000000530457__antimonocromatismo,cuda,False,256,0.002153724999516271,0.007108699999662349,0.0002803999996103812,0.01253842499863822,0.02208124999742722,0.00012170545960543677,39.14690017700195,0.015510817989706993,0.0018339399248361588
72,000000530457__impronte_d_artista,cuda,False,256,0.002153724999516271,0.007108699999662349,0.0002803999996103812,0.01253842499863822,0.02208124999742722,0.00012549776874948293,39.013641357421875,0.01611458510160446,0.002081470098346472
73,000000530457__picasso_self_portrait,cuda,False,256,0.002237874999991618,0.007277249998878688,0.00027919999774894677,0.01235369999994873,0.022148024996567983,0.00011703155178111047,39.31697082519531,0.015669427812099457,0.0018632755381986499
73,000000530457__trial,cuda,False,256,0.002237874999991618,0.007277249998878688,0.00027919999774894677,0.01235369999994873,0.022148024996567983,0.00011545416055014357,39.37590789794922,0.015408183448016644,0.0016747794579714537
73,000000530457__woman_with_hat_matisse,cuda,False,256,0.002237874999991618,0.007277249998878688,0.00027919999774894677,0.01235369999994873,0.022148024996567983,0.00012678845087066293,38.969207763671875,0.016280900686979294,0.0019785622134804726
73,000000369675__antimonocromatismo,cuda,False,256,0.002237874999991618,0.007277249998878688,0.00027919999774894677,0.01235369999994873,0.022148024996567983,0.00010670645860955119,39.71809387207031,0.015362482517957687,0.0018234512535855174
74,000000369675__impronte_d_artista,cuda,False,256,0.0024485250032739714,0.00719267499880516,0.00029725000058533624,0.0124028249992989,0.022341275001963368,0.00010483065852895379,39.79511642456055,0.01495918445289135,0.0019842355977743864
74,000000369675__picasso_self_portrait,cuda,False,256,0.0024485250032739714,0.00719267499880516,0.00029725000058533624,0.0124028249992989,0.022341275001963368,0.00010228209430351853,39.90200424194336,0.015259146690368652,0.0019990401342511177
74,000000369675__trial,cuda,False,256,0.0024485250032739714,0.00719267499880516,0.00029725000058533624,0.0124028249992989,0.022341275001963368,0.00010532360465731472,39.77474594116211,0.01482732780277729,0.0020294412970542908
74,000000369675__woman_with_hat_matisse,cuda,False,256,0.0024485250032739714,0.00719267499880516,0.00029725000058533624,0.0124028249992989,0.022341275001963368,0.00010804393969010562,39.663997650146484,0.015022983774542809,0.0019282907014712691
75,000000454798__antimonocromatismo,cuda,False,256,0.002373950002947822,0.0073294499998155516,0.00033252499997615814,0.012258950002433266,0.0222948750051728,0.00010424280480947345,39.819541931152344,0.010326704010367393,0.0010053177829831839
75,000000454798__impronte_d_artista,cuda,False,256,0.002373950002947822,0.0073294499998155516,0.00033252499997615814,0.012258950002433266,0.0222948750051728,0.00011344984523020685,39.45195770263672,0.010255658999085426,0.0012823420111089945
75,000000454798__picasso_self_portrait,cuda,False,256,0.002373950002947822,0.0073294499998155516,0.00033252499997615814,0.012258950002433266,0.0222948750051728,0.00010420037870062515,39.821311950683594,0.01022307574748993,0.0010358436265960336
75,000000454798__trial,cuda,False,256,0.002373950002947822,0.0073294499998155516,0.00033252499997615814,0.012258950002433266,0.0222948750051728,0.00010957929043797776,39.60271453857422,0.01007269136607647,0.0012255924521014094
76,000000454798__woman_with_hat_matisse,cuda,False,256,0.0023249000005307607,0.007421300000714837,0.0006975249998504296,0.012560600000142585,0.023004325001238612,0.000113168396637775,39.46274948120117,0.010271202772855759,0.001085180207155645
76,000000295478__antimonocromatismo,cuda,False,256,0.0023249000005307607,0.007421300000714837,0.0006975249998504296,0.012560600000142585,0.023004325001238612,0.00010692980140447617,39.709014892578125,0.010802170261740685,0.0012490571243688464
76,000000295478__impronte_d_artista,cuda,False,256,0.0023249000005307607,0.007421300000714837,0.0006975249998504296,0.012560600000142585,0.023004325001238612,0.00011234798876103014,39.494346618652344,0.01070504542440176,0.0014160419814288616
76,000000295478__picasso_self_portrait,cuda,False,256,0.0023249000005307607,0.007421300000714837,0.0006975249998504296,0.012560600000142585,0.023004325001238612,0.00010068928531836718,39.97016906738281,0.010882686823606491,0.0012070448137819767
77,000000295478__trial,cuda,False,256,0.00216165000165347,0.007485449998057447,0.0005835250012751203,0.01250557499952265,0.02273620000050869,0.0001084708928829059,39.64686584472656,0.010590197518467903,0.0013254652731120586
77,000000295478__woman_with_hat_matisse,cuda,False,256,0.00216165000165347,0.007485449998057447,0.0005835250012751203,0.01250557499952265,0.02273620000050869,0.00011141765571665019,39.53045654296875,0.01069343276321888,0.0013714311644434929
77,000000109992__antimonocromatismo,cuda,False,256,0.00216165000165347,0.007485449998057447,0.0005835250012751203,0.01250557499952265,0.02273620000050869,9.998082532547414e-05,40.00083541870117,0.007285208906978369,0.0006281798123382032
77,000000109992__impronte_d_artista,cuda,False,256,0.00216165000165347,0.007485449998057447,0.0005835250012751203,0.01250557499952265,0.02273620000050869,0.00010666226444300264,39.71989440917969,0.007025152910500765,0.0008389492286369205
78,000000109992__picasso_self_portrait,cuda,False,256,0.0021306749986251816,0.007294499999261461,0.0003349250000610482,0.012503750000178115,0.022263849998125806,9.629274427425116e-05,40.164066314697266,0.007303854450583458,0.0006163209909573197
78,000000109992__trial,cuda,False,256,0.0021306749986251816,0.007294499999261461,0.0003349250000610482,0.012503750000178115,0.022263849998125806,0.00010771979577839375,39.67704391479492,0.006970158778131008,0.0008348600822500885
78,000000109992__woman_with_hat_matisse,cuda,False,256,0.0021306749986251816,0.007294499999261461,0.0003349250000610482,0.012503750000178115,0.022263849998125806,0.00010514463065192103,39.782127380371094,0.007021738216280937,0.0005508169415406883
78,000000137294__antimonocromatismo,cuda,False,256,0.0021306749986251816,0.007294499999261461,0.0003349250000610482,0.012503750000178115,0.022263849998125806,0.00011162122245877981,39.52252960205078,0.01309400238096714,0.0015436888206750154
79,000000137294__impronte_d_artista,cuda,False,256,0.0021575249993475154,0.007483350000256905,0.0005892000008316245,0.012687350001215236,0.02291742500165128,0.00011474524944787845,39.402652740478516,0.013050232082605362,0.002046062611043453
79,000000137294__picasso_self_portrait,cuda,False,256,0.0021575249993475154,0.007483350000256905,0.0005892000008316245,0.012687350001215236,0.02291742500165128,0.00010938036575680599,39.61060333251953,0.013176329433918,0.0015466207405552268
79,000000137294__trial,cuda,False,256,0.0021575249993475154,0.007483350000256905,0.0005892000008316245,0.012687350001215236,0.02291742500165128,0.00010648974421201274,39.72692108154297,0.012897055596113205,0.0014342812355607748
79,000000137294__woman_with_hat_matisse,cuda,False,256,0.0021575249993475154,0.007483350000256905,0.0005892000008316245,0.012687350001215236,0.02291742500165128,0.00011393570457585156,39.43339920043945,0.013114221394062042,0.0015849897172302008
80,000000443303__antimonocromatismo,cuda,False,256,0.002267125000798842,0.007325800001126481,0.00036550000004353933,0.012239624997164356,0.022198049999133218,0.0001040138813550584,39.82908630371094,0.008178401738405228,0.0005803797394037247
80,000000443303__impronte_d_artista,cuda,False,256,0.002267125000798842,0.007325800001126481,0.00036550000004353933,0.012239624997164356,0.022198049999133218,0.00011176787666045129,39.5168342590332,0.008045947179198265,0.0006217712652869523
80,000000443303__picasso_self_portrait,cuda,False,256,0.002267125000798842,0.007325800001126481,0.00036550000004353933,0.012239624997164356,0.022198049999133218,9.542994666844606e-05,40.203155517578125,0.008271878585219383,0.0006429377826862037
80,000000443303__trial,cuda,False,256,0.002267125000798842,0.007325800001126481,0.00036550000004353933,0.012239624997164356,0.022198049999133218,0.00011160374560859054,39.523216247558594,0.007985022850334644,0.0006800707196816802
81,000000443303__woman_with_hat_matisse,cuda,False,256,0.002261025001644157,0.007278499997482868,0.00029195000024628825,0.012438575002306607,0.02227005000167992,0.00010393350385129452,39.83244705200195,0.008103568106889725,0.00047832023119553924
81,000000500464__antimonocromatismo,cuda,False,256,0.002261025001644157,0.007278499997482868,0.00029195000024628825,0.012438575002306607,0.02227005000167992,0.0001358611334580928,38.66904830932617,0.012139862403273582,0.0016284309094771743
81,000000500464__impronte_d_artista,cuda,False,256,0.002261025001644157,0.007278499997482868,0.00029195000024628825,0.012438575002306607,0.02227005000167992,0.00013501590001396835,38.69615173339844,0.011975625529885292,0.0018644490046426654
81,000000500464__picasso_self_portrait,cuda,False,256,0.002261025001644157,0.007278499997482868,0.00029195000024628825,0.012438575002306607,0.02227005000167992,0.00013020756887272,38.8536376953125,0.012229230254888535,0.0015338113298639655
82,000000500464__trial,cuda,False,256,0.0021845249975740444,0.00751167500129668,0.0005659749986079987,0.012539324998215307,0.02280149999569403,0.00012728713045362383,38.95215606689453,0.011988673359155655,0.001509093097411096
82,000000500464__woman_with_hat_matisse,cuda,False,256,0.0021845249975740444,0.00751167500129668,0.0005659749986079987,0.012539324998215307,0.02280149999569403,0.00013637708616442978,38.652584075927734,0.012052967213094234,0.0017869756557047367
82,000000365521__antimonocromatismo,cuda,False,256,0.0021845249975740444,0.00751167500129668,0.0005659749986079987,0.012539324998215307,0.02280149999569403,0.00010964430111926049,39.60013961791992,0.015191683545708656,0.002043112413957715
82,000000365521__impronte_d_artista,cuda,False,256,0.0021845249975740444,0.00751167500129668,0.0005659749986079987,0.012539324998215307,0.02280149999569403,0.00010880134504986927,39.63365936279297,0.015109180472791195,0.0023368571419268847
83,000000365521__picasso_self_portrait,cuda,False,256,0.002341549999982817,0.007313449998036958,0.00028487499730545096,0.012332275000517257,0.022272149995842483,0.00010680915147531778,39.71392059326172,0.015054060146212578,0.0020129899494349957
83,000000365521__trial,cuda,False,256,0.002341549999982817,0.007313449998036958,0.00028487499730545096,0.012332275000517257,0.022272149995842483,0.00011009356239810586,39.58237838745117,0.014949996024370193,0.0022586712148040533
83,000000365521__woman_with_hat_matisse,cuda,False,256,0.002341549999982817,0.007313449998036958,0.00028487499730545096,0.012332275000517257,0.022272149995842483,0.00011137589899590239,39.5320930480957,0.015118211507797241,0.002140618860721588
83,000000363207__antimonocromatismo,cuda,False,256,0.002341549999982817,0.007313449998036958,0.00028487499730545096,0.012332275000517257,0.022272149995842483,0.0001104782204492949,39.56723403930664,0.013948112726211548,0.0018091847887262702
84,000000363207__impronte_d_artista,cuda,False,256,0.002140374999726191,0.0072595999990880955,0.0003332999986014329,0.012402849999489263,0.022136124996904982,0.00011248147347941995,39.48918914794922,0.013854298740625381,0.0020533129572868347
84,000000363207__picasso_self_portrait,cuda,False,256,0.002140374999726191,0.0072595999990880955,0.0003332999986014329,0.012402849999489263,0.022136124996904982,0.00010703440057113767,39.704769134521484,0.013880059123039246,0.0018241030629724264
84,000000363207__trial,cuda,False,256,0.002140374999726191,0.0072595999990880955,0.0003332999986014329,0.012402849999489263,0.022136124996904982,0.0001088480930775404,39.63179016113281,0.013673174194991589,0.0020230456721037626
84,000000363207__woman_with_hat_matisse,cuda,False,256,0.002140374999726191,0.0072595999990880955,0.0003332999986014329,0.012402849999489263,0.022136124996904982,0.00011604828614508733,39.353614807128906,0.013861950486898422,0.002010298427194357
85,000000400161__antimonocromatismo,cuda,False,256,0.0021195749977778178,0.007238700000016252,0.00026517500009504147,0.012207900002977112,0.021831350000866223,0.00012455655087251216,39.04633331298828,0.018837127834558487,0.00546211376786232
85,000000400161__impronte_d_artista,cuda,False,256,0.0021195749977778178,0.007238700000016252,0.00026517500009504147,0.012207900002977112,0.021831350000866223,0.00012764960411004722,38.9398078918457,0.018472209572792053,0.005656960420310497
85,000000400161__picasso_self_portrait,cuda,False,256,0.0021195749977778178,0.007238700000016252,0.00026517500009504147,0.012207900002977112,0.021831350000866223,0.0001297543349210173,38.86878204345703,0.018609970808029175,0.005667868070304394
85,000000400161__trial,cuda,False,256,0.0021195749977778178,0.007238700000016252,0.00026517500009504147,0.012207900002977112,0.021831350000866223,0.0001320993178524077,38.790992736816406,0.01857360266149044,0.005743697285652161
86,000000400161__woman_with_hat_matisse,cuda,False,256,0.002422350000415463,0.007734074999461882,0.0005799999998998828,0.012480000001232838,0.023216425001010066,0.00013571596355177462,38.67369079589844,0.018496431410312653,0.005607172846794128
86,000000241668__antimonocromatismo,cuda,False,256,0.002422350000415463,0.007734074999461882,0.0005799999998998828,0.012480000001232838,0.023216425001010066,9.657378541305661e-05,40.151405334472656,0.006672337185591459,0.0004958999343216419
86,000000241668__impronte_d_artista,cuda,False,256,0.002422350000415463,0.007734074999461882,0.0005799999998998828,0.012480000001232838,0.023216425001010066,0.00010532765736570582,39.77457809448242,0.006503462791442871,0.0006784467841498554
86,000000241668__picasso_self_portrait,cuda,False,256,0.002422350000415463,0.007734074999461882,0.0005799999998998828,0.012480000001232838,0.023216425001010066,9.555909491609782e-05,40.19728088378906,0.006708032917231321,0.0006262694369070232
87,000000241668__trial,cuda,False,256,0.0021075000004202593,0.007253299998410512,0.0003133000027446542,0.012450474998331629,0.022124574999907054,0.0001045610842993483,39.806297302246094,0.006464839912950993,0.0006380895501933992
87,000000241668__woman_with_hat_matisse,cuda,False,256,0.0021075000004202593,0.007253299998410512,0.0003133000027446542,0.012450474998331629,0.022124574999907054,0.00010416556324344128,39.82276153564453,0.006468090228736401,0.00047651035129092634
87,000000139883__antimonocromatismo,cuda,False,256,0.0021075000004202593,0.007253299998410512,0.0003133000027446542,0.012450474998331629,0.022124574999907054,0.00011683393677230924,39.324310302734375,0.023965541273355484,0.00957719050347805
87,000000139883__impronte_d_artista,cuda,False,256,0.0021075000004202593,0.007253299998410512,0.0003133000027446542,0.012450474998331629,0.022124574999907054,0.00013166622375138104,38.805259704589844,0.02414911985397339,0.010301947593688965
88,000000139883__picasso_self_portrait,cuda,False,256,0.0024496000005456153,0.00731482499759295,0.0005999250024615321,0.012678900002356386,0.023043250002956484,0.00012081409659003839,39.17882537841797,0.023544367402791977,0.010282526724040508
88,000000139883__trial,cuda,False,256,0.0024496000005456153,0.00731482499759295,0.0005999250024615321,0.012678900002356386,0.023043250002956484,0.00012678444909397513,38.96934127807617,0.024029292166233063,0.010902456939220428
88,000000139883__woman_with_hat_matisse,cuda,False,256,0.0024496000005456153,0.00731482499759295,0.0005999250024615321,0.012678900002356386,0.023043250002956484,0.00012832095671910793,38.917022705078125,0.02400366961956024,0.010307550430297852
88,000000281929__antimonocromatismo,cuda,False,256,0.0024496000005456153,0.00731482499759295,0.0005999250024615321,0.012678900002356386,0.023043250002956484,0.00011099685070803389,39.54689407348633,0.015495194122195244,0.002063214313238859
89,000000281929__impronte_d_artista,cuda,False,256,0.002393825001490768,0.007414874999085441,0.0005908500024816021,0.012579700000060257,0.022979250003118068,0.00011618300050031394,39.34857177734375,0.015338828787207603,0.002630657982081175
89,000000281929__picasso_self_portrait,cuda,False,256,0.002393825001490768,0.007414874999085441,0.0005908500024816021,0.012579700000060257,0.022979250003118068,0.000110113644041121,39.58158874511719,0.015260005369782448,0.002118191681802273
89,000000281929__trial,cuda,False,256,0.002393825001490768,0.007414874999085441,0.0005908500024816021,0.012579700000060257,0.022979250003118068,0.00010720638965722173,39.69779586791992,0.015191477723419666,0.0022548711858689785
89,000000281929__woman_with_hat_matisse,cuda,False,256,0.002393825001490768,0.007414874999085441,0.0005908500024816021,0.012579700000060257,0.022979250003118068,0.00011852455645566806,39.26191711425781,0.015347474254667759,0.0024258203338831663
90,000000408830__antimonocromatismo,cuda,False,256,0.0025518500006000977,0.007139624998671934,0.0002790750004351139,0.012379724998027086,0.022350274997734232,0.0001134513586293906,39.451900482177734,0.016431421041488647,0.0020691538229584694
90,000000408830__impronte_d_artista,cuda,False,256,0.0025518500006000977,0.007139624998671934,0.0002790750004351139,0.012379724998027086,0.022350274997734232,0.0001165073990705423,39.33646774291992,0.016433386132121086,0.0020888326689600945
90,000000408830__picasso_self_portrait,cuda,False,256,0.0025518500006000977,0.007139624998671934,0.0002790750004351139,0.012379724998027086,0.022350274997734232,0.0001105306000681594,39.5651741027832,0.01640036702156067,0.002127178478986025
90,000000408830__trial,cuda,False,256,0.0025518500006000977,0.007139624998671934,0.0002790750004351139,0.012379724998027086,0.022350274997734232,0.00011003823601640761,39.584564208984375,0.016354400664567947,0.0020505180582404137
91,000000408830__woman_with_hat_matisse,cuda,False,256,0.002293925001140451,0.007171350000135135,0.00033062500006053597,0.0123688250023406,0.022164725003676722,0.00011775694292737171,39.290138244628906,0.016410570591688156,0.0020768241956830025
91,000000421757__antimonocromatismo,cuda,False,256,0.002293925001140451,0.007171350000135135,0.00033062500006053597,0.0123688250023406,0.022164725003676722,0.00011067358718719333,39.5595588684082,0.01314331404864788,0.00215591280721128
91,000000421757__impronte_d_artista,cuda,False,256,0.002293925001140451,0.007171350000135135,0.00033062500006053597,0.0123688250023406,0.022164725003676722,0.00011179417924722657,39.51580810546875,0.012816829606890678,0.00229724682867527
91,000000421757__picasso_self_portrait,cuda,False,256,0.002293925001140451,0.007171350000135135,0.00033062500006053597,0.0123688250023406,0.022164725003676722,0.00010558095527812839,39.76414489746094,0.012933479622006416,0.0019320284482091665
92,000000421757__trial,cuda,False,256,0.0023170499989646487,0.007147874999645865,0.0004250999991199933,0.01227797500177985,0.022167999999510357,0.00011270874529145658,39.48042678833008,0.01285737007856369,0.0024519802536815405
92,000000421757__woman_with_hat_matisse,cuda,False,256,0.0023170499989646487,0.007147874999645865,0.0004250999991199933,0.01227797500177985,0.022167999999510357,0.00011141713912365958,39.530479431152344,0.012888077646493912,0.0021361717954277992
92,000000565012__antimonocromatismo,cuda,False,256,0.0023170499989646487,0.007147874999645865,0.0004250999991199933,0.01227797500177985,0.022167999999510357,0.00011899332457687706,39.244773864746094,0.02134278416633606,0.003878460731357336
92,000000565012__impronte_d_artista,cuda,False,256,0.0023170499989646487,0.007147874999645865,0.0004250999991199933,0.01227797500177985,0.022167999999510357,0.00012076892016921192,39.18044662475586,0.021256983280181885,0.00430039968341589
93,000000565012__picasso_self_portrait,cuda,False,256,0.0021254000021144748,0.0072869750001700595,0.00028692499836324714,0.012332925001828698,0.02203222500247648,0.00012051950761815533,39.18942642211914,0.020930098369717598,0.003987024538218975
93,000000565012__trial,cuda,False,256,0.0021254000021144748,0.0072869750001700595,0.00028692499836324714,0.012332925001828698,0.02203222500247648,0.00011507188173709437,39.39031219482422,0.020963100716471672,0.003939845599234104
93,000000565012__woman_with_hat_matisse,cuda,False,256,0.0021254000021144748,0.0072869750001700595,0.00028692499836324714,0.012332925001828698,0.02203222500247648,0.00012557613081298769,39.010929107666016,0.02109656110405922,0.0039077866822481155
93,000000443844__antimonocromatismo,cuda,False,256,0.0021254000021144748,0.0072869750001700595,0.00028692499836324714,0.012332925001828698,0.02203222500247648,0.00010514275345485657,39.78220748901367,0.008879394270479679,0.0009103749762289226
94,000000443844__impronte_d_artista,cuda,False,256,0.0022256250013015233,0.007119550002244068,0.0002866750000976026,0.012275075001525693,0.021906925005168887,9.605276864022017e-05,40.174903869628906,0.008540247566998005,0.0008913431083783507
94,000000443844__picasso_self_portrait,cuda,False,256,0.0022256250013015233,0.007119550002244068,0.0002866750000976026,0.012275075001525693,0.021906925005168887,9.944697376340628e-05,40.024085998535156,0.008989585563540459,0.0008810911094769835
94,000000443844__trial,cuda,False,256,0.0022256250013015233,0.007119550002244068,0.0002866750000976026,0.012275075001525693,0.021906925005168887,0.00010652810306055471,39.72535705566406,0.00863223522901535,0.0009037581039592624
94,000000443844__woman_with_hat_matisse,cuda,False,256,0.0022256250013015233,0.007119550002244068,0.0002866750000976026,0.012275075001525693,0.021906925005168887,0.0001050939317792654,39.78422546386719,0.009017718024551868,0.0010733545059338212
95,000000252507__antimonocromatismo,cuda,False,256,0.002097525000863243,0.007367999998677988,0.0002806999982567504,0.012187249998532934,0.021933474996330915,0.00010413132258690894,39.824188232421875,0.01401874702423811,0.0020369491539895535
95,000000252507__impronte_d_artista,cuda,False,256,0.002097525000863243,0.007367999998677988,0.0002806999982567504,0.012187249998532934,0.021933474996330915,0.00010595769708743319,39.74867630004883,0.013773631304502487,0.002774306572973728
95,000000252507__picasso_self_portrait,cuda,False,256,0.002097525000863243,0.007367999998677988,0.0002806999982567504,0.012187249998532934,0.021933474996330915,0.00010426184599054977,39.818748474121094,0.013816834427416325,0.0020922382827848196
95,000000252507__trial,cuda,False,256,0.002097525000863243,0.007367999998677988,0.0002806999982567504,0.012187249998532934,0.021933474996330915,0.0001094098188332282,39.60943603515625,0.013641810044646263,0.0029261577874422073
96,000000252507__woman_with_hat_matisse,cuda,False,256,0.002380475001700688,0.007545399999798974,0.00058967500081053,0.01243077500112122,0.02294632500343141,0.00010753698734333739,39.684417724609375,0.013767246156930923,0.002464270917698741
96,000000102331__antimonocromatismo,cuda,False,256,0.002380475001700688,0.007545399999798974,0.00058967500081053,0.01243077500112122,0.02294632500343141,0.00011511597404023632,39.38864517211914,0.01806633733212948,0.0025999213103204966
96,000000102331__impronte_d_artista,cuda,False,256,0.002380475001700688,0.007545399999798974,0.00058967500081053,0.01243077500112122,0.02294632500343141,0.00011958053801208735,39.22339630126953,0.01815742626786232,0.0034113689325749874
96,000000102331__picasso_self_portrait,cuda,False,256,0.002380475001700688,0.007545399999798974,0.00058967500081053,0.01243077500112122,0.02294632500343141,0.00010605108400341123,39.744850158691406,0.01777791604399681,0.002376115880906582
97,000000102331__trial,cuda,False,256,0.0023752499982947484,0.007358975002716761,0.00028464999923016876,0.01221330000043963,0.02223217500068131,0.00011659247684292495,39.33329772949219,0.017845220863819122,0.0031338725239038467
97,000000102331__woman_with_hat_matisse,cuda,False,256,0.0023752499982947484,0.007358975002716761,0.00028464999923016876,0.01221330000043963,0.02223217500068131,0.00011564527812879533,39.36872100830078,0.018025556579232216,0.0026355492882430553
97,000000428218__antimonocromatismo,cuda,False,256,0.0023752499982947484,0.007358975002716761,0.00028464999923016876,0.01221330000043963,0.02223217500068131,0.00011900578829227015,39.24432373046875,0.013258032500743866,0.0024921514559537172
97,000000428218__impronte_d_artista,cuda,False,256,0.0023752499982947484,0.007358975002716761,0.00028464999923016876,0.01221330000043963,0.02223217500068131,0.00012557185254991055,39.011077880859375,0.013331280089914799,0.0030968785285949707
98,000000428218__picasso_self_portrait,cuda,False,256,0.0024231749994214624,0.007320175001950702,0.0002875499994843267,0.01235975000236067,0.02239065000321716,0.0001236974203493446,39.076393127441406,0.013177399523556232,0.0027765664272010326
98,000000428218__trial,cuda,False,256,0.0024231749994214624,0.007320175001950702,0.0002875499994843267,0.01235975000236067,0.02239065000321716,0.0001248591870535165,39.035797119140625,0.013212702237069607,0.003137359395623207
98,000000428218__woman_with_hat_matisse,cuda,False,256,0.0024231749994214624,0.007320175001950702,0.0002875499994843267,0.01235975000236067,0.02239065000321716,0.00012176165910204872,39.144893646240234,0.013435086235404015,0.0027482151053845882
98,000000007816__antimonocromatismo,cuda,False,256,0.0024231749994214624,0.007320175001950702,0.0002875499994843267,0.01235975000236067,0.02239065000321716,0.00011041265679523349,39.5698127746582,0.018791919574141502,0.002161051845178008
99,000000007816__impronte_d_artista,cuda,False,256,0.0021116499992785975,0.007272349997947458,0.0003211249968444463,0.01238500000181375,0.022090124995884253,0.00011816628830274567,39.27506637573242,0.01910840906202793,0.0026396613102406263
99,000000007816__picasso_self_portrait,cuda,False,256,0.0021116499992785975,0.007272349997947458,0.0003211249968444463,0.01238500000181375,0.022090124995884253,0.00010679123079171404,39.71464538574219,0.018783986568450928,0.002132521476596594
99,000000007816__trial,cuda,False,256,0.0021116499992785975,0.007272349997947458,0.0003211249968444463,0.01238500000181375,0.022090124995884253,0.00010593688784865662,39.74953079223633,0.01891127973794937,0.0023693027906119823
99,000000007816__woman_with_hat_matisse,cuda,False,256,0.0021116499992785975,0.007272349997947458,0.0003211249968444463,0.01238500000181375,0.022090124995884253,0.00011719918984454125,39.31075668334961,0.019083905965089798,0.002362416125833988
100,000000410878__antimonocromatismo,cuda,False,256,0.00210595000316971,0.007636250000359723,0.0004738749994430691,0.012218025000038324,0.022434100003010826,0.00010517866758164018,39.780723571777344,0.0108869019895792,0.0013764044269919395
100,000000410878__impronte_d_artista,cuda,False,256,0.00210595000316971,0.007636250000359723,0.0004738749994430691,0.012218025000038324,0.022434100003010826,0.00010878825560212135,39.634178161621094,0.010961925610899925,0.0016412793193012476
100,000000410878__picasso_self_portrait,cuda,False,256,0.00210595000316971,0.007636250000359723,0.0004738749994430691,0.012218025000038324,0.022434100003010826,9.893940296024084e-05,40.04630661010742,0.010932564735412598,0.001349818310700357
100,000000410878__trial,cuda,False,256,0.00210595000316971,0.007636250000359723,0.0004738749994430691,0.012218025000038324,0.022434100003010826,0.000111855857539922,39.5134162902832,0.010824031196534634,0.0016805087216198444
101,000000410878__woman_with_hat_matisse,cuda,False,256,0.0025185000013152603,0.007227699999930337,0.0003407750009500887,0.012521200002083788,0.022608175004279474,0.00010459389886818826,39.80493927001953,0.01109991129487753,0.001415704726241529
101,000000461009__antimonocromatismo,cuda,False,256,0.0025185000013152603,0.007227699999930337,0.0003407750009500887,0.012521200002083788,0.022608175004279474,9.776603837963194e-05,40.09811782836914,0.008372444659471512,0.0005523220752365887
101,000000461009__impronte_d_artista,cuda,False,256,0.0025185000013152603,0.007227699999930337,0.0003407750009500887,0.012521200002083788,0.022608175004279474,0.00010712516086641699,39.701087951660156,0.008412039838731289,0.0007482938817702234
101,000000461009__picasso_self_portrait,cuda,False,256,0.0025185000013152603,0.007227699999930337,0.0003407750009500887,0.012521200002083788,0.022608175004279474,9.567624510964379e-05,40.191959381103516,0.008566359058022499,0.0006844750605523586
102,000000461009__trial,cuda,False,256,0.002215224998508347,0.007194000001618406,0.00034115000016754493,0.012376700000459095,0.022127075000753393,0.00010451488196849823,39.80821990966797,0.008276622742414474,0.0007421525660902262
102,000000461009__woman_with_hat_matisse,cuda,False,256,0.002215224998508347,0.007194000001618406,0.00034115000016754493,0.012376700000459095,0.022127075000753393,0.00010443205246701837,39.81166458129883,0.008472969755530357,0.0005360008217394352
102,000000551350__antimonocromatismo,cuda,False,256,0.002215224998508347,0.007194000001618406,0.00034115000016754493,0.012376700000459095,0.022127075000753393,0.00011734693543985486,39.30528259277344,0.02020433358848095,0.006876498460769653
102,000000551350__impronte_d_artista,cuda,False,256,0.002215224998508347,0.007194000001618406,0.00034115000016754493,0.012376700000459095,0.022127075000753393,0.00012577557936310768,39.00403594970703,0.019891344010829926,0.006841334514319897
103,000000551350__picasso_self_portrait,cuda,False,256,0.002374724997935118,0.007307749998290092,0.00028234999990672804,0.012362025001493748,0.022326849997625686,0.00011325645027682185,39.45936965942383,0.01987069845199585,0.006666059605777264
103,000000551350__trial,cuda,False,256,0.002374724997935118,0.007307749998290092,0.00028234999990672804,0.012362025001493748,0.022326849997625686,0.00012301927199587226,39.10027313232422,0.019811436533927917,0.007077641785144806
103,000000551350__woman_with_hat_matisse,cuda,False,256,0.002374724997935118,0.007307749998290092,0.00028234999990672804,0.012362025001493748,0.022326849997625686,0.00012347527081146836,39.08420181274414,0.0198301300406456,0.0066880127415061
103,000000189213__antimonocromatismo,cuda,False,256,0.002374724997935118,0.007307749998290092,0.00028234999990672804,0.012362025001493748,0.022326849997625686,0.0001038390546455048,39.836395263671875,0.011682233773171902,0.0009251701412722468
104,000000189213__impronte_d_artista,cuda,False,256,0.0023174499983724672,0.007176275001256727,0.0003634000022429973,0.012466750002204208,0.0223238750040764,0.00011125317541882396,39.53688049316406,0.011713802814483643,0.001143674599006772
104,000000189213__picasso_self_portrait,cuda,False,256,0.0023174499983724672,0.007176275001256727,0.0003634000022429973,0.012466750002204208,0.0223238750040764,0.00010416476288810372,39.822792053222656,0.01155941467732191,0.0010098381899297237
104,000000189213__trial,cuda,False,256,0.0023174499983724672,0.007176275001256727,0.0003634000022429973,0.012466750002204208,0.0223238750040764,0.00011072868801420555,39.557403564453125,0.011527154594659805,0.0010383198969066143
104,000000189213__woman_with_hat_matisse,cuda,False,256,0.0023174499983724672,0.007176275001256727,0.0003634000022429973,0.012466750002204208,0.0223238750040764,0.00010757724521681666,39.682796478271484,0.011889723129570484,0.0008360163774341345
105,000000255912__antimonocromatismo,cuda,False,256,0.0021081000013509765,0.007289650002348935,0.00033127499773399904,0.01239062500098953,0.02211965000242344,9.76658338913694e-05,40.102577209472656,0.010667324997484684,0.0016434015706181526
105,000000255912__impronte_d_artista,cuda,False,256,0.0021081000013509765,0.007289650002348935,0.00033127499773399904,0.01239062500098953,0.02211965000242344,0.00011172698577865958,39.51841735839844,0.010723771527409554,0.0019334712997078896
105,000000255912__picasso_self_portrait,cuda,False,256,0.0021081000013509765,0.007289650002348935,0.00033127499773399904,0.01239062500098953,0.02211965000242344,0.00010385975474491715,39.83552932739258,0.010727841407060623,0.0016666505252942443
105,000000255912__trial,cuda,False,256,0.0021081000013509765,0.007289650002348935,0.00033127499773399904,0.01239062500098953,0.02211965000242344,0.00011026104766642675,39.575775146484375,0.010465862229466438,0.0017877768259495497
106,000000255912__woman_with_hat_matisse,cuda,False,256,0.002376100001129089,0.007558649998827605,0.0005655499990098178,0.012640074997761985,0.023140374996728497,0.00010589718294795603,39.751155853271484,0.010783789679408073,0.0015902401646599174
106,000000364557__antimonocromatismo,cuda,False,256,0.002376100001129089,0.007558649998827605,0.0005655499990098178,0.012640074997761985,0.023140374996728497,0.00011454943887656555,39.410072326660156,0.018809504806995392,0.0031008305959403515
106,000000364557__impronte_d_artista,cuda,False,256,0.002376100001129089,0.007558649998827605,0.0005655499990098178,0.012640074997761985,0.023140374996728497,0.00011153160448884591,39.526023864746094,0.01872539333999157,0.0029710140079259872
106,000000364557__picasso_self_portrait,cuda,False,256,0.002376100001129089,0.007558649998827605,0.0005655499990098178,0.012640074997761985,0.023140374996728497,0.00010930988355539739,39.613407135009766,0.01871921867132187,0.0026371669955551624
107,000000364557__trial,cuda,False,256,0.0022946749995753635,0.007123949999368051,0.0002961749996757135,0.012323474998993333,0.02203827499761246,0.00011413241736590862,39.42591094970703,0.01862821727991104,0.003127440344542265
107,000000364557__woman_with_hat_matisse,cuda,False,256,0.0022946749995753635,0.007123949999368051,0.0002961749996757135,0.012323474998993333,0.02203827499761246,0.00011545559391379356,39.375850677490234,0.018697546795010567,0.0029398533515632153
107,000000121506__antimonocromatismo,cuda,False,256,0.0022946749995753635,0.007123949999368051,0.0002961749996757135,0.012323474998993333,0.02203827499761246,0.00010190151806455106,39.91819381713867,0.010200394317507744,0.0011601997539401054
107,000000121506__impronte_d_artista,cuda,False,256,0.0022946749995753635,0.007123949999368051,0.0002961749996757135,0.012323474998993333,0.02203827499761246,0.0001108898431994021,39.551082611083984,0.010149091482162476,0.001415317296050489
108,000000121506__picasso_self_portrait,cuda,False,256,0.00214057500124909,0.00716357499914011,0.00036249999902793206,0.012267349997273413,0.021933999996690545,0.00010258200927637517,39.88928985595703,0.010199815034866333,0.001197784673422575
108,000000121506__trial,cuda,False,256,0.00214057500124909,0.00716357499914011,0.00036249999902793206,0.012267349997273413,0.021933999996690545,0.00011339622869854793,39.45401382446289,0.010046402923762798,0.0015880748396739364
108,000000121506__woman_with_hat_matisse,cuda,False,256,0.00214057500124909,0.00716357499914011,0.00036249999902793206,0.012267349997273413,0.021933999996690545,0.00010591087630018592,39.7505989074707,0.01018296554684639,0.001294245244935155
108,000000363666__antimonocromatismo,cuda,False,256,0.00214057500124909,0.00716357499914011,0.00036249999902793206,0.012267349997273413,0.021933999996690545,0.00012218320625834167,39.1298828125,0.019859306514263153,0.003282079240307212
109,000000363666__impronte_d_artista,cuda,False,256,0.0024396499975409824,0.007646975001989631,0.0006395500022335909,0.01263272500000312,0.023358900001767324,0.0001221763959620148,39.130130767822266,0.0198418777436018,0.003297599731013179
109,000000363666__picasso_self_portrait,cuda,False,256,0.0024396499975409824,0.007646975001989631,0.0006395500022335909,0.01263272500000312,0.023358900001767324,0.00011857888603117317,39.259925842285156,0.01975608430802822,0.0032174582593142986
109,000000363666__trial,cuda,False,256,0.0024396499975409824,0.007646975001989631,0.0006395500022335909,0.01263272500000312,0.023358900001767324,0.00011844479013234377,39.26483917236328,0.019697818905115128,0.003338342532515526
109,000000363666__woman_with_hat_matisse,cuda,False,256,0.0024396499975409824,0.007646975001989631,0.0006395500022335909,0.01263272500000312,0.023358900001767324,0.00011870905291289091,39.25516128540039,0.019908558577299118,0.0032914672046899796
110,000000076417__antimonocromatismo,cuda,False,256,0.0024157250009011477,0.007641300002433127,0.0005759499981650151,0.01248272500015446,0.02311570000165375,0.00010088487761095166,39.96174240112305,0.009171603247523308,0.001201158738695085
110,000000076417__impronte_d_artista,cuda,False,256,0.0024157250009011477,0.007641300002433127,0.0005759499981650151,0.01248272500015446,0.02311570000165375,9.538957237964496e-05,40.204994201660156,0.009229632094502449,0.001205571461468935
110,000000076417__picasso_self_portrait,cuda,False,256,0.0024157250009011477,0.007641300002433127,0.0005759499981650151,0.01248272500015446,0.02311570000165375,0.00010242006101179868,39.89615249633789,0.00939587689936161,0.0013160987291485071
110,000000076417__trial,cuda,False,256,0.0024157250009011477,0.007641300002433127,0.0005759499981650151,0.01248272500015446,0.02311570000165375,0.00010132382158190012,39.94288635253906,0.00906851515173912,0.0012845140881836414
111,000000076417__woman_with_hat_matisse,cuda,False,256,0.002424874997814186,0.007617399998707697,0.0005602999990514945,0.012615575000381796,0.023218149995955173,0.00010168546577915549,39.92741394042969,0.009336065500974655,0.0011573606170713902
111,000000130599__antimonocromatismo,cuda,False,256,0.002424874997814186,0.007617399998707697,0.0005602999990514945,0.012615575000381796,0.023218149995955173,0.00010828717495314777,39.654232025146484,0.016045477241277695,0.0031658210791647434
111,000000130599__impronte_d_artista,cuda,False,256,0.002424874997814186,0.007617399998707697,0.0005602999990514945,0.012615575000381796,0.023218149995955173,0.00011761602945625782,39.29533386230469,0.016139358282089233,0.0036828885786235332
111,000000130599__picasso_self_portrait,cuda,False,256,0.002424874997814186,0.007617399998707697,0.0005602999990514945,0.012615575000381796,0.023218149995955173,0.00011131976498290896,39.534278869628906,0.016132405027747154,0.003391158301383257
112,000000130599__trial,cuda,False,256,0.002414574999420438,0.007344624998950167,0.0003225500004191417,0.012230899999849498,0.022312649998639245,0.00011369475396350026,39.442596435546875,0.01589336059987545,0.003823244711384177
112,000000130599__woman_with_hat_matisse,cuda,False,256,0.002414574999420438,0.007344624998950167,0.0003225500004191417,0.012230899999849498,0.022312649998639245,0.0001144554335041903,39.41363525390625,0.016204778105020523,0.0037186224944889545
112,000000559543__antimonocromatismo,cuda,False,256,0.002414574999420438,0.007344624998950167,0.0003225500004191417,0.012230899999849498,0.022312649998639245,0.00010665424633771181,39.720218658447266,0.011562127619981766,0.0011322807986289263
112,000000559543__impronte_d_artista,cuda,False,256,0.002414574999420438,0.007344624998950167,0.0003225500004191417,0.012230899999849498,0.022312649998639245,0.00011370395077392459,39.44224548339844,0.011552155017852783,0.0015651171561330557
113,000000559543__picasso_self_portrait,cuda,False,256,0.0025131500005954877,0.007470824999472825,0.0005676250002579764,0.01265892500305199,0.02321052500337828,0.00010265159653499722,39.88634490966797,0.011459767818450928,0.0012413288932293653
113,000000559543__trial,cuda,False,256,0.0025131500005954877,0.007470824999472825,0.0005676250002579764,0.01265892500305199,0.02321052500337828,0.00011061718396376818,39.56177520751953,0.011277798563241959,0.0015253403689712286
113,000000559543__woman_with_hat_matisse,cuda,False,256,0.0025131500005954877,0.007470824999472825,0.0005676250002579764,0.01265892500305199,0.02321052500337828,0.00011085115693276748,39.55259704589844,0.011587506160140038,0.0012703335378319025
113,000000001268__antimonocromatismo,cuda,False,256,0.0025131500005954877,0.007470824999472825,0.0005676250002579764,0.01265892500305199,0.02321052500337828,0.00010979255603160709,39.59427261352539,0.011180633679032326,0.0017248280346393585
114,000000001268__impronte_d_artista,cuda,False,256,0.002202499999839347,0.007254000000102678,0.0002791250008158386,0.01222882499860134,0.021964449999359204,0.00010905372619163245,39.62359619140625,0.011143296957015991,0.002152850618585944
114,000000001268__picasso_self_portrait,cuda,False,256,0.002202499999839347,0.007254000000102678,0.0002791250008158386,0.01222882499860134,0.021964449999359204,0.00010736285184975713,39.691463470458984,0.01127430610358715,0.0018401758279651403
114,000000001268__trial,cuda,False,256,0.002202499999839347,0.007254000000102678,0.0002791250008158386,0.01222882499860134,0.021964449999359204,0.0001134445337811485,39.45216751098633,0.011117842048406601,0.0021643335931003094
114,000000001268__woman_with_hat_matisse,cuda,False,256,0.002202499999839347,0.007254000000102678,0.0002791250008158386,0.01222882499860134,0.021964449999359204,0.00010649304022081196,39.72679138183594,0.011088216677308083,0.0016290334751829505
115,000000360097__antimonocromatismo,cuda,False,256,0.0023288749980565626,0.007158100001106504,0.00032410000130767,0.012353674999758368,0.022164750000229105,0.00010574350017122924,39.75746536254883,0.015147197991609573,0.0028491918928921223
115,000000360097__impronte_d_artista,cuda,False,256,0.0023288749980565626,0.007158100001106504,0.00032410000130767,0.012353674999758368,0.022164750000229105,0.00011381022341083735,39.43818664550781,0.014918815344572067,0.0032199635170400143
115,000000360097__picasso_self_portrait,cuda,False,256,0.0023288749980565626,0.007158100001106504,0.00032410000130767,0.012353674999758368,0.022164750000229105,0.00010466341336723417,39.80205154418945,0.014753850176930428,0.0024939938448369503
115,000000360097__trial,cuda,False,256,0.0023288749980565626,0.007158100001106504,0.00032410000130767,0.012353674999758368,0.022164750000229105,0.00011258031008765101,39.485374450683594,0.014736857265233994,0.0031863152980804443
116,000000360097__woman_with_hat_matisse,cuda,False,256,0.0021322499997040723,0.007418450000841403,0.0003608249971875921,0.012247875001776265,0.022159399999509333,0.00011050637112930417,39.56612777709961,0.014925681985914707,0.0029516234062612057
116,000000074457__antimonocromatismo,cuda,False,256,0.0021322499997040723,0.007418450000841403,0.0003608249971875921,0.012247875001776265,0.022159399999509333,0.00010282344737788662,39.87907791137695,0.005497225560247898,0.0010963862296193838
116,000000074457__impronte_d_artista,cuda,False,256,0.0021322499997040723,0.007418450000841403,0.0003608249971875921,0.012247875001776265,0.022159399999509333,9.484850306762382e-05,40.229698181152344,0.005026575177907944,0.0010942956432700157
116,000000074457__picasso_self_portrait,cuda,False,256,0.0021322499997040723,0.007418450000841403,0.0003608249971875921,0.012247875001776265,0.022159399999509333,9.910508379107341e-05,40.03904342651367,0.005284326151013374,0.0011753742583096027
117,000000074457__trial,cuda,False,256,0.0022395499981939793,0.0076308250027068425,0.0005159000029379968,0.012580300000990974,0.022966575004829792,0.00010530888539506122,39.775352478027344,0.005154960788786411,0.0012071252567693591
117,000000074457__woman_with_hat_matisse,cuda,False,256,0.0022395499981939793,0.0076308250027068425,0.0005159000029379968,0.012580300000990974,0.022966575004829792,0.00010242941789329052,39.895751953125,0.005163691937923431,0.0012130341492593288
117,000000429011__antimonocromatismo,cuda,False,256,0.0022395499981939793,0.0076308250027068425,0.0005159000029379968,0.012580300000990974,0.022966575004829792,0.0001070242069545202,39.705177307128906,0.013118671253323555,0.0016214773058891296
117,000000429011__impronte_d_artista,cuda,False,256,0.0022395499981939793,0.0076308250027068425,0.0005159000029379968,0.012580300000990974,0.022966575004829792,0.0001125146372942254,39.487911224365234,0.012989835813641548,0.0019003113266080618
118,000000429011__picasso_self_portrait,cuda,False,256,0.0024083000025711954,0.007379924998531351,0.00034324999796808697,0.012245050002093194,0.022376525001163827,0.0001036522735375911,39.84421157836914,0.01285906508564949,0.0016196672804653645
118,000000429011__trial,cuda,False,256,0.0024083000025711954,0.007379924998531351,0.00034324999796808697,0.012245050002093194,0.022376525001163827,0.000110686341940891,39.55906295776367,0.01285461150109768,0.0018268495332449675
118,000000429011__woman_with_hat_matisse,cuda,False,256,0.0024083000025711954,0.007379924998531351,0.00034324999796808697,0.012245050002093194,0.022376525001163827,0.00010688121983548626,39.71098709106445,0.013286741450428963,0.0019353772513568401
118,000000063740__antimonocromatismo,cuda,False,256,0.0024083000025711954,0.007379924998531351,0.00034324999796808697,0.012245050002093194,0.022376525001163827,0.00010686663154046983,39.711578369140625,0.012135566212236881,0.0011147831100970507
119,000000063740__impronte_d_artista,cuda,False,256,0.0024011250025068875,0.007334800000535324,0.00032167500103241764,0.012249925002834061,0.02230752500690869,0.00010764696344267577,39.67998504638672,0.012383416295051575,0.001289836596697569
119,000000063740__picasso_self_portrait,cuda,False,256,0.0024011250025068875,0.007334800000535324,0.00032167500103241764,0.012249925002834061,0.02230752500690869,0.00010388280497863889,39.834564208984375,0.012123219668865204,0.0011670056264847517
119,000000063740__trial,cuda,False,256,0.0024011250025068875,0.007334800000535324,0.00032167500103241764,0.012249925002834061,0.02230752500690869,0.00010745647887233645,39.68767547607422,0.012155489064753056,0.0011645962949842215
119,000000063740__woman_with_hat_matisse,cuda,False,256,0.0024011250025068875,0.007334800000535324,0.00032167500103241764,0.012249925002834061,0.02230752500690869,0.0001101845846278593,39.578792572021484,0.012383012101054192,0.0011006849817931652
120,000000367082__antimonocromatismo,cuda,False,256,0.0021770749990537297,0.007507324997277465,0.0005770999996457249,0.012655875001655659,0.022917374997632578,0.00010210257460130379,39.90963363647461,0.011750531382858753,0.001057330286130309
120,000000367082__impronte_d_artista,cuda,False,256,0.0021770749990537297,0.007507324997277465,0.0005770999996457249,0.012655875001655659,0.022917374997632578,0.00010839824972208589,39.6497802734375,0.01171745453029871,0.0014002348762005568
120,000000367082__picasso_self_portrait,cuda,False,256,0.0021770749990537297,0.007507324997277465,0.0005770999996457249,0.012655875001655659,0.022917374997632578,9.798088285606354e-05,40.088584899902344,0.011655122973024845,0.0012061427114531398
120,000000367082__trial,cuda,False,256,0.0021770749990537297,0.007507324997277465,0.0005770999996457249,0.012655875001655659,0.022917374997632578,9.962511103367433e-05,40.01631164550781,0.011480236425995827,0.001165709225460887
121,000000367082__woman_with_hat_matisse,cuda,False,256,0.002113924998411676,0.007270374997460749,0.0003283750011178199,0.012330875000770902,0.022043549997761147,0.0001090082514565438,39.62540817260742,0.011654850095510483,0.0011423316318541765
121,000000449996__antimonocromatismo,cuda,False,256,0.002113924998411676,0.007270374997460749,0.0003283750011178199,0.012330875000770902,0.022043549997761147,0.00010077098704641685,39.96664810180664,0.00936973001807928,0.0015256120823323727
121,000000449996__impronte_d_artista,cuda,False,256,0.002113924998411676,0.007270374997460749,0.0003283750011178199,0.012330875000770902,0.022043549997761147,8.934565994422883e-05,40.4892692565918,0.009134707972407341,0.001537242205813527
121,000000449996__picasso_self_portrait,cuda,False,256,0.002113924998411676,0.007270374997460749,0.0003283750011178199,0.012330875000770902,0.022043549997761147,9.794328070711344e-05,40.09025573730469,0.00926697626709938,0.0015232342993840575
122,000000449996__trial,cuda,False,256,0.002326450001419289,0.00747965000118711,0.0005743250003433786,0.012584175001393305,0.022964600004343083,9.84502476057969e-05,40.06782913208008,0.009226987138390541,0.001590576721355319
122,000000449996__woman_with_hat_matisse,cuda,False,256,0.002326450001419289,0.00747965000118711,0.0005743250003433786,0.012584175001393305,0.022964600004343083,9.861643047770485e-05,40.060508728027344,0.009373564273118973,0.001425306312739849
122,000000278353__antimonocromatismo,cuda,False,256,0.002326450001419289,0.00747965000118711,0.0005743250003433786,0.012584175001393305,0.022964600004343083,0.00011015751806553453,39.57986068725586,0.009402606636285782,0.002337200101464987
122,000000278353__impronte_d_artista,cuda,False,256,0.002326450001419289,0.00747965000118711,0.0005743250003433786,0.012584175001393305,0.022964600004343083,0.00011617426935117692,39.348899841308594,0.009437693282961845,0.002473400440067053
123,000000278353__picasso_self_portrait,cuda,False,256,0.002667100001417566,0.007199499999842374,0.00028405000193743035,0.012337200001638848,0.02248785000483622,0.00010783450852613896,39.67242431640625,0.009413518011569977,0.0019625802524387836
123,000000278353__trial,cuda,False,256,0.002667100001417566,0.007199499999842374,0.00028405000193743035,0.012337200001638848,0.02248785000483622,0.00011759987683035433,39.29593276977539,0.009339281357824802,0.0026272530667483807
123,000000278353__woman_with_hat_matisse,cuda,False,256,0.002667100001417566,0.007199499999842374,0.00028405000193743035,0.012337200001638848,0.02248785000483622,0.00010989186557708308,39.5903434753418,0.00941813737154007,0.002433338202536106
123,000000067616__antimonocromatismo,cuda,False,256,0.002667100001417566,0.007199499999842374,0.00028405000193743035,0.012337200001638848,0.02248785000483622,0.00012742026592604816,38.94761657714844,0.017624542117118835,0.0032214659731835127
124,000000067616__impronte_d_artista,cuda,False,256,0.0021022250002715737,0.007483299999876181,0.000586899997870205,0.012680225001531653,0.022852649999549612,0.00013229262549430132,38.784645080566406,0.017622020095586777,0.00373523635789752
124,000000067616__picasso_self_portrait,cuda,False,256,0.0021022250002715737,0.007483299999876181,0.000586899997870205,0.012680225001531653,0.022852649999549612,0.00012522072938736528,39.02323913574219,0.017458250746130943,0.003487946465611458
124,000000067616__trial,cuda,False,256,0.0021022250002715737,0.007483299999876181,0.000586899997870205,0.012680225001531653,0.022852649999549612,0.0001258967095054686,38.99985885620117,0.017491444945335388,0.003392038866877556
124,000000067616__woman_with_hat_matisse,cuda,False,256,0.0021022250002715737,0.007483299999876181,0.000586899997870205,0.012680225001531653,0.022852649999549612,0.0001313482061959803,38.815757751464844,0.01752704754471779,0.0037022526375949383
125,000000262682__antimonocromatismo,cuda,False,256,0.002151975000742823,0.007239574999402976,0.000280100000964012,0.012350574997981312,0.022022224999091122,0.00010967256821459159,39.599021911621094,0.010102144442498684,0.0008116929093375802
125,000000262682__impronte_d_artista,cuda,False,256,0.002151975000742823,0.007239574999402976,0.000280100000964012,0.012350574997981312,0.022022224999091122,0.00010790048690978438,39.66976547241211,0.0100481566041708,0.0008669401286169887
125,000000262682__picasso_self_portrait,cuda,False,256,0.002151975000742823,0.007239574999402976,0.000280100000964012,0.012350574997981312,0.022022224999091122,0.00010287569602951407,39.876869201660156,0.010185996070504189,0.0007952285232022405
125,000000262682__trial,cuda,False,256,0.002151975000742823,0.007239574999402976,0.000280100000964012,0.012350574997981312,0.022022224999091122,0.00010539465438341722,39.77181625366211,0.00993875227868557,0.0008000076632015407
126,000000262682__woman_with_hat_matisse,cuda,False,256,0.002160850002837833,0.007106375000148546,0.00027307499840389937,0.012341325000306824,0.021881625001697103,0.0001099643632187508,39.58748245239258,0.010152466595172882,0.0007900960044935346
126,000000356432__antimonocromatismo,cuda,False,256,0.002160850002837833,0.007106375000148546,0.00027307499840389937,0.012341325000306824,0.021881625001697103,0.00010908763943007216,39.62224578857422,0.009405466727912426,0.0008576144464313984
126,000000356432__impronte_d_artista,cuda,False,256,0.002160850002837833,0.007106375000148546,0.00027307499840389937,0.012341325000306824,0.021881625001697103,0.00010146290878765285,39.936927795410156,0.009315673261880875,0.0009970659157261252
126,000000356432__picasso_self_portrait,cuda,False,256,0.002160850002837833,0.007106375000148546,0.00027307499840389937,0.012341325000306824,0.021881625001697103,9.876815602183342e-05,40.053829193115234,0.00954757072031498,0.0008739300537854433
127,000000356432__trial,cuda,False,256,0.0021050499999546446,0.007323674999497598,0.00028389999715727754,0.012201425000966992,0.021914049997576512,0.0001035958994179964,39.84657669067383,0.009246962144970894,0.0009643448865972459
127,000000356432__woman_with_hat_matisse,cuda,False,256,0.0021050499999546446,0.007323674999497598,0.00028389999715727754,0.012201425000966992,0.021914049997576512,0.00010816560097737238,39.65911102294922,0.00941840186715126,0.0008828714489936829
127,000000345469__antimonocromatismo,cuda,False,256,0.0021050499999546446,0.007323674999497598,0.00028389999715727754,0.012201425000966992,0.021914049997576512,0.0001327999634668231,38.76802062988281,0.027493778616189957,0.007685606833547354
127,000000345469__impronte_d_artista,cuda,False,256,0.0021050499999546446,0.007323674999497598,0.00028389999715727754,0.012201425000966992,0.021914049997576512,0.000130673564854078,38.8381233215332,0.027572767809033394,0.007825179025530815
128,000000345469__picasso_self_portrait,cuda,False,256,0.0024419750006927643,0.0076122999998915475,0.0005672500010405201,0.012524624999059597,0.02314615000068443,0.00012940430315211415,38.880516052246094,0.027472905814647675,0.007779511623084545
128,000000345469__trial,cuda,False,256,0.0024419750006927643,0.0076122999998915475,0.0005672500010405201,0.012524624999059597,0.02314615000068443,0.0001312052336288616,38.82048797607422,0.0275639109313488,0.007937625981867313
128,000000345469__woman_with_hat_matisse,cuda,False,256,0.0024419750006927643,0.0076122999998915475,0.0005672500010405201,0.012524624999059597,0.02314615000068443,0.00013268858310766518,38.771663665771484,0.027529949322342873,0.0077588832937181
128,000000128748__antimonocromatismo,cuda,False,256,0.0024419750006927643,0.0076122999998915475,0.0005672500010405201,0.012524624999059597,0.02314615000068443,0.00010601642861729488,39.74626922607422,0.012963628396391869,0.001447404152713716
129,000000128748__impronte_d_artista,cuda,False,256,0.002416175000689691,0.00733215000218479,0.00033157500001834705,0.012274050000996795,0.022353950003889622,0.00011276517761871219,39.47825241088867,0.012973936274647713,0.0016904178773984313
129,000000128748__picasso_self_portrait,cuda,False,256,0.002416175000689691,0.00733215000218479,0.00033157500001834705,0.012274050000996795,0.022353950003889622,0.00010278712579747662,39.880615234375,0.012959574349224567,0.0016189028974622488
129,000000128748__trial,cuda,False,256,0.002416175000689691,0.00733215000218479,0.00033157500001834705,0.012274050000996795,0.022353950003889622,0.00010725107131293043,39.69598388671875,0.012810911983251572,0.001638876274228096
129,000000128748__woman_with_hat_matisse,cuda,False,256,0.002416175000689691,0.00733215000218479,0.00033157500001834705,0.012274050000996795,0.022353950003889622,0.00011069022002629936,39.55891036987305,0.013067534193396568,0.0015293093165382743
130,000000476491__antimonocromatismo,cuda,False,256,0.002094550000037998,0.007230974999401951,0.0002741249991231598,0.01225042499936535,0.02185007499792846,0.00010061461944133043,39.973388671875,0.008204234763979912,0.0007450995035469532
130,000000476491__impronte_d_artista,cuda,False,256,0.002094550000037998,0.007230974999401951,0.0002741249991231598,0.01225042499936535,0.02185007499792846,0.00010386412031948566,39.83534622192383,0.0080413818359375,0.0008160422439686954
130,000000476491__picasso_self_portrait,cuda,False,256,0.002094550000037998,0.007230974999401951,0.0002741249991231598,0.01225042499936535,0.02185007499792846,9.60125180426985e-05,40.176719665527344,0.008088098838925362,0.0007466828683391213
130,000000476491__trial,cuda,False,256,0.002094550000037998,0.007230974999401951,0.0002741249991231598,0.01225042499936535,0.02185007499792846,0.00010404171189293265,39.82792282104492,0.008049940690398216,0.0008237219299189746
131,000000476491__woman_with_hat_matisse,cuda,False,256,0.0021608749993902165,0.00716472500062082,0.0003320499999972526,0.012258900002052542,0.02191655000206083,0.00010392787953605875,39.832679748535156,0.008203845471143723,0.00062450987752527
131,000000342128__antimonocromatismo,cuda,False,256,0.0021608749993902165,0.00716472500062082,0.0003320499999972526,0.012258900002052542,0.02191655000206083,0.00012164379586465657,39.14910125732422,0.02385208196938038,0.004521161317825317
131,000000342128__impronte_d_artista,cuda,False,256,0.0021608749993902165,0.00716472500062082,0.0003320499999972526,0.012258900002052542,0.02191655000206083,0.00012715489719994366,38.956668853759766,0.023970216512680054,0.004921633750200272
131,000000342128__picasso_self_portrait,cuda,False,256,0.0021608749993902165,0.00716472500062082,0.0003320499999972526,0.012258900002052542,0.02191655000206083,0.00011911994079127908,39.24015426635742,0.023820893839001656,0.004537089262157679
132,000000342128__trial,cuda,False,256,0.0020927750010741875,0.007618575000378769,0.0006261749986151699,0.012506375001976267,0.022843900002044393,0.00011896248906850815,39.24589920043945,0.023736443370580673,0.004385470412671566
132,000000342128__woman_with_hat_matisse,cuda,False,256,0.0020927750010741875,0.007618575000378769,0.0006261749986151699,0.012506375001976267,0.022843900002044393,0.00012723056715913117,38.9540901184082,0.023857835680246353,0.004934245720505714
132,000000039951__antimonocromatismo,cuda,False,256,0.0020927750010741875,0.007618575000378769,0.0006261749986151699,0.012506375001976267,0.022843900002044393,0.0001091337762773037,39.62040710449219,0.011799929663538933,0.001070506637915969
132,000000039951__impronte_d_artista,cuda,False,256,0.0020927750010741875,0.007618575000378769,0.0006261749986151699,0.012506375001976267,0.022843900002044393,0.00010609185846988112,39.74317932128906,0.011707713827490807,0.0012799263931810856
133,000000039951__picasso_self_portrait,cuda,False,256,0.002237425000203075,0.007347624999965774,0.0005863250007678289,0.012512724999396596,0.022684100000333274,0.00010669624316506088,39.718509674072266,0.01180676557123661,0.0010882592760026455
133,000000039951__trial,cuda,False,256,0.002237425000203075,0.007347624999965774,0.0005863250007678289,0.012512724999396596,0.022684100000333274,0.00010059455962618813,39.9742546081543,0.011585600674152374,0.0013118619099259377
133,000000039951__woman_with_hat_matisse,cuda,False,256,0.002237425000203075,0.007347624999965774,0.0005863250007678289,0.012512724999396596,0.022684100000333274,0.0001111293604481034,39.541709899902344,0.011938915587961674,0.0010999878868460655
133,000000450075__antimonocromatismo,cuda,False,256,0.002237425000203075,0.007347624999965774,0.0005863250007678289,0.012512724999396596,0.022684100000333274,0.00010906066745519638,39.623321533203125,0.013045667670667171,0.0015979022718966007
134,000000450075__impronte_d_artista,cuda,False,256,0.002093600000080187,0.007250425001984695,0.00027932499870075844,0.01220347499838681,0.02182682499915245,0.00011327516403980553,39.45865249633789,0.01302377600222826,0.0018533170223236084
134,000000450075__picasso_self_portrait,cuda,False,256,0.002093600000080187,0.007250425001984695,0.00027932499870075844,0.01220347499838681,0.02182682499915245,0.00010715889220591635,39.6997184753418,0.01304609701037407,0.0017385741230100393
134,000000450075__trial,cuda,False,256,0.002093600000080187,0.007250425001984695,0.00027932499870075844,0.01220347499838681,0.02182682499915245,0.00010669388575479388,39.718605041503906,0.012833586893975735,0.0018191086128354073
134,000000450075__woman_with_hat_matisse,cuda,False,256,0.002093600000080187,0.007250425001984695,0.00027932499870075844,0.01220347499838681,0.02182682499915245,0.00011172174708917737,39.518619537353516,0.013210147619247437,0.0018460021819919348
135,000000203095__antimonocromatismo,cuda,False,256,0.0023728750020381995,0.007572500002424931,0.0006404749983630609,0.012668100000155391,0.023253950002981583,0.00010435439617140219,39.81489562988281,0.010476772673428059,0.001345616183243692
135,000000203095__impronte_d_artista,cuda,False,256,0.0023728750020381995,0.007572500002424931,0.0006404749983630609,0.012668100000155391,0.023253950002981583,0.00011293072020635009,39.47187805175781,0.010437136515974998,0.0016675199149176478
135,000000203095__picasso_self_portrait,cuda,False,256,0.0023728750020381995,0.007572500002424931,0.0006404749983630609,0.012668100000155391,0.023253950002981583,0.00010085332905873656,39.963096618652344,0.010500604286789894,0.001458893995732069
135,000000203095__trial,cuda,False,256,0.0023728750020381995,0.007572500002424931,0.0006404749983630609,0.012668100000155391,0.023253950002981583,0.00011097921378677711,39.547584533691406,0.010370300151407719,0.001727765193209052
136,000000203095__woman_with_hat_matisse,cuda,False,256,0.0021393749993876554,0.007263049999892246,0.00033830000029411167,0.01243172500107903,0.022172450000653043,0.00010788318468257785,39.67046356201172,0.010505927726626396,0.0013748537749052048
136,000000280891__antimonocromatismo,cuda,False,256,0.0021393749993876554,0.007263049999892246,0.00033830000029411167,0.01243172500107903,0.022172450000653043,0.00010702804138418287,39.70502471923828,0.010721670463681221,0.0009242847445420921
136,000000280891__impronte_d_artista,cuda,False,256,0.0021393749993876554,0.007263049999892246,0.00033830000029411167,0.01243172500107903,0.022172450000653043,0.0001137144718086347,39.44184112548828,0.010742053389549255,0.0011712363921105862
136,000000280891__picasso_self_portrait,cuda,False,256,0.0021393749993876554,0.007263049999892246,0.00033830000029411167,0.01243172500107903,0.022172450000653043,0.00010280746209900826,39.87975311279297,0.010819200426340103,0.0010169623419642448
137,000000280891__trial,cuda,False,256,0.0021148500018171035,0.007243000000016764,0.00031032500191940926,0.01224072500190232,0.021908900005655596,0.0001105789197026752,39.56327819824219,0.010467050597071648,0.0010500571224838495
137,000000280891__woman_with_hat_matisse,cuda,False,256,0.0021148500018171035,0.007243000000016764,0.00031032500191940926,0.01224072500190232,0.021908900005655596,0.00011249181989114732,39.488792419433594,0.01103726215660572,0.0009371355408802629
137,000000546826__antimonocromatismo,cuda,False,256,0.0021148500018171035,0.007243000000016764,0.00031032500191940926,0.01224072500190232,0.021908900005655596,8.979240374173969e-05,40.46760559082031,0.008774973452091217,0.0012941553723067045
137,000000546826__impronte_d_artista,cuda,False,256,0.0021148500018171035,0.007243000000016764,0.00031032500191940926,0.01224072500190232,0.021908900005655596,7.701113645453006e-05,41.13446807861328,0.008579442277550697,0.0011718437308445573
138,000000546826__picasso_self_portrait,cuda,False,256,0.0023240750015247613,0.007277174998307601,0.00033887499739648774,0.012253974997292971,0.02219409999452182,9.104777564061806e-05,40.40730285644531,0.00879475474357605,0.0017761861672624946
138,000000546826__trial,cuda,False,256,0.0023240750015247613,0.007277174998307601,0.00033887499739648774,0.012253974997292971,0.02219409999452182,8.816424815449864e-05,40.54707336425781,0.008606442250311375,0.0011055145878344774
138,000000546826__woman_with_hat_matisse,cuda,False,256,0.0023240750015247613,0.007277174998307601,0.00033887499739648774,0.012253974997292971,0.02219409999452182,9.127421071752906e-05,40.39651870727539,0.008830166421830654,0.0011095305671915412
138,000000273642__antimonocromatismo,cuda,False,256,0.0023240750015247613,0.007277174998307601,0.00033887499739648774,0.012253974997292971,0.02219409999452182,0.00011172167432960123,39.51862716674805,0.008845089934766293,0.0010253200307488441
139,000000273642__impronte_d_artista,cuda,False,256,0.0021259000022837427,0.007277925000380492,0.0003226999979233369,0.012374224999803118,0.02210075000039069,0.0001180139952339232,39.28066635131836,0.008939601480960846,0.0011702787596732378
139,000000273642__picasso_self_portrait,cuda,False,256,0.0021259000022837427,0.007277925000380492,0.0003226999979233369,0.012374224999803118,0.02210075000039069,0.00010443754581501707,39.81143569946289,0.008845352567732334,0.0010270599741488695
139,000000273642__trial,cuda,False,256,0.0021259000022837427,0.007277925000380492,0.0003226999979233369,0.012374224999803118,0.02210075000039069,0.00011769904813263565,39.29227066040039,0.008790066465735435,0.0011068035382777452
139,000000273642__woman_with_hat_matisse,cuda,False,256,0.0021259000022837427,0.007277925000380492,0.0003226999979233369,0.012374224999803118,0.02210075000039069,0.00010883084905799478,39.632484436035156,0.008903946727514267,0.000989183783531189
140,000000301376__antimonocromatismo,cuda,False,256,0.0021105000014358666,0.00723002499944414,0.00028147500052000396,0.012365050002699718,0.02198705000409973,0.00010851029946934432,39.645294189453125,0.012070667929947376,0.001360540627501905
140,000000301376__impronte_d_artista,cuda,False,256,0.0021105000014358666,0.00723002499944414,0.00028147500052000396,0.012365050002699718,0.02198705000409973,0.00010117927740793675,39.9490852355957,0.012077955529093742,0.0015307478606700897
140,000000301376__picasso_self_portrait,cuda,False,256,0.0021105000014358666,0.00723002499944414,0.00028147500052000396,0.012365050002699718,0.02198705000409973,0.00010807991202455014,39.66255187988281,0.012073446065187454,0.0015427389880642295
140,000000301376__trial,cuda,False,256,0.0021105000014358666,0.00723002499944414,0.00028147500052000396,0.012365050002699718,0.02198705000409973,0.00010694967932067811,39.70820617675781,0.011983687058091164,0.0014514485374093056
141,000000301376__woman_with_hat_matisse,cuda,False,256,0.0022895250003784895,0.007164775001001544,0.00039487500180257484,0.012391424999805167,0.022240600002987776,0.00010807088983710855,39.66291046142578,0.012189229018986225,0.0014282038901001215
141,000000133244__antimonocromatismo,cuda,False,256,0.0022895250003784895,0.007164775001001544,0.00039487500180257484,0.012391424999805167,0.022240600002987776,0.00011143018491566181,39.52997589111328,0.014728626236319542,0.0016006489749997854
141,000000133244__impronte_d_artista,cuda,False,256,0.0022895250003784895,0.007164775001001544,0.00039487500180257484,0.012391424999805167,0.022240600002987776,0.00010902257054112852,39.62483596801758,0.014770838432013988,0.0019450084073469043
141,000000133244__picasso_self_portrait,cuda,False,256,0.0022895250003784895,0.007164775001001544,0.00039487500180257484,0.012391424999805167,0.022240600002987776,0.00010627164738252759,39.7358283996582,0.014719297178089619,0.0015987515216693282
142,000000133244__trial,cuda,False,256,0.0021463750017574057,0.007147099997382611,0.0002746250029304065,0.012318950000917539,0.021887050002987962,0.00010609748278511688,39.742950439453125,0.014558523893356323,0.0017043356783688068
142,000000133244__woman_with_hat_matisse,cuda,False,256,0.0021463750017574057,0.007147099997382611,0.0002746250029304065,0.012318950000917539,0.021887050002987962,0.00011088396422564983,39.55131149291992,0.014778375625610352,0.0015845275484025478
142,000000085376__antimonocromatismo,cuda,False,256,0.0021463750017574057,0.007147099997382611,0.0002746250029304065,0.012318950000917539,0.021887050002987962,0.0001123000038205646,39.49620056152344,0.014739671722054482,0.002637313213199377
142,000000085376__impronte_d_artista,cuda,False,256,0.0021463750017574057,0.007147099997382611,0.0002746250029304065,0.012318950000917539,0.021887050002987962,0.00012282811803743243,39.10702133178711,0.014792331494390965,0.0033557526767253876
143,000000085376__picasso_self_portrait,cuda,False,256,0.0024338500006706454,0.0072285999995074235,0.0003259999975853134,0.012493499998527113,0.022481949996290496,0.00010775119881145656,39.67578125,0.014562200754880905,0.0024930723011493683
143,000000085376__trial,cuda,False,256,0.0024338500006706454,0.0072285999995074235,0.0003259999975853134,0.012493499998527113,0.022481949996290496,0.0001203973515657708,39.19383239746094,0.014555977657437325,0.0033694207668304443
143,000000085376__woman_with_hat_matisse,cuda,False,256,0.0024338500006706454,0.0072285999995074235,0.0003259999975853134,0.012493499998527113,0.022481949996290496,0.0001175941652036272,39.296142578125,0.014617701061069965,0.0030265997629612684
143,000000517832__antimonocromatismo,cuda,False,256,0.0024338500006706454,0.0072285999995074235,0.0003259999975853134,0.012493499998527113,0.022481949996290496,0.00011005775013472885,39.583797454833984,0.014049152843654156,0.0022601501550525427
144,000000517832__impronte_d_artista,cuda,False,256,0.0021107749998918734,0.0072493000006943475,0.00028957500035176054,0.012368774998321896,0.022018424999259878,0.00011441606329753995,39.41513442993164,0.014034466817975044,0.00267071183770895
144,000000517832__picasso_self_portrait,cuda,False,256,0.0021107749998918734,0.0072493000006943475,0.00028957500035176054,0.012368774998321896,0.022018424999259878,0.00010817509610205889,39.658729553222656,0.013969799503684044,0.002394151408225298
144,000000517832__trial,cuda,False,256,0.0021107749998918734,0.0072493000006943475,0.00028957500035176054,0.012368774998321896,0.022018424999259878,0.00010803472105180845,39.66436767578125,0.013772457838058472,0.002478848909959197
144,000000517832__woman_with_hat_matisse,cuda,False,256,0.0021107749998918734,0.0072493000006943475,0.00028957500035176054,0.012368774998321896,0.022018424999259878,0.00011658525909297168,39.33356475830078,0.013866635039448738,0.0024429766926914454
145,000000049761__antimonocromatismo,cuda,False,256,0.0021591249969787896,0.0073839750002662186,0.0003432750017964281,0.012375850001262734,0.02226222500030417,0.00010694940283428878,39.70821762084961,0.014794758521020412,0.0034037576988339424
145,000000049761__impronte_d_artista,cuda,False,256,0.0021591249969787896,0.0073839750002662186,0.0003432750017964281,0.012375850001262734,0.02226222500030417,0.00011216767597943544,39.50132751464844,0.014609035104513168,0.0036748151760548353
145,000000049761__picasso_self_portrait,cuda,False,256,0.0021591249969787896,0.0073839750002662186,0.0003432750017964281,0.012375850001262734,0.02226222500030417,0.00010611984180286527,39.742034912109375,0.01459113322198391,0.0032528105657547712
145,000000049761__trial,cuda,False,256,0.0021591249969787896,0.0073839750002662186,0.0003432750017964281,0.012375850001262734,0.02226222500030417,0.00011556483514141291,39.371742248535156,0.014569715596735477,0.00398223428055644
146,000000049761__woman_with_hat_matisse,cuda,False,256,0.0023927750007715076,0.007345450001594145,0.0003227499983040616,0.012389974999678088,0.022450950000347802,0.00011029659071937203,39.574378967285156,0.014650956727564335,0.0034748963080346584
146,000000125936__antimonocromatismo,cuda,False,256,0.0023927750007715076,0.007345450001594145,0.0003227499983040616,0.012389974999678088,0.022450950000347802,0.0001095884945243597,39.602352142333984,0.015081707388162613,0.0016487713437527418
146,000000125936__impronte_d_artista,cuda,False,256,0.0023927750007715076,0.007345450001594145,0.0003227499983040616,0.012389974999678088,0.022450950000347802,0.00011596077820286155,39.35688781738281,0.015495327301323414,0.0024362332187592983
146,000000125936__picasso_self_portrait,cuda,False,256,0.0023927750007715076,0.007345450001594145,0.0003227499983040616,0.012389974999678088,0.022450950000347802,9.99530020635575e-05,40.002044677734375,0.01482661534100771,0.0016006918158382177
147,000000125936__trial,cuda,False,256,0.0022030000000086147,0.007282675000169547,0.00034042500192299485,0.01236577499730629,0.022191874999407446,0.00011408897989895195,39.42756652832031,0.015111184678971767,0.002164118457585573
147,000000125936__woman_with_hat_matisse,cuda,False,256,0.0022030000000086147,0.007282675000169547,0.00034042500192299485,0.01236577499730629,0.022191874999407446,0.00010768839274533093,39.67831039428711,0.015073899179697037,0.0016546774422749877
147,000000459396__antimonocromatismo,cuda,False,256,0.0022030000000086147,0.007282675000169547,0.00034042500192299485,0.01236577499730629,0.022191874999407446,0.0001114185870392248,39.530426025390625,0.009398164227604866,0.0010332895908504725
147,000000459396__impronte_d_artista,cuda,False,256,0.0022030000000086147,0.007282675000169547,0.00034042500192299485,0.01236577499730629,0.022191874999407446,0.00011767596879508346,39.29312515258789,0.009546605870127678,0.0013360664015635848
148,000000459396__picasso_self_portrait,cuda,False,256,0.0021141750003152993,0.007282450002094265,0.0003187000002071727,0.012250550000317162,0.0219658750029339,0.00010797966388054192,39.66658020019531,0.009468790143728256,0.0010505977552384138
148,000000459396__trial,cuda,False,256,0.0021141750003152993,0.007282450002094265,0.0003187000002071727,0.012250550000317162,0.0219658750029339,0.00011686750804074109,39.32306671142578,0.009572954848408699,0.0013514214660972357
148,000000459396__woman_with_hat_matisse,cuda,False,256,0.0021141750003152993,0.007282450002094265,0.0003187000002071727,0.012250550000317162,0.0219658750029339,0.00011193938553333282,39.51017379760742,0.009586169384419918,0.0009381377603858709
148,000000088485__antimonocromatismo,cuda,False,256,0.0021141750003152993,0.007282450002094265,0.0003187000002071727,0.012250550000317162,0.0219658750029339,0.00010905839735642076,39.623409271240234,0.011194813065230846,0.0009099519811570644
149,000000088485__impronte_d_artista,cuda,False,256,0.0021209500009717885,0.0072599750019435305,0.0002825499977916479,0.012229324998770608,0.021892799999477575,0.0001084598115994595,39.647315979003906,0.011231967248022556,0.0012748901499435306
149,000000088485__picasso_self_portrait,cuda,False,256,0.0021209500009717885,0.0072599750019435305,0.0002825499977916479,0.012229324998770608,0.021892799999477575,0.00010433777060825378,39.81558609008789,0.011117334477603436,0.0010295616229996085
149,000000088485__trial,cuda,False,256,0.0021209500009717885,0.0072599750019435305,0.0002825499977916479,0.012229324998770608,0.021892799999477575,0.00010635222861310467,39.73253631591797,0.010930502787232399,0.0011546032037585974
149,000000088485__woman_with_hat_matisse,cuda,False,256,0.0021209500009717885,0.0072599750019435305,0.0002825499977916479,0.012229324998770608,0.021892799999477575,0.00011050832108594477,39.56605529785156,0.011293448507785797,0.0010387320071458817
