pair_id,cover_l2,cover_ssim,cover_lpips,cover_psnr,clean_token_mse,robust_token_mse,jpeg_token_mse,naive_reverse_l2,naive_reverse_ssim,naive_reverse_lpips,naive_reverse_psnr,token_reverse_clean_l2,token_reverse_clean_ssim,token_reverse_clean_lpips,token_reverse_clean_psnr,token_reverse_rbn_l2,token_reverse_rbn_ssim,token_reverse_rbn_lpips,token_reverse_rbn_psnr,token_reverse_jpeg_l2,token_reverse_jpeg_ssim,token_reverse_jpeg_lpips,token_reverse_jpeg_psnr,naive_serial2_l2,naive_serial2_ssim,naive_serial2_lpips,naive_serial2_psnr,token_serial2_clean_l2,token_serial2_clean_ssim,token_serial2_clean_lpips,token_serial2_clean_psnr,token_serial2_jpeg_l2,token_serial2_jpeg_ssim,token_serial2_jpeg_lpips,token_serial2_jpeg_psnr,token_serial2_v7_clean_l2,token_serial2_v7_clean_ssim,token_serial2_v7_clean_lpips,token_serial2_v7_clean_psnr,token_serial2_v7_jpeg_l2,token_serial2_v7_jpeg_ssim,token_serial2_v7_jpeg_lpips,token_serial2_v7_jpeg_psnr,naive_serial3_l2,naive_serial3_ssim,naive_serial3_lpips,naive_serial3_psnr,token_serial3_clean_l2,token_serial3_clean_ssim,token_serial3_clean_lpips,token_serial3_clean_psnr,token_serial3_jpeg_l2,token_serial3_jpeg_ssim,token_serial3_jpeg_lpips,token_serial3_jpeg_psnr,token_serial3_v7_clean_l2,token_serial3_v7_clean_ssim,token_serial3_v7_clean_lpips,token_serial3_v7_clean_psnr,token_serial3_v7_jpeg_l2,token_serial3_v7_jpeg_ssim,token_serial3_v7_jpeg_lpips,token_serial3_v7_jpeg_psnr
000000579070__antimonocromatismo,0.0001148449155152,0.9933812022209167,0.01785758882761,39.398882273957135,0.0155822141095995,0.0152641218155622,0.0154147762805223,0.0054765753448009,0.5242686867713928,0.0939877554774284,22.61490933082475,0.0018548937514424,0.777625560760498,0.0772996991872787,27.316809617814314,0.0021703627426177,0.7654364109039307,0.1148801147937774,26.634676744687297,0.002113671740517,0.7626383304595947,0.0955970734357833,26.7496245901138,0.0058051184751093,0.5446686148643494,0.1095059365034103,22.36188912435109,0.0048042335547506,0.5133246779441833,0.123909443616867,23.18375887806624,0.0049239373765885,0.5037691593170166,0.129090666770935,23.0768747913125,0.0049700555391609,0.501908004283905,0.133489042520523,23.03638758104421,0.0051526031456887,0.4909804761409759,0.1377391070127487,22.879733056807048,0.0130697255954146,0.4795444011688232,0.1727167665958404,18.83733530525673,0.0120946429669857,0.4346536695957184,0.1504020988941192,19.17406947455602,0.0127860913053154,0.4098134934902191,0.1692100465297699,18.93262198599706,0.0134436599910259,0.3992646634578705,0.175911545753479,18.714824799788573,0.0138241229578852,0.3845422267913818,0.1837104558944702,18.593624120401245
000000579070__impronte_d_artista,0.0001171497206087,0.9873377680778505,0.0274970419704914,39.31258742818063,0.0156842786818742,0.0155691346153616,0.0154910515993833,0.0056752557866275,0.503812849521637,0.117244467139244,22.4601455982339,0.0019417296862229,0.7705726027488708,0.0813725441694259,27.118112296045688,0.0020523739513009,0.7720889449119568,0.104053720831871,26.877435060406427,0.0021825865842401,0.7553258538246155,0.1073686629533767,26.610285186135208,0.0112258689478039,0.499560683965683,0.163935512304306,19.497800320947707,0.0105906426906585,0.4896580278873443,0.1399109959602356,19.75077684034409,0.0112259835004806,0.461046427488327,0.1503317654132843,19.497756004252253,0.0109621388837695,0.4766298532485962,0.1511470526456833,19.601046999765867,0.0116774374619126,0.4461953938007355,0.166334182024002,19.32652449882096,0.0075782374478876,0.5078198313713074,0.1486978828907013,21.20431791157651,0.0053915162570774,0.5343410968780518,0.1077747642993927,22.682890809212623,0.0056845527142286,0.5179591774940491,0.1087126582860946,22.453037018442345,0.0061510056257247,0.507552444934845,0.1314844191074371,22.11053875769275,0.0062078353948891,0.5059393644332886,0.1307786703109741,22.07059807220085
000000579070__picasso_self_portrait,0.0001123029869631,0.9942960143089294,0.014664395712316,39.4960869249742,0.0155373085290193,0.0151481749489903,0.0153317116200923,0.0056724362075328,0.5246614813804626,0.1063651144504547,22.462303795104116,0.0019718792755156,0.7816094756126404,0.0809018462896347,27.05119677418287,0.0022333413362503,0.7740224003791809,0.1223129481077194,26.51044895772663,0.0022507784888148,0.7643960118293762,0.0951978266239166,26.47667244146115,0.0057555641978979,0.5660091042518616,0.1031639501452446,22.39912097573069,0.0045758076012134,0.5639265179634094,0.0789495334029197,23.39532244592648,0.0047965506091713,0.5533521175384521,0.0832008123397827,23.190709688594065,0.0048286183737218,0.5496129393577576,0.0917427837848663,23.161771173861684,0.0050509311258792,0.5397359132766724,0.0941731184720993,22.966285534544895,0.0094521893188357,0.4936704337596893,0.2123773097991943,20.244675884253777,0.0078473929315805,0.4450022280216217,0.1735124140977859,21.05274601023392,0.007985514588654,0.4265030920505523,0.1850857436656952,20.976970925734516,0.0084257656708359,0.4179386794567108,0.1928762942552566,20.74390623215106,0.0087563479319214,0.3989376723766327,0.2061601877212524,20.576769901475647
000000579070__trial,0.0001100083827623,0.9884275794029236,0.0166799928992986,39.58574219853545,0.0153756812214851,0.0153264086693525,0.0152438273653388,0.0053084124810993,0.5380743145942688,0.1098153367638588,22.75035338387604,0.0018657011678442,0.7920653223991394,0.0671637207269668,27.291579166180988,0.0023848919663578,0.7769618034362793,0.107360191643238,26.2253128936069,0.0021123576443642,0.7772698998451233,0.0951027646660804,26.752325492896347,0.0087667005136609,0.464794248342514,0.172829583287239,20.57163829476925,0.0071103847585618,0.4788369238376617,0.1459733992815017,21.481068980045286,0.0072736949659883,0.4550320208072662,0.1497993767261505,21.3824491573192,0.0071219191886484,0.4657223522663116,0.1500609219074249,21.4740295850832,0.0075846593827009,0.4367494285106659,0.1795378923416137,21.20063918046007,0.0140981525182724,0.4142845571041107,0.1846212744712829,18.508377954076817,0.011578525416553,0.4228107035160064,0.1613741964101791,19.363467466734964,0.0123090995475649,0.396730899810791,0.169306144118309,19.097737160229595,0.0124773830175399,0.4020974636077881,0.1782177239656448,19.03876493196965,0.0129419500008225,0.3813644349575043,0.1844385266304016,18.88000282338631
000000579070__woman_with_hat_matisse,0.0001200139522552,0.9903654456138612,0.0306443739682436,39.20768261992099,0.0155025031417608,0.0153318680822849,0.015299092978239,0.0059887482784688,0.5000395178794861,0.106657475233078,22.22663940976476,0.001926462049596,0.7698468565940857,0.0715159922838211,27.15239541965477,0.0020472758915275,0.7729237675666809,0.0929745212197303,26.888236277359887,0.0021500326693058,0.7590081691741943,0.0870235785841941,26.675549410186065,0.0088798282667994,0.5643148422241211,0.1143977046012878,20.5159543326448,0.0093590673059225,0.4931424856185913,0.1242200210690498,20.28767429474946,0.0094609735533595,0.489134818315506,0.1240852400660514,20.240641715160525,0.0093952426686882,0.4910845756530761,0.1276112049818039,20.270919980742384,0.0100594898685812,0.4679505825042724,0.1359234750270843,19.97424042428957,0.0069169290363788,0.5286367535591125,0.1322684288024902,21.600866799042556,0.0053642368875443,0.4897906482219696,0.1474067419767379,22.704920517224277,0.0055905822664499,0.4788410663604736,0.1543166786432266,22.525429574199972,0.0058907065540552,0.4714623987674713,0.1621894091367721,22.298326111341087,0.0060961209237575,0.4598634541034698,0.1754266619682312,22.14946426839097
000000005001__antimonocromatismo,0.0001095087427529,0.9930968284606934,0.0126231042668223,39.60551207054064,0.0217736214399337,0.0218766368925571,0.0217073298990726,0.0082616051658988,0.5083437561988831,0.130047857761383,20.829355644270745,0.0030293550807982,0.7421606183052063,0.0865267664194107,25.186498185808937,0.0043823518790304,0.7145559191703796,0.1318372786045074,23.582927538894644,0.0034519617911428,0.7263115048408508,0.1077875867486,24.61934020021622,0.0061042769812047,0.5795830488204956,0.1049972996115684,22.143657685198104,0.0060460637323558,0.5377833247184753,0.1225452125072479,22.18527279178616,0.0062466165982186,0.5278580784797668,0.1264786422252655,22.043551491504783,0.0065677328966557,0.5198485255241394,0.1367052495479583,21.825845178659733,0.0067050587385892,0.5099123120307922,0.1454302966594696,21.73597413228719,0.0128080444410443,0.4763118028640747,0.1842519640922546,18.92517174181602,0.0119634987786412,0.4619658887386322,0.1454260349273681,19.22141790410877,0.0125705860555171,0.4403280913829803,0.162985160946846,19.006444745221497,0.0133971469476819,0.4237957000732422,0.1757711768150329,18.729876790086557,0.0140030672773718,0.4025579690933227,0.1881349086761474,18.537768246265845
000000005001__impronte_d_artista,0.0001157811275334,0.9896944165229796,0.017817635089159,39.36362225375938,0.0219469517469406,0.0220297798514366,0.0219048261642456,0.0096898274496197,0.4673276841640472,0.1249844878911972,20.13683956524591,0.0035804416984319,0.7158918380737305,0.1077867671847343,24.46063393646942,0.0044149775058031,0.6917133331298828,0.1446637660264969,23.55071504799996,0.0041533149778842,0.6898617744445801,0.1414993107318878,23.81605131743505,0.0098665505647659,0.5307857990264893,0.1507893651723861,20.05834654070672,0.0098596923053264,0.5156341195106506,0.1202789396047592,20.06136638018619,0.0105595365166664,0.4942376315593719,0.1252365708351135,19.763551436082366,0.0103780440986156,0.4997535943984985,0.1330819278955459,19.838844882234056,0.0110432272776961,0.4792776107788086,0.1521150469779968,19.56903989643544,0.007434535305947,0.5444784760475159,0.1360422223806381,21.28746171778208,0.0056661353446543,0.5779060125350952,0.099762812256813,22.46713055877265,0.0058446135371923,0.5670565962791443,0.1046168208122253,22.33244200364193,0.0063750674016773,0.5531474947929382,0.1291853040456771,21.95515219204312,0.0065367110073566,0.5456708669662476,0.1352440416812896,21.846407150776304
000000005001__picasso_self_portrait,0.0001116286148317,0.9938644766807556,0.0115808509290218,39.5222446426422,0.0216827578842639,0.0218510702252388,0.021637137979269,0.0089766411110758,0.5003007054328918,0.1324170082807541,20.46886137698927,0.0032090814784169,0.7122732996940613,0.0940227061510086,24.936192560495133,0.0053757796995341,0.6681528091430664,0.1420387327671051,22.69558537059335,0.0037227852735668,0.6926894187927246,0.1122688502073288,24.291320127191312,0.0053678867407143,0.6078634262084961,0.0824397578835487,22.70196656103169,0.0046266629360616,0.5991718769073486,0.0725510045886039,23.347321387842207,0.0048682070337235,0.5898675918579102,0.075573906302452,23.1263096049707,0.0050540324300527,0.5827453136444092,0.0872915908694267,22.96361975683264,0.0052184234373271,0.5778740048408508,0.0860168188810348,22.82460683949199,0.009295530617237,0.51241534948349,0.1658988445997238,20.31725814330951,0.0084962910041213,0.4976004064083099,0.1507439315319061,20.707706211072697,0.0085690822452306,0.486404538154602,0.161783367395401,20.67065688832365,0.0094950376078486,0.4679935872554779,0.1740406453609466,20.225033107743783,0.0096205277368426,0.4530831277370453,0.2023392617702484,20.168011039588286
000000005001__trial,0.0001085398544091,0.9894935488700868,0.0125376814976334,39.64410765300629,0.0216369535773992,0.021711565554142,0.0216067172586917,0.0081546679139137,0.5016997456550598,0.126981571316719,20.885937202265723,0.0032784631475806,0.7434499263763428,0.0941236019134521,24.843296937703293,0.0039480105042457,0.7298242449760437,0.1325057446956634,24.036217004983733,0.0038313020486384,0.726874828338623,0.1252460032701492,24.166536081615405,0.0076703852973878,0.529198169708252,0.1445692777633667,21.151828201023037,0.007247679401189,0.535898745059967,0.1293385028839111,21.39801025785704,0.0075117275118827,0.5227572321891785,0.1337716728448867,21.242601745002077,0.0076004192233085,0.521899402141571,0.1450997740030288,21.191624522786427,0.007952463813126,0.4993568360805511,0.16152885556221,20.994982984287617,0.0123753463849425,0.4553147256374359,0.1696462780237198,19.074426363569124,0.0105897448956966,0.4742151498794555,0.1444830298423767,19.75114501811845,0.0110995061695575,0.4533815085887909,0.1542220115661621,19.546963430698327,0.0116292918100953,0.4444015324115753,0.1541256457567215,19.34446731731775,0.0122145256027579,0.4265681803226471,0.1649743020534515,19.13123395829746
000000005001__woman_with_hat_matisse,0.0001164278728538,0.9910140633583068,0.0187452398240566,39.33943037061387,0.0220049209892749,0.0221025310456752,0.021948704496026,0.0098237665370106,0.4667650759220123,0.1403218954801559,20.0772196714069,0.0033740776125341,0.7167802453041077,0.0960565879940986,24.71844931732773,0.0038997130468487,0.7077569365501404,0.1302127242088318,24.089673485517253,0.0038783804047852,0.7021012902259827,0.1238091588020324,24.113495960833056,0.0075393691658973,0.599611222743988,0.0926410183310508,21.22664990898285,0.008166323415935,0.5410230755805969,0.102477952837944,20.879734244406247,0.0089834807440638,0.5130443572998047,0.1223401799798011,20.46555358761849,0.0090180533006787,0.5134478807449341,0.1320211887359619,20.44887202149625,0.0097171338275074,0.4900773465633392,0.1447123289108276,20.124618159850108,0.0069760517217218,0.5562153458595276,0.1186428964138031,21.563903081249244,0.006831232458353,0.5212150812149048,0.1456151306629181,21.655009359121152,0.0070830988697707,0.502830445766449,0.1585470736026764,21.497766960392237,0.0078090536408126,0.4892947673797607,0.1783044338226318,21.07401593968525,0.007974280975759,0.4803808927536011,0.1918828189373016,20.98308465930728
000000507235__antimonocromatismo,0.0001081109803635,0.9945778846740724,0.0100652500987052,39.661301943988846,0.0135181471705436,0.0136475171893835,0.0134163070470094,0.0052306563593447,0.6848836541175842,0.0854386016726493,22.814438110646343,0.001825425424613,0.844642162322998,0.1094390749931335,27.38635904889331,0.0019888770766556,0.8368076682090759,0.1496714651584625,27.01392057790528,0.0019640370737761,0.8323554992675781,0.1286017596721649,27.068503185936564,0.005855415482074,0.5959711074829102,0.1362365484237671,22.324422833123457,0.0045189261436462,0.6144788265228271,0.1183430552482605,23.44964756626091,0.0046293907798826,0.6009041666984558,0.1380086243152618,23.344761576523844,0.0046203047968447,0.5999900698661804,0.1270056813955307,23.353293735301392,0.0047494894824922,0.5882436633110046,0.1503389328718185,23.23353069712412,0.0122167961671948,0.5414831042289734,0.1692063808441162,19.13042672108133,0.0098020462319254,0.5617377758026123,0.1291703283786773,20.086832534431835,0.0103803994134068,0.5395802855491638,0.1503988057374954,19.83785935533676,0.0106830326840281,0.5323799252510071,0.154438778758049,19.713054429089617,0.0114158196374773,0.5034176111221313,0.171284019947052,19.424929014094477
000000507235__impronte_d_artista,0.0001158477680291,0.9898770451545716,0.0179213136434555,39.361123290897226,0.0137708066031336,0.0139804538339376,0.0137258199974894,0.0060040857642889,0.6244836449623108,0.1309111565351486,22.21553112782633,0.0022992966696619,0.8146792054176331,0.1225597858428955,26.384049897203703,0.00250582001172,0.8006818294525146,0.1713867485523224,26.01050126767265,0.002539470558986,0.7904970049858093,0.181675374507904,25.95256817741471,0.0101305330172181,0.5736127495765686,0.1558716744184494,19.943677036676903,0.0083466582000255,0.6089550852775574,0.1095133125782013,20.784873707184964,0.0092485966160893,0.5735892057418823,0.1246406733989715,20.339241621936704,0.0088013662025332,0.5923340916633606,0.1194350942969322,20.554499087397787,0.0097868926823139,0.553067147731781,0.1344036757946014,20.093551738896277,0.0074378461576998,0.5653412342071533,0.1618140637874603,21.28552808708024,0.0051899226382374,0.6227846145629883,0.1172624453902244,22.848391157617503,0.0052639190107584,0.6150769591331482,0.1216319277882576,22.786908012807466,0.0055356933735311,0.6094656586647034,0.1261510848999023,22.56827973802648,0.0057071805931627,0.5913602709770203,0.1362195909023285,22.43578384788845
000000507235__picasso_self_portrait,0.0001028241458698,0.9952601790428162,0.0086078271269798,39.879048893613664,0.0134366787970066,0.0134752690792083,0.0133203212171792,0.0047451849095523,0.6883747577667236,0.0733944326639175,23.23746859394001,0.0019253304926678,0.8368232250213623,0.119666151702404,27.154947109231003,0.0021481367293745,0.8251490592956543,0.1726208627223968,26.679380791535664,0.0021462803706526,0.8207211494445801,0.1392655670642852,26.683135463616978,0.0050063678063452,0.6510989665985107,0.0868847221136093,23.004772469374902,0.0043079406023025,0.6574726104736328,0.0795172378420829,23.657302933661818,0.004444089718163,0.6490347981452942,0.0828223004937172,23.52217182019691,0.0043974504806101,0.6498189568519592,0.0863543003797531,23.56799042403498,0.0046327034942805,0.6372972130775452,0.0984184145927429,23.341654949443846,0.0085755884647369,0.5428165793418884,0.2171932756900787,20.667360685774103,0.0060783266089856,0.5757196545600891,0.1367268115282058,22.16215967522076,0.0061275805346667,0.5658469796180725,0.1549263596534729,22.12710972114801,0.0063651450909674,0.5539053082466125,0.1582779288291931,21.961916923263747,0.0068870666436851,0.530130922794342,0.1834184825420379,21.61965714481696
000000507235__trial,0.0001135934799094,0.990760624408722,0.0161422118544578,39.4464659574299,0.013522895053029,0.0137115931138396,0.0134799424558877,0.0065551293082535,0.6096757054328918,0.1591664105653762,21.83418736878996,0.0023606859613209,0.8070335984230042,0.1641803979873657,26.269617826529807,0.0025118114426732,0.7991736531257629,0.201495885848999,26.00012965444444,0.0025993334129452,0.7870967388153076,0.2080620229244232,25.85138010566198,0.0073384144343435,0.5534530878067017,0.1855582296848297,21.343977652611706,0.0053956769406795,0.6025376915931702,0.1125770658254623,22.679540610535696,0.0055166878737509,0.584788978099823,0.1222022622823715,22.583215871030365,0.0053030308336019,0.5959256887435913,0.1225505024194717,22.754758477401484,0.0058374791406095,0.5668765902519226,0.1452153474092483,22.33774658311805,0.0127050690352916,0.4946078360080719,0.1712554544210434,18.960229707895447,0.0095099788159132,0.5529100894927979,0.1274672150611877,20.218204504802777,0.0099431173875927,0.5332466959953308,0.1278829574584961,20.024774333115293,0.0101140448823571,0.5275159478187561,0.1341971755027771,19.95075123462345,0.0106582166627049,0.506493866443634,0.157828614115715,19.723154555662283
000000507235__woman_with_hat_matisse,0.000108165484562,0.991692841053009,0.0125354090705513,39.659112998173306,0.0135708292946219,0.013951520435512,0.0135552417486906,0.0071802232414484,0.6018509864807129,0.1186754032969474,21.43862052829848,0.0019282574066892,0.8420126438140869,0.1029296815395355,27.148349917802545,0.0027768025174736,0.8072379231452942,0.1523357927799224,25.56455005601251,0.0021121483296155,0.8236837387084961,0.1361105144023895,26.752755859149595,0.0086342636495828,0.6047676205635071,0.0941820219159126,20.637746941774573,0.0071746702305972,0.633971631526947,0.0868432819843292,21.44198055614625,0.0078669786453247,0.6049520373344421,0.0929909497499466,21.041920287084885,0.0076388693414628,0.610801637172699,0.0922463908791542,21.16970918270132,0.0082348110154271,0.5832644104957581,0.1006856486201286,20.8434636320934,0.0070809624157845,0.5824625492095947,0.1602605283260345,21.499077107482623,0.0051500378176569,0.5937373638153076,0.1416979879140854,22.88189581844353,0.0051506538875401,0.5850337147712708,0.1562751084566116,22.88137632760024,0.0053614298813045,0.5724779963493347,0.1506136357784271,22.70719369496652,0.0054035824723541,0.5641035437583923,0.1651085019111633,22.67318215711814
000000399462__antimonocromatismo,0.0001105847986764,0.9947507381439208,0.0120153101161122,39.56304568372005,0.0122333504259586,0.0120768286287784,0.0121150724589824,0.0058912201784551,0.6463611125946045,0.1304059326648712,22.297947456392954,0.0019526415271684,0.8193938732147217,0.1086984723806381,27.093774787101875,0.0021352295298129,0.805354654788971,0.0920136719942092,26.70555432970021,0.0021402009297162,0.8052325248718262,0.1054943352937698,26.695454516178117,0.0071606547571718,0.5297653079032898,0.1998242139816284,21.450472647835173,0.005137559492141,0.5536393523216248,0.1367337256669998,22.89243136024105,0.0053433231078088,0.5455431938171387,0.1491221189498901,22.72188563474647,0.0053686462342739,0.5383970141410828,0.1528329104185104,22.701352128303185,0.0055874455720186,0.5284651517868042,0.1616455167531967,22.52786694354343,0.0136319026350975,0.5036453604698181,0.2019198536872863,18.65443524483984,0.0102759329602122,0.5591275095939636,0.1211271584033966,19.88178737716792,0.0109203876927495,0.534081757068634,0.1431808024644851,19.61761943148408,0.0115826018154621,0.5262337327003479,0.1440344452857971,19.361938734948463,0.0120814302936196,0.5050559639930725,0.1538030058145523,19.17881647514914
000000399462__impronte_d_artista,0.0001125247799791,0.9901705384254456,0.0154553353786468,39.48751827569124,0.0123631749302148,0.0124304080381989,0.012321513146162,0.0060046985745429,0.6207857728004456,0.1381521821022033,22.21508788543888,0.0024300357326865,0.7873165011405945,0.116348810493946,26.14387340231119,0.0026723279152065,0.7786347270011902,0.1009563282132148,25.73110251650508,0.0026711353566497,0.7781410217285156,0.1165216565132141,25.733041040577618,0.0115710375830531,0.5437676310539246,0.1489394605159759,19.366276958114028,0.009446975775063,0.5917425155639648,0.1142186671495437,20.24707198306325,0.0099759576842188,0.5725981593132019,0.1256143599748611,20.01045401705657,0.0098776603117585,0.5748355388641357,0.122166097164154,20.053459131071968,0.0104609467089176,0.5550855994224548,0.1359741389751434,19.80429010320188,0.0089641893282532,0.5374651551246643,0.1963690966367721,20.47488979519021,0.0062358304858207,0.578666627407074,0.1240736991167068,22.05105699139588,0.0065760114230215,0.5671548247337341,0.1290105879306793,21.820374410654946,0.0066872532479465,0.5581480860710144,0.1381113678216934,21.747522296484437,0.0070390067994594,0.5491887927055359,0.1354861855506897,21.52488615281722
000000399462__picasso_self_portrait,0.0001031500360113,0.9953780174255372,0.0088230725377798,39.86530616071529,0.0119987316429615,0.0119022661820054,0.0119072571396827,0.0046256543137133,0.6951864361763,0.0880473628640174,23.348268262252382,0.0019022529013454,0.8177189826965332,0.1043236777186393,27.20731744834257,0.0022718228865414,0.79775071144104,0.0953965261578559,26.436255296493904,0.0021537772845476,0.8032209277153015,0.1108751371502876,26.667992077663435,0.0064274254254996,0.6111878752708435,0.1385425925254821,21.91962953577652,0.0050940546207129,0.6161590218544006,0.0970568656921386,22.92936402649381,0.0053267101757228,0.6082360148429871,0.1005960255861282,22.73540932370131,0.0053765620104968,0.5983017086982727,0.1059233248233795,22.69495340902816,0.0056293494999408,0.5906877517700195,0.1114172264933586,22.49541787192736,0.010712849907577,0.4772065579891205,0.2677724063396454,19.70094979729365,0.0068530347198247,0.5296608209609985,0.1440134942531585,21.641170678922037,0.0067593459971249,0.5271082520484924,0.1633464694023132,21.700953223394382,0.0077648446895182,0.4972363412380218,0.1633241027593612,21.09867226498176,0.0074465353973209,0.504239022731781,0.1774749308824539,21.28045741721848
000000399462__trial,0.0001167412192444,0.991025686264038,0.0191941279917955,39.32775775233811,0.0121451951563358,0.0121966488659381,0.0120948953554034,0.0078716725111007,0.576507568359375,0.1891597360372543,21.039329823587703,0.0023242498282343,0.7960553169250488,0.1307355761528015,26.337171924640547,0.0026309581007808,0.7794079780578613,0.1146892756223678,25.79886068198816,0.0026408983394503,0.7817303538322449,0.1248302236199379,25.78248316500576,0.0087005496025085,0.5100451111793518,0.215823546051979,20.60453312691991,0.0059175160713493,0.5683485865592957,0.1175636872649192,22.278605538992807,0.0060683949850499,0.5636632442474365,0.1292307376861572,22.169261592226764,0.0058451737277209,0.5680322051048279,0.1284646838903427,22.33202576397893,0.0062144845724105,0.553910493850708,0.1329033076763153,22.06594885789925,0.0136331962421536,0.4825482368469238,0.2005045562982559,18.654023138205503,0.0106177078559994,0.5245060920715332,0.1425798237323761,19.739692283518806,0.0109091224148869,0.5170254111289978,0.1497287005186081,19.622101848563524,0.0111875673756003,0.5061540603637695,0.1635755151510238,19.512643361888063,0.0116659561172127,0.4965927600860595,0.1588908731937408,19.330796615497704
000000399462__woman_with_hat_matisse,0.0001085635158233,0.9920023083686828,0.0118415765464305,39.64316100518281,0.0124034751206636,0.0124022290110588,0.0123454434797167,0.0042544906027615,0.6975210309028625,0.0754956156015396,23.711524312675884,0.0022784045431762,0.8061714768409729,0.1089297607541084,26.42369162052004,0.0023116890806704,0.811450183391571,0.0846599638462066,26.360705783957314,0.0024495779071003,0.797245979309082,0.0938625410199165,26.10908743557836,0.0097812330350279,0.5783030390739441,0.1107823029160499,20.096063940309783,0.0091647012159228,0.5686853528022766,0.103165790438652,20.378816891732505,0.0096133844926953,0.5528293251991272,0.1134230643510818,20.17123687489591,0.0096043059602379,0.5487605929374695,0.1228210777044296,20.17534013262395,0.0098177688196301,0.5413818359375,0.124453492462635,20.079871985084058,0.0083943931385874,0.5189008712768555,0.218417689204216,20.760106951291775,0.0058863158337771,0.5273597836494446,0.1668629497289657,22.301564392824943,0.005973873194307,0.5202541351318359,0.1713076829910278,22.23744000278457,0.0061949174851179,0.5038642287254333,0.1746776103973388,22.07964473952426,0.0063820374198257,0.5012480020523071,0.1829013079404831,21.950406537344524
000000231508__antimonocromatismo,0.000107008672785,0.9936635494232178,0.009686267003417,39.70581022407914,0.0161828678101301,0.0163899771869182,0.0160659439861774,0.0051690526306629,0.6634125113487244,0.0744688808917999,22.86589045876395,0.0022050144616514,0.8270764350891113,0.0721771866083145,26.56588557853818,0.0038069256115704,0.7783358693122864,0.1110368967056274,24.19425609342737,0.0024596231523901,0.813876211643219,0.0864974930882453,26.091314276017144,0.0054240357130765,0.583724319934845,0.1045595183968544,22.6567745963859,0.0042903176508843,0.6126582622528076,0.0868131890892982,23.67510551890067,0.0043430938385427,0.6061117053031921,0.1028095260262489,23.622007870041045,0.0044753267429769,0.5955493450164795,0.1106174513697624,23.491752514113998,0.0044608041644096,0.5944451689720154,0.0990587174892425,23.505868424797782,0.0122534381225705,0.5099045634269714,0.1678137332201004,19.11742037980055,0.0094834845513105,0.5568787455558777,0.1147613301873207,20.230320589330923,0.0099101541563868,0.5414490699768066,0.1235139295458793,20.03919589838897,0.0102292783558368,0.5301828384399414,0.1274124979972839,19.901550033487,0.0107648978009819,0.5137741565704346,0.1438300758600235,19.67990088894861
000000231508__impronte_d_artista,0.0001159961611847,0.9873860478401184,0.0163297746330499,39.35556383220249,0.0163164921104908,0.0166893620043993,0.0163256488740444,0.0064716511406004,0.6088547110557556,0.1168561801314354,21.88984901747404,0.0027811967302113,0.7984793782234192,0.0770564675331115,25.55768289876092,0.0031008764635771,0.7881576418876648,0.1044562757015228,25.085155353606915,0.0031246189028024,0.7765290141105652,0.1438025385141372,25.05202944240784,0.0106954872608184,0.53282231092453,0.1476421356201172,19.707994252238876,0.0080399205908179,0.5955645442008972,0.0892354026436805,20.947482406968096,0.0087627805769443,0.5640642046928406,0.1047695726156234,20.573580630546324,0.0085324943065643,0.577543318271637,0.1000586375594139,20.689239928387774,0.0093815540894865,0.5441753268241882,0.117037110030651,20.277252131579523,0.0070961881428956,0.5537384748458862,0.1353950053453445,21.48974878472524,0.0051406007260084,0.6088484525680542,0.0948114171624183,22.889861267739477,0.0053982273675501,0.595374345779419,0.1040119305253028,22.67748827376232,0.0056188963353633,0.5902941226959229,0.1177640259265899,22.50348980255153,0.0058994037099182,0.5772958397865295,0.1204084232449531,22.291918830323155
000000231508__picasso_self_portrait,0.0001019411211018,0.9944234490394592,0.0076532717794179,39.91650594548884,0.0160677023231983,0.0161665640771389,0.0160033889114856,0.0042763855308294,0.7082874178886414,0.0605315417051315,23.68923148560494,0.0021045000758022,0.8454415202140808,0.072708860039711,26.768510542730603,0.0029875317122787,0.8170590400695801,0.1213598400354385,25.24687476037258,0.002395678544417,0.8291094899177551,0.0901496037840843,26.205714566298617,0.0048487191088497,0.6361141800880432,0.0794894993305206,23.143729742697055,0.0041781053878366,0.6505783200263977,0.0727086514234542,23.790206096456355,0.0043964614160358,0.637683093547821,0.0804841667413711,23.568967339186507,0.0045205163769423,0.6343103051185608,0.0863410532474517,23.44811953054187,0.0046489643864333,0.6240493655204773,0.091751791536808,23.32643780733392,0.0082783177495002,0.5321174263954163,0.2091801166534423,20.82057907941761,0.0063197738490998,0.571214497089386,0.1195148974657058,21.992984625159213,0.0062171616591513,0.5684795379638672,0.1319946050643921,22.06407839924013,0.0064708716236054,0.5545262098312378,0.134910449385643,21.89037216112391,0.0065699717961251,0.5484223961830139,0.1454809606075287,21.82436494795393
000000231508__trial,0.0001119906955864,0.9888786673545836,0.0165281668305397,39.50818057895249,0.016114629805088,0.0164069011807441,0.0160980634391307,0.0072915130294859,0.6016855835914612,0.1340603828430175,21.37182343811518,0.0027777052018791,0.8037569522857666,0.0984768643975257,25.56313847867949,0.0030758120119571,0.7965850830078125,0.1283397376537323,25.12040211349321,0.0031973712611943,0.7818415760993958,0.1503932327032089,24.95206932909817,0.0076089478097856,0.5343018174171448,0.1811939030885696,21.18675394740276,0.005475765094161,0.5977316498756409,0.1066362038254737,22.615551910161063,0.005361910443753,0.5965099930763245,0.1116177216172218,22.706804440101138,0.0054158377461135,0.5878000259399414,0.1086385846138,22.663343552208254,0.0056261229328811,0.5698273777961731,0.1264831721782684,22.49790782570992,0.0127074988558888,0.4757281839847564,0.1787702441215515,18.9593992072667,0.0094254687428474,0.5450186729431152,0.1107022389769554,20.256970424622214,0.0098076146095991,0.5351799130439758,0.1252107769250869,20.08436608100222,0.0098100779578089,0.5246952176094055,0.1189539283514022,20.08327541395614,0.0102979149669408,0.5114586353302002,0.1334429234266281,19.87250698597425
000000231508__woman_with_hat_matisse,0.0001103060712921,0.9897394180297852,0.0142631605267524,39.57400583152637,0.0162513628602027,0.01658371463418,0.0162048116326332,0.0052191852591931,0.6699360013008118,0.066683828830719,22.823972872377837,0.0024057142436504,0.8230418562889099,0.0722016021609306,26.187559604442537,0.0027823036070913,0.8161489367485046,0.1070955842733383,25.555954812130928,0.0027290598955005,0.80680912733078,0.1072222888469696,25.639869326335397,0.0083834696561098,0.5899961590766907,0.0934934094548225,20.765762032503936,0.007172929123044,0.6122205257415771,0.0761306285858154,21.44303460482416,0.007783958222717,0.5903587937355042,0.0878127291798591,21.087995036354062,0.0074231387116014,0.6002896428108215,0.0806120708584785,21.29412423979141,0.0081502869725227,0.5725762844085693,0.0899182930588722,20.88827099433161,0.0063836225308477,0.5617782473564148,0.1404784917831421,21.949328011085395,0.0050048907287418,0.5887865424156189,0.1116152554750442,23.00605399987355,0.0051021114923059,0.581082284450531,0.1173552349209785,22.922500553373197,0.0051411357708275,0.5744736790657043,0.1098481714725494,22.889409268190963,0.0052807093597948,0.5654816031455994,0.1237805485725402,22.77307734596489
000000433515__antimonocromatismo,0.0001039426206261,0.9941568970680236,0.015827378258109,39.83206337838887,0.0123606985434889,0.0123367328196764,0.0122838821262121,0.0053180088289082,0.5158621668815613,0.1653685867786407,22.742509459922417,0.002095500472933,0.7701582312583923,0.1669657677412033,26.78712236814297,0.0026602230500429,0.7456278800964355,0.2035386115312576,25.75081947826952,0.0023465252015739,0.7550761699676514,0.1814126223325729,26.29574777123451,0.0058153052814304,0.4896420538425445,0.1802704632282257,22.35427481527003,0.0043911002576351,0.5193397402763367,0.1437152028083801,23.574266469674345,0.0044788005761802,0.5136477947235107,0.1477260589599609,23.48838274593186,0.0046893577091395,0.504467785358429,0.1677111983299255,23.288866375575623,0.0048087392933666,0.4966108798980713,0.1794090569019317,23.179687676384845,0.0131731694564223,0.4582985937595367,0.1998815983533859,18.80309721482274,0.0122377416118979,0.4004126489162445,0.1801787912845611,19.12298720751363,0.0131633607670664,0.3792443573474884,0.2158295214176178,18.80633215869937,0.0137331085279583,0.3689981400966644,0.2429134398698806,18.62231147851547,0.0143764419481158,0.3508524894714355,0.2576866447925567,18.423485849893854
000000433515__impronte_d_artista,0.0001058064735843,0.9868035316467284,0.0237267054617404,39.75487759938205,0.0122023411095142,0.0123356152325868,0.0121502829715609,0.0054546799510717,0.5004118084907532,0.1577988266944885,22.63230726205085,0.0022950982674956,0.7626021504402161,0.1614969372749328,26.391987148685697,0.0027180835604667,0.7472500801086426,0.2033710479736328,25.657371961348723,0.0026121109258383,0.7436049580574036,0.2102247923612594,25.83008384266568,0.0124230673536658,0.4369042813777923,0.1886107176542282,19.057711601739097,0.0105222621932625,0.4631038606166839,0.1591993123292923,19.778908806733945,0.0115234116092324,0.4308511912822723,0.173781082034111,19.384189251041647,0.0115341879427433,0.4346325099468231,0.1935405880212783,19.38012976296776,0.0123700806871056,0.4071342051029205,0.207952544093132,19.07627467561626,0.0088330069556832,0.4573082625865936,0.2015007436275482,20.53891427571284,0.0069143609143793,0.4753138720989227,0.1825208216905594,21.60247954988506,0.0072730178944766,0.4610642492771148,0.2028354406356811,21.38285343892486,0.0077099315822124,0.4489988088607788,0.1955602169036865,21.12949475852991,0.0079910950735211,0.4360721111297607,0.21858611702919,20.97393702313073
000000433515__picasso_self_portrait,9.98040777631104e-05,0.9948554635047911,0.0136222094297409,40.00851714084989,0.0121733099222183,0.0121910758316516,0.0121031291782855,0.005017512012273,0.5331812500953674,0.1519234776496887,22.99511579108007,0.0021297538187354,0.7770858407020569,0.172991082072258,26.7167059437522,0.0033755640033632,0.7191839218139648,0.220814049243927,24.716536530302307,0.0023762823548167,0.7609850764274597,0.1928479075431823,26.24101956850231,0.0063554495573043,0.5395011305809021,0.1271170973777771,21.96853723890272,0.0054412651807069,0.5339911580085754,0.1322315484285354,22.643001081850024,0.0056544481776654,0.5259715914726257,0.1355033367872238,22.47609771832865,0.005816941615194,0.521747350692749,0.1492489278316497,22.353052952056352,0.0059968163259327,0.5127102732658386,0.1529597342014312,22.22079252788945,0.0098877986893057,0.4510535299777984,0.3097638487815857,20.0490038418625,0.0069627282209694,0.4400939047336578,0.1951108127832412,21.572205564884783,0.007335003465414,0.427669495344162,0.2195792198181152,21.34599676638716,0.0075655351392924,0.421083003282547,0.2470500320196151,21.2116034724132,0.0079022012650966,0.3984881341457367,0.2835096716880798,21.02251913251415
000000433515__trial,0.0001088719945983,0.9902127385139464,0.0202233456075191,39.63083820479235,0.0122183468192815,0.0122844632714986,0.0121579580008983,0.0082828672602772,0.4207298457622528,0.3072148561477661,20.818192985096047,0.002427176805213,0.7470191121101379,0.2086764276027679,26.14898586778214,0.0027849993202835,0.7372639775276184,0.2372342944145202,25.551749064856374,0.0027079575229436,0.7327401041984558,0.2418548166751861,25.67358152282269,0.0093233622610569,0.4261996746063232,0.2883198261260986,20.304274408546178,0.0059744794853031,0.4763621389865875,0.1610375642776489,22.23699925778597,0.0062232171185314,0.4690653383731842,0.1859321296215057,22.059850468806687,0.0062337149865925,0.4647334814071655,0.1881711781024933,22.05253058103416,0.0066104806028306,0.4536138772964477,0.2293125391006469,21.79766964785201,0.0149326426908373,0.3954612016677856,0.2461341768503189,18.25863326602842,0.0117878839373588,0.3979682028293609,0.1852919161319732,19.28564148832695,0.0122133186087012,0.3842966258525848,0.1904220283031463,19.13166313318036,0.0129277324303984,0.364897757768631,0.2189159095287323,18.88477645214602,0.0131265968084335,0.3663190603256225,0.2161866128444671,18.818478541765188
000000433515__woman_with_hat_matisse,0.0001047322948579,0.9896028637886048,0.0198387391865253,39.79919380250815,0.0122314617037773,0.0123144295066595,0.0121672376990318,0.0050988574512302,0.521365225315094,0.1450488865375518,22.92527129434657,0.0021372360642999,0.7722055912017822,0.1477057039737701,26.701475060246405,0.0027459664270281,0.7522880434989929,0.188555896282196,25.613047768754967,0.0023966152220964,0.7549247741699219,0.1721661686897277,26.204016865896712,0.0093442527577281,0.5264727473258972,0.1502702534198761,20.294554226073256,0.0089153749868273,0.4967716634273529,0.1362891495227813,20.49860385378702,0.0097173461690545,0.46993288397789,0.1465988010168075,20.124523257632845,0.0096480874344706,0.4770485460758209,0.1677876263856887,20.155587694518434,0.0102955587208271,0.4480029642581939,0.1688319891691208,19.873500800524624,0.0067282672971487,0.4726259708404541,0.2229079455137252,21.720967634392192,0.0049865418113768,0.5017682313919067,0.1542826443910598,23.022005351168065,0.005044253077358,0.4971628487110138,0.1649483144283294,22.97203132379912,0.0056932675652205,0.471393346786499,0.2045117318630218,22.446384052683317,0.0057404823601245,0.4674986600875854,0.2282815724611282,22.41051613257285
000000317024__antimonocromatismo,0.0001092466118279,0.9943313598632812,0.0147008607164025,39.615920233481845,0.0149174239486455,0.0150938648730516,0.0148108825087547,0.0042419279925525,0.6676562428474426,0.0886220708489418,23.724367079794103,0.0017616311088204,0.8213710784912109,0.0672608092427253,27.54085029054792,0.0020483247935771,0.8135929703712463,0.0864555910229682,26.88601178128613,0.0019400049932301,0.8101336359977722,0.0790434628725051,27.121971522710677,0.0078411791473627,0.5615792870521545,0.203274592757225,21.05618623707557,0.0066340523771941,0.5512248873710632,0.1780510991811752,21.78221103959647,0.0067705954425036,0.5445888638496399,0.1905656158924102,21.693731354474867,0.0070071555674076,0.5397105813026428,0.2041682600975036,21.544582405317275,0.0071208290755748,0.5278709530830383,0.2034872323274612,21.4746943866856,0.0150575451552867,0.4946026504039764,0.2296116054058075,18.222458257723595,0.01210309099406,0.4984667003154754,0.1735365837812423,19.171037015651955,0.0130691565573215,0.4671203792095184,0.1903479695320129,18.83752439528929,0.0132930735126137,0.4692817628383636,0.1834998577833175,18.76374593530962,0.0142711726948618,0.4382823705673218,0.2246669679880142,18.45540338449338
000000317024__impronte_d_artista,0.0001197077217511,0.9892396330833436,0.0275228377431631,39.21877834507809,0.0150436870753765,0.0154478186741471,0.0149942804127931,0.0057029663585126,0.5953976511955261,0.1489445865154266,22.43899190286789,0.0021791665349155,0.7839756011962891,0.0920265763998031,26.617095791015142,0.0031162619125097,0.7538954615592957,0.1157242059707641,25.06366048310911,0.0023316282313317,0.7704318165779114,0.1354253739118576,26.3234069488744,0.0121280224993824,0.536856472492218,0.2050226479768753,19.16210006026946,0.0100714033469557,0.5524385571479797,0.1481885761022567,19.96910010739758,0.0110998824238777,0.5130258798599243,0.1694938838481903,19.546816214774463,0.0106795728206634,0.5371469855308533,0.159503698348999,19.714461185938852,0.0118162408471107,0.4915886223316192,0.1877225339412689,19.27520665503726,0.0090494658797979,0.5334413051605225,0.2003468126058578,20.433770530933447,0.0059779952280223,0.5667059421539307,0.1314368993043899,22.23444435975292,0.0062764412723481,0.5513484477996826,0.1495953053236007,22.022865304437914,0.006526059936732,0.5489874482154846,0.1552153378725052,21.85348941876299,0.0067813298664987,0.5348390936851501,0.158389076590538,21.68685129577305
000000317024__picasso_self_portrait,0.000108380227175,0.9950020909309388,0.0131313949823379,39.6504994300089,0.0147515777498483,0.0150054572150111,0.0146967116743326,0.0047322730533778,0.6605541706085205,0.0994322896003723,23.249302044173117,0.0017849277937784,0.8188346028327942,0.0824702084064483,27.483793478418946,0.0021123236510902,0.8105878829956055,0.0988253727555275,26.75239538262424,0.002004770329222,0.8035845756530762,0.0939558446407318,26.979353738990465,0.0064507280476391,0.5984624624252319,0.158660888671875,21.903912668796657,0.0050719790160655,0.6013607978820801,0.1189510747790336,22.948225518979665,0.0052059013396501,0.5932663083076477,0.1158923208713531,22.835040667399475,0.005302149336785,0.5910384654998779,0.1290172934532165,22.7554804438332,0.0054529141634702,0.5819708108901978,0.1371154189109802,22.633713386646576,0.0116799129173159,0.5201819539070129,0.2604815363883972,19.32560395209076,0.009579655714333,0.5031090974807739,0.2008286118507385,20.186500988600944,0.0097345747053623,0.4882077276706695,0.1999669671058654,20.11683017656946,0.0101933917030692,0.4731126129627228,0.2255675345659256,19.916812867648503,0.0104601616039872,0.4625384509563446,0.2393633127212524,19.8046160579592
000000317024__trial,0.0001094979597837,0.9904307723045348,0.0189115554094314,39.60593972722555,0.0147320143878459,0.015135558322072,0.0147107243537902,0.0052620186470448,0.6157377362251282,0.1468328088521957,22.78847617235805,0.0022261447738856,0.7970473170280457,0.0774641782045364,26.52446595412305,0.0030186416115611,0.7747318148612976,0.09952412545681,25.20188445559393,0.0024622841738164,0.7839596271514893,0.0973793789744377,26.08661826303809,0.0103167854249477,0.5130466222763062,0.2371099293231964,19.86455602096712,0.0084304818883538,0.5306074619293213,0.1843778043985366,20.74147600289664,0.0085810637101531,0.5203661322593689,0.1749965399503708,20.66458873594637,0.0086156204342842,0.5235750675201416,0.1920331716537475,20.64713442361765,0.0088280076161026,0.5085108876228333,0.1899672299623489,20.541373008354903,0.0150495609268546,0.4594724178314209,0.2636504769325256,18.224761704904587,0.0115873171016573,0.4862276017665863,0.1881507784128189,19.36017107852221,0.0123433545231819,0.4626011848449707,0.222684770822525,19.08566797115825,0.0119342217221856,0.4751467704772949,0.1912748515605926,19.23205897795153,0.0127487806603312,0.4458547532558441,0.2156499177217483,18.94531350744776
000000317024__woman_with_hat_matisse,0.0001219935293192,0.9913589358329772,0.0225785840302705,39.13663204205986,0.0150738069787621,0.0153302550315856,0.0149937476962804,0.0051455092616379,0.6248419284820557,0.1073348596692085,22.88571635755964,0.0020332497078925,0.79508376121521,0.077296957373619,26.91809281420864,0.0024760130327194,0.7867238521575928,0.0973683595657348,26.06247073697451,0.0022569161374121,0.7785303592681885,0.1068242788314819,26.464845781556377,0.0098965456709265,0.5666835904121399,0.1818780303001403,20.04516366800628,0.0086521096527576,0.5623469352722168,0.1383204311132431,20.628779851546057,0.0096362605690956,0.529430627822876,0.1545811146497726,20.160914649843665,0.0088947042822837,0.5524793267250061,0.1449045240879058,20.508684861081317,0.0102218110114336,0.5094931721687317,0.1883308738470077,19.904721528711235,0.0092118298634886,0.5548116564750671,0.2351782172918319,20.35654091770592,0.0074139167554676,0.5282099843025208,0.1954995542764663,21.29952294600495,0.0077080470509827,0.5127188563346863,0.2168251872062683,21.13055643015054,0.0080428076907992,0.5069074630737305,0.2089973986148834,20.945923154604817,0.0084012849256396,0.4871571063995361,0.2395034432411193,20.756542861478028
000000416343__antimonocromatismo,9.77453964878805e-05,0.9938955903053284,0.0136637520045042,40.09903687405141,0.0075416751205921,0.0072985514998435,0.0074548460543155,0.0036440035328269,0.5112218856811523,0.1583138108253479,24.3842121065445,0.0006530589307658,0.8652473092079163,0.0842242538928985,31.85047627068513,0.0008562680450268,0.8501443862915039,0.0939867496490478,30.67390263063908,0.0007213030476123,0.8540887236595154,0.1003155708312988,31.418822328474867,0.0060884817503392,0.4200112819671631,0.1771667003631591,22.154909913826103,0.0038323586340993,0.4878339767456054,0.131592720746994,24.165338561899357,0.0039478209801018,0.4790365397930145,0.1419289112091064,24.03642549294368,0.0040461872704327,0.4746014773845672,0.1437276750802993,23.929540205683278,0.0043804999440908,0.4511570036411285,0.1560797989368438,23.584763208727544,0.0152499983087182,0.386317491531372,0.2013052552938461,18.167302044820733,0.0133130066096782,0.3510434329509735,0.1766839027404785,18.757238523738856,0.0140169123187661,0.3311244249343872,0.1941559016704559,18.533476433312916,0.0147058935835957,0.3170801401138305,0.2039720118045807,18.32508581042394,0.0155450319871306,0.2866517007350921,0.2348895221948623,18.084083799688088
000000416343__impronte_d_artista,0.0001035731111187,0.9841752052307128,0.0290636606514453,39.84752978263167,0.0071716094389557,0.0071983635425567,0.0071437712758779,0.0035698290448635,0.4930630624294281,0.1814763993024826,24.47352581268793,0.0007886616513133,0.8396030068397522,0.1000277549028396,31.031092762374072,0.0010424020001664,0.821588933467865,0.1194304004311561,29.81964763968121,0.0008464499260298,0.8341379761695862,0.1331508755683899,30.723987286266805,0.0145750930532813,0.3617091178894043,0.2226828187704086,18.36388663848702,0.0123948566615581,0.3847822248935699,0.165556713938713,19.067584911998537,0.0128459995612502,0.3708664178848266,0.1757129728794098,18.912320971550656,0.013154094107449,0.3647781908512115,0.1802483201026916,18.80939055421902,0.0132723180577158,0.3593854010105133,0.1822338104248047,18.770532194297594,0.0096847638487815,0.3952264487743377,0.221323013305664,20.139109645598868,0.0063342992216348,0.435093879699707,0.1871452033519745,21.98301425139111,0.0067199510522186,0.425316721200943,0.2137203067541122,21.726338903135485,0.0071049258112907,0.4033256471157074,0.2097898423671722,21.48440452559209,0.0071222833357751,0.4027473032474518,0.2147538959980011,21.4738075339189
000000416343__picasso_self_portrait,9.602186764823271e-05,0.9949809908866882,0.012837866321206,40.17629851153424,0.0073872474022209,0.0071489950641989,0.007295164745301,0.0037788329645991,0.4990289211273193,0.1646250486373901,24.226423047371668,0.0007108367863111,0.8510338664054871,0.101016417145729,31.48230105235708,0.0007709840429015,0.8468367457389832,0.109790489077568,31.129546104724174,0.0007911920547485,0.8405149579048157,0.1163400337100029,31.017180826295245,0.00706034200266,0.4608830511569977,0.162420392036438,21.51174261232814,0.0053834249265491,0.4771984815597534,0.1648988872766494,22.689413389336863,0.0054686665534973,0.4768148958683014,0.1641606986522674,22.62118556492061,0.0056801810860633,0.4660777151584625,0.1663982272148132,22.45637818615662,0.0058278627693653,0.4624794423580169,0.1682881712913513,22.344906832591303,0.0102999480441212,0.3895966708660126,0.2739019095897674,19.871649659946677,0.006778075825423,0.3820774257183075,0.1953115910291671,21.68893577077484,0.0067323110997676,0.3809520006179809,0.1926702260971069,21.718358235056776,0.0069839893840253,0.372738242149353,0.2057892382144928,21.558964294489243,0.0071759857237339,0.3642704784870147,0.1984389126300811,21.44118433970341
000000416343__trial,0.0001023408476612,0.9892517924308776,0.0240444261580705,39.899509902065816,0.00713030109182,0.0070790080353617,0.0070655522868037,0.0048971860669553,0.4459977149963379,0.2491018772125244,23.100533947939503,0.0007404871867038,0.840980589389801,0.1075796782970428,31.30482452054274,0.00078918406507,0.8370847105979919,0.1167114004492759,31.028216924543557,0.0008117304532788,0.8316352367401123,0.1272417306900024,30.905881605218998,0.0097655495628714,0.3538569211959839,0.2824538648128509,20.10303311474264,0.0062731974758207,0.4110603332519531,0.1798897683620453,22.02511040964278,0.0061250515282154,0.4121876060962677,0.1777144223451614,22.128902533592694,0.0060830325819551,0.4109130799770355,0.1608093529939651,22.158798573615957,0.0062955445609986,0.4023513793945312,0.1799356043338775,22.009666977073596,0.0157681480050086,0.3412056863307953,0.2823945879936218,18.022193122790377,0.0127095589414238,0.3376481533050537,0.2019956260919571,18.958695204632555,0.0127082942053675,0.3389190435409546,0.2163098454475402,18.959127395256687,0.0131489401683211,0.3289919793605804,0.219683900475502,18.811092507939268,0.0133760944008827,0.3211698234081268,0.2255094200372696,18.736706748902726
000000416343__woman_with_hat_matisse,0.0001062621377059,0.9891971945762634,0.0234916731715202,39.73621451511647,0.0072627235203981,0.0072587570175528,0.007184874266386,0.0027775727212429,0.5401056408882141,0.1610567271709442,25.56334561722444,0.0006644416134804,0.8460758328437805,0.0879232138395309,31.775431758308383,0.0011484330752864,0.8158407211303711,0.1080167144536972,29.398943081578203,0.0007329884101636,0.8359410166740417,0.1063159704208374,31.34902892264407,0.0113314921036362,0.4314508140087127,0.1779783964157104,19.457128995179417,0.0104110855609178,0.4179808795452118,0.1607366353273391,19.82503984366851,0.0111398100852966,0.3895855844020843,0.1750892251729965,19.531222130770804,0.0112662799656391,0.3843950033187866,0.1784259527921676,19.482194608033613,0.0116149326786398,0.3745054006576538,0.1746570467948913,19.349833030725225,0.0072747468948364,0.4025959968566894,0.2110685110092163,21.38182112182341,0.0042520649731159,0.4591876566410064,0.155651718378067,23.71400107918701,0.0044312444515526,0.4524752199649811,0.1671985834836959,23.534742912610863,0.0047701527364552,0.4329701960086822,0.1811638474464416,23.214677149771376,0.0049159997142851,0.4247852861881256,0.1822212487459182,23.08388151026509
000000133969__antimonocromatismo,0.0001151088581536,0.9946215748786926,0.0117272362112998,39.38891254135286,0.0163066424429416,0.0163590721786022,0.0162186920642852,0.0058501348830759,0.6561649441719055,0.1203617826104164,22.328341205331576,0.0021411997731775,0.8544015884399414,0.087879791855812,26.693428112944733,0.0023640554863959,0.8482239842414856,0.0956871658563613,26.263423344097383,0.002321594627574,0.8486359119415283,0.0963420495390892,26.342136099104863,0.00648028915748,0.6213251352310181,0.1357276886701584,21.884056150096264,0.006082824897021,0.5926875472068787,0.1290345191955566,22.158946851566824,0.0063724112696945,0.5782781839370728,0.1529814898967743,21.956962029909523,0.0063847848214209,0.5760553479194641,0.1566272974014282,21.948537346486845,0.0065704677253961,0.5639533400535583,0.1718242913484573,21.824037136474644,0.0137232625856995,0.5516534447669983,0.1924359947443008,18.625426266378543,0.0122434394434094,0.5319294333457947,0.1618689745664596,19.120965624630564,0.0126785142347216,0.5168603658676147,0.1679138392210006,18.96931637421837,0.0133771514520049,0.5047498941421509,0.1705088466405868,18.736363559540045,0.0138042429462075,0.4863751828670501,0.1855605542659759,18.599874059968315
000000133969__impronte_d_artista,0.0001184054126497,0.991238296031952,0.019686447456479,39.26628444317629,0.0164104960858821,0.0166141465306282,0.0163456033915281,0.0068549145944416,0.6175996661186218,0.1492807567119598,21.63997951726952,0.002355984179303,0.842796266078949,0.0943171977996826,26.27827630211105,0.0026959078386425,0.8379812240600586,0.1011693924665451,25.692949585213988,0.0026393712032586,0.8334229588508606,0.103443905711174,25.78499525964149,0.0113118076696991,0.5893968343734741,0.157941073179245,19.46467987625892,0.0105961887165904,0.5741410255432129,0.1413451582193374,19.748503155839405,0.0111380321905016,0.554238498210907,0.1518622636795044,19.53191531271448,0.011081944219768,0.5581561923027039,0.1411893367767334,19.55384040163112,0.0116144344210624,0.5401407480239868,0.1522676050662994,19.350019338441268,0.0080083133652806,0.5976101160049438,0.1598152816295623,20.96458941254324,0.0057052872143685,0.6204379200935364,0.1084673404693603,22.43722487533998,0.0058552804403007,0.6129792332649231,0.1101004928350448,22.32452299437326,0.0063457149080932,0.5968357920646667,0.1314173936843872,21.97519443206798,0.0065074376761913,0.5906297564506531,0.1318795084953308,21.86589982575747
000000133969__picasso_self_portrait,0.0001147783987107,0.995302438735962,0.0107187246903777,39.40139838448863,0.0161586292088031,0.0163547433912754,0.016088668256998,0.0065031028352677,0.6410861015319824,0.1373482942581176,21.86879378325452,0.0023629229981452,0.8369762301445007,0.1104353368282318,26.26550430727135,0.0040478208102285,0.7941117286682129,0.1294145286083221,23.927787211809584,0.0026491426397114,0.8261095881462097,0.1237257272005081,25.76894657039942,0.0057291532866656,0.6574833989143372,0.1203563958406448,22.419095578058133,0.0046219266951084,0.6549012064933777,0.0826759189367294,23.35176946819345,0.0048045055009424,0.6474452018737793,0.0926551818847656,23.183513050325853,0.0049032387323677,0.6432862281799316,0.0912970751523971,23.095169610010377,0.0050862007774412,0.6366235613822937,0.0988227725028991,22.93606500075809,0.0101639488711953,0.5633143782615662,0.2402468919754028,19.929375282943948,0.0084643010050058,0.5413252711296082,0.1869648993015289,20.724089007804597,0.008659235201776,0.5321953892707825,0.2017353326082229,20.625204639082803,0.0091311829164624,0.5187398791313171,0.1880332827568054,20.39472957316258,0.0092075811699032,0.5101673007011414,0.2134310901165008,20.35854443910931
000000133969__trial,0.0001134483827627,0.9913693070411682,0.0130833582952618,39.45201690719812,0.0162004921585321,0.016446441411972,0.0161355920135974,0.0058964737690985,0.6575960516929626,0.1301517188549041,22.29407629111189,0.0023031204473227,0.8588106036186218,0.0913899540901184,26.376833489485925,0.0028389792423695,0.8479482531547546,0.0976089760661125,25.468377828729896,0.0025499446783214,0.8480189442634583,0.1038079038262367,25.934692415897047,0.0087894853204488,0.5660549998283386,0.1841600835323333,20.56036554850369,0.0079341754317283,0.5615977048873901,0.1689354330301284,21.004982011155526,0.0078994175419211,0.5559449791908264,0.1788691580295562,21.024049299317376,0.0079111205413937,0.5557785034179688,0.1664953082799911,21.017619981106783,0.0080101191997528,0.5436144471168518,0.1836312264204025,20.96361021068109,0.013383406214416,0.5067642331123352,0.1858753561973571,18.73433340091324,0.0106358453631401,0.5389931201934814,0.1553542166948318,19.732279855961263,0.0114007899537682,0.5162966847419739,0.1561136543750763,19.43065055621721,0.0117623284459114,0.505739152431488,0.1570008099079132,19.295066977230164,0.0120757883414626,0.4934424161911011,0.1627759635448455,19.180845076844165
000000133969__woman_with_hat_matisse,0.0001202253115479,0.9927018284797668,0.021335644647479,39.20004088836024,0.01643224991858,0.0165761560201644,0.0163379870355129,0.0072330902330577,0.6067298054695129,0.172853872179985,21.406761170299923,0.002317881444469,0.8425260186195374,0.0924911051988601,26.34908781197966,0.0025652695912867,0.8356884121894836,0.1015213131904602,25.908669869436796,0.0026100676041096,0.8292844295501709,0.0978930816054344,25.83348243730096,0.0085422461852431,0.6482225060462952,0.1076498851180076,20.684279164783888,0.0083467410877347,0.607002854347229,0.0986288189888,20.78483057915085,0.008885127492249,0.5905728340148926,0.1154631227254867,20.513363361442188,0.0090433098375797,0.5855396389961243,0.1144270673394203,20.43672589312957,0.0092874830588698,0.5725507736206055,0.1218365877866745,20.321019654193687,0.0074869208037853,0.5982030034065247,0.1754471957683563,21.256967607895422,0.0067167393863201,0.5676251649856567,0.1631093174219131,21.7284150227133,0.0069299633614718,0.5586809515953064,0.1694821864366531,21.59269061485256,0.0072982758283615,0.5436532497406006,0.1852978467941284,21.367797270947374,0.0073966044001281,0.5411210060119629,0.2006449401378631,21.309676084761065
000000183391__antimonocromatismo,0.0001167513328255,0.9941489696502686,0.0109911989420652,39.32738152856388,0.01762081310153,0.0176162850111722,0.0175097566097974,0.0061946976929903,0.6301149725914001,0.1011483967304229,22.079798827454876,0.0022899087052792,0.842630922794342,0.0741418227553367,26.401818318888505,0.0024400514084845,0.8405830264091492,0.1024406552314758,26.126010235850494,0.0026470243465155,0.8305180668830872,0.0889352560043335,25.772420641732552,0.0063680242747068,0.5982890725135803,0.1355007588863372,21.959952897504223,0.0056497841142117,0.5707908868789673,0.1282631307840347,22.479681468350435,0.0057983198203146,0.5621585249900818,0.1311242580413818,22.366978337607375,0.0059609026648104,0.5539544224739075,0.1407143920660019,22.246879696788024,0.0061303167603909,0.5417824387550354,0.1468590199947357,22.125170844154013,0.0129362745210528,0.5344277024269104,0.1820342689752578,18.881907768282023,0.0121812792494893,0.5019606351852417,0.1485138833522796,19.14307100716216,0.0124952048063278,0.4863826036453247,0.1620190143585205,19.03256621047809,0.0131166018545627,0.4714221060276031,0.168864220380783,18.82178663966787,0.0134721435606479,0.4586301743984222,0.1905898749828338,18.7056329792986
000000183391__impronte_d_artista,0.0001174139033537,0.990316927433014,0.0163301676511764,39.30280473852501,0.0177377481013536,0.0178991965949535,0.0176528543233871,0.0069426521658897,0.5954614281654358,0.1255037784576416,21.58474592804636,0.0025322400033473,0.8339669704437256,0.0800480023026466,25.964951346776903,0.0031157536432147,0.818498432636261,0.1132466867566108,25.06436888490528,0.0028656180948019,0.8217635750770569,0.1176879107952117,25.42781689155636,0.010700087994337,0.57071852684021,0.145671933889389,19.706126507916224,0.0103633729740977,0.5572102069854736,0.1113170534372329,19.84498871460744,0.0109969051554799,0.5317494869232178,0.1241373345255851,19.58729520569971,0.0106695955619215,0.5456874966621399,0.1259724199771881,19.71852042483183,0.0113411480560898,0.5187622308731079,0.1374839097261428,19.45342979906276,0.0075861080549657,0.5728569030761719,0.1616174727678299,21.199809755877304,0.0059821237809956,0.5892266631126404,0.1133013814687728,22.231446048708683,0.0062504452653229,0.5769230723381042,0.1305466294288635,22.04089043554364,0.0066123711876571,0.5669445991516113,0.139212429523468,21.796427751510272,0.0067908018827438,0.5636441111564636,0.1426817774772644,21.68078939609268
000000183391__picasso_self_portrait,0.0001107452553696,0.9950084686279296,0.0082840640097856,39.55674871072392,0.0174364689737558,0.0173164587467908,0.0172760281711816,0.0063711479306221,0.6216166019439697,0.1052023842930793,21.957823109896857,0.0024371973704546,0.83538818359375,0.0864907801151275,26.13109299117092,0.0026725474745035,0.8303928971290588,0.122794322669506,25.73074571345833,0.0028081375639885,0.8233802914619446,0.10174460709095,25.515816209661004,0.0057444018311798,0.6427953839302063,0.1246069967746734,22.40755188027564,0.0049908128567039,0.6246889233589172,0.0914878472685813,23.018287148112115,0.0052731917239725,0.6108283400535583,0.0960419699549675,22.77926438198285,0.0053152819164097,0.6095539331436157,0.1016171425580978,22.74473696052416,0.0055447039194405,0.5973808169364929,0.1202889531850814,22.561216397017105,0.0099437301978468,0.5345759987831116,0.2319117486476898,20.02450667871632,0.0080195665359497,0.518659770488739,0.1512710750102996,20.958491050490803,0.007946515455842,0.515889585018158,0.1650202721357345,20.99823267575736,0.0083773704245686,0.4993728697299957,0.1691019386053085,20.768922808105096,0.0084173120558261,0.4961629807949066,0.1850708574056625,20.748265718841967
000000183391__trial,0.0001147954026237,0.9909358024597168,0.0154053140431642,39.40075504404359,0.017440091818571,0.017648221924901,0.0174140986055135,0.0066072954796254,0.6161101460456848,0.1226631700992584,21.799762710180104,0.0025693573988974,0.8357251286506653,0.0894701182842254,25.90175480952359,0.0027480609714984,0.8347007632255554,0.1163662075996398,25.60973635771296,0.0029170562047511,0.8269455432891846,0.1197976320981979,25.350552029735308,0.008556785993278,0.5430473685264587,0.1822955310344696,20.676893296562227,0.0071474141441285,0.5489028096199036,0.1237128973007202,21.45851052752786,0.0073080263100564,0.5368581414222717,0.1434695422649383,21.361998977875125,0.0071158944629132,0.5450951457023621,0.1372551918029785,21.47770501638462,0.0072876643389463,0.5307942032814026,0.1451386362314224,21.374116386558693,0.0137535547837615,0.478642076253891,0.1851979196071624,18.615850383104966,0.0110766580328345,0.5053651332855225,0.1416534930467605,19.55591251956791,0.0117415757849812,0.481844037771225,0.1635302901268005,19.30273614434413,0.0118844108656048,0.4816901385784149,0.1501671969890594,19.25022342262136,0.0122104929760098,0.4698378145694732,0.1618221402168274,19.13266801866841
000000183391__woman_with_hat_matisse,0.0001182309351861,0.9919447898864746,0.0169902648776769,39.27268875207281,0.0176738090813159,0.0178997814655303,0.0175763815641403,0.0069780703634023,0.6017134785652161,0.1170611754059791,21.562646556555624,0.0023324235808104,0.8425507545471191,0.070072516798973,26.321925765100914,0.0031513862777501,0.821215808391571,0.107637420296669,25.01498360388822,0.0026430252473801,0.8320336937904358,0.096081405878067,25.778986882699147,0.0082852086052298,0.6315718293190002,0.1025106459856033,20.81696552427541,0.00856614112854,0.5838807225227356,0.1022511273622512,20.67214774809717,0.009186272509396,0.5585551857948303,0.1064799129962921,20.368606754463386,0.0091249449178576,0.5606796145439148,0.1152650862932205,20.39769748454247,0.0095531782135367,0.5439102053642273,0.1130671948194503,20.19852120460706,0.0073811267502605,0.5765085816383362,0.1603935956954956,21.31877336812586,0.0063287038356065,0.5497900247573853,0.1428305804729461,21.98685227531541,0.0063773109577596,0.5400848388671875,0.1531979441642761,21.95362406292249,0.0067521180026233,0.5279199481010437,0.1477078199386596,21.70559976417896,0.0069879703223705,0.5174021124839783,0.1712821424007415,21.556489481164224
000000463618__antimonocromatismo,0.0001070721409632,0.9942634105682372,0.0131415799260139,39.70323513293263,0.0135229816660285,0.0136066386476159,0.0134201478213071,0.0042668394744396,0.6258862614631653,0.1076515763998031,23.698936957102838,0.0013786501949653,0.8768978118896484,0.0659804791212081,28.60545913423726,0.0018476811237633,0.8498539924621582,0.1173449009656906,27.33372977996547,0.0015497552230954,0.860644519329071,0.0823759287595748,28.09736891283732,0.0055913389660418,0.5416505932807922,0.1184417009353637,22.52484178530238,0.004279360640794,0.5685113072395325,0.1067694872617721,23.686211120421483,0.0043324632570147,0.5565229654312134,0.1128085404634475,23.63265111786211,0.0044264709576964,0.5538058876991272,0.1160885915160179,23.53942380863439,0.0046271188184618,0.5386427044868469,0.1261846721172332,23.346893482330174,0.0127705195918679,0.494105577468872,0.1731205582618713,18.937914323144696,0.0112244570627808,0.4782659113407135,0.1603594869375229,19.498346570365324,0.0120852440595626,0.4462668895721435,0.1869313269853592,19.177445746604636,0.0124924452975392,0.4383237361907959,0.1851368546485901,19.03352543588707,0.0131433866918087,0.4171855747699737,0.1955165863037109,18.81292714528683
000000463618__impronte_d_artista,0.000111789064249,0.9888035655021667,0.0197252631187438,39.5160067917409,0.013575161807239,0.0137736210599541,0.0135435760021209,0.0049354084767401,0.5940295457839966,0.1208051443099975,23.06676897330142,0.0017705662176012,0.8493578433990479,0.0841118842363357,27.51887826374901,0.0020857055205851,0.8317964673042297,0.114352285861969,26.807470093384783,0.0020170968491584,0.8309130072593689,0.1179554238915443,26.952732490131677,0.0119088813662529,0.4907008707523346,0.1678939163684845,19.241290310680164,0.0098306667059659,0.5198500156402588,0.1426950544118881,20.074170277524548,0.0109303817152976,0.4848900735378265,0.1558499932289123,19.61364671174473,0.0104451337829232,0.4997363984584808,0.1529306471347808,19.81085993135732,0.0114581109955906,0.4675163030624389,0.16959148645401,19.40886975022428,0.0077840615995228,0.5073766112327576,0.165845900774002,21.0879373591712,0.0054129078052937,0.5740686058998108,0.1104608178138732,22.665693699148772,0.0056011066772043,0.5577182173728943,0.1203348040580749,22.51726155794032,0.0058568711392581,0.5519570112228394,0.1220816075801849,22.323343310556595,0.0061075189150869,0.5313124060630798,0.138368159532547,22.141351793352577
000000463618__picasso_self_portrait,0.0001084220348275,0.9947009086608888,0.0121530890464782,39.64882446289203,0.0133911781013011,0.0135279409587383,0.0133324582129716,0.0043392092920839,0.6203880310058594,0.1084328144788742,23.62589402139721,0.0014887260040268,0.8680915832519531,0.0707886591553688,28.271852256117505,0.002016152953729,0.8403837084770203,0.1243044510483741,26.95476523595198,0.0016235715011134,0.8557379841804504,0.0850311815738678,27.895285805487564,0.0057942867279052,0.5729297995567322,0.1029860600829124,22.370000177159643,0.0044813589192926,0.6059530377388,0.0799973681569099,23.48590271345629,0.0046628075651824,0.5967509150505066,0.0896304696798324,23.31352507578729,0.0048671117983758,0.5842307209968567,0.0953712165355682,23.127286778246937,0.0048660524189472,0.5868447422981262,0.0986165851354599,23.12823216996465,0.0091146966442465,0.4913114607334137,0.2275585234165191,20.402577809774225,0.0067324894480407,0.5022438764572144,0.1725236177444458,21.71824318593953,0.0069946311414241,0.4800864160060882,0.194281205534935,21.55235182883071,0.0072717699222266,0.4662035405635834,0.2014562785625457,21.383598705847827,0.0074826143682003,0.4524060487747192,0.2316460609436035,21.25946636452528
000000463618__trial,0.0001077048000297,0.9906511306762696,0.0166008044034242,39.67764941270442,0.0134188262745738,0.0136277172714471,0.0133625110611319,0.0051879636012017,0.5874336957931519,0.1382296085357666,22.85003079591171,0.0016046803211793,0.8661496043205261,0.0802735239267349,27.94611473275288,0.0020489345770329,0.8429386019706726,0.1198455691337585,26.88471908503246,0.0018164973007515,0.8484106659889221,0.1092009097337722,27.40765243146489,0.0085038132965564,0.4676499366760254,0.1898613274097442,20.703862834289488,0.0058221681974828,0.5387420058250427,0.1428555399179458,22.34915252318109,0.0061272606253623,0.5169807076454163,0.164892315864563,22.12733646394103,0.0060593597590923,0.5145447254180908,0.1602322459220886,22.175732616064074,0.0067591122351586,0.4834924936294555,0.1956460624933242,21.701103420303344,0.0139575405046343,0.4230011403560638,0.1916999667882919,18.55191103157728,0.0107049755752086,0.4668512642383575,0.1542308777570724,19.704143192676465,0.0111452201381325,0.4496249258518219,0.1624166071414947,19.52911349002313,0.0114837503060698,0.4407225549221039,0.1681629419326782,19.39916259041689,0.0120202228426933,0.4177271127700805,0.1925648301839828,19.200874808811207
000000463618__woman_with_hat_matisse,0.0001129649826907,0.9907564520835876,0.0235369224101305,39.470561598884544,0.0136009193956851,0.0137908477336168,0.0135557278990745,0.0045240097679197,0.6134529709815979,0.1084092408418655,23.44476466047847,0.0015345598803833,0.858906090259552,0.0645041391253471,28.140161602053404,0.0018472295487299,0.842799961566925,0.1009619385004043,27.33479132955904,0.0017167046898975,0.8435463905334473,0.0898387432098388,27.65304406398957,0.0093347756192088,0.5457956194877625,0.1135768443346023,20.298961167626395,0.0083153201267123,0.5427855253219604,0.1096057146787643,20.80121026469906,0.0089333020150661,0.5175487399101257,0.1192856803536415,20.48987983232791,0.008788944222033,0.5254956483840942,0.1222817823290824,20.560632917162167,0.0094163874164223,0.5003648400306702,0.1321983635425567,20.261156817116493,0.0065154661424458,0.5260779857635498,0.156947985291481,21.86054507679712,0.0047967168502509,0.5509284138679504,0.1206764355301857,23.190559171403056,0.0048395628109574,0.5398046970367432,0.1313832998275756,23.151938692160247,0.0050897947512567,0.5301645398139954,0.1432872414588928,22.932997304714696,0.0051616998389363,0.521381139755249,0.1483549922704696,22.872072539734425
000000043581__antimonocromatismo,0.0001131716344389,0.9935345649719238,0.0089347716420888,39.46262411931821,0.0164536014199256,0.0163093283772468,0.0163545440882444,0.0069237151183187,0.5621240735054016,0.1415991187095642,21.596608098156267,0.0026310242246836,0.7981556057929993,0.1008036732673645,25.798751532073425,0.0028312362264841,0.7848342061042786,0.1188988536596298,25.48023893411823,0.0030351916793733,0.7783675193786621,0.1201629564166069,25.17813877021826,0.00534706749022,0.5617979168891907,0.1205696761608123,22.71884334237946,0.0036519449204206,0.620999276638031,0.0958421155810356,24.374757812302267,0.0038473054300993,0.6075955033302307,0.1053362190723419,24.148433345298507,0.0038686152547597,0.6061828136444092,0.106421485543251,24.12444460003082,0.0041353818960487,0.5905535817146301,0.1159356907010078,23.83484377843437,0.0123318694531917,0.4902470409870147,0.1685094237327575,19.08971081420273,0.0097167054191231,0.5314083695411682,0.1179451420903205,20.124809635548736,0.0102315433323383,0.5093633532524109,0.1242464929819107,19.90058852097765,0.0106218801811337,0.5016908645629883,0.1355651021003723,19.73798601896917,0.0112413587048649,0.4815082550048828,0.1502587050199508,19.49181193894752
000000043581__impronte_d_artista,0.0001192328709294,0.9877427220344543,0.0141554214060306,39.23603998830091,0.0166966710239648,0.0167076103389263,0.0165692996233701,0.0064906552433967,0.5554097294807434,0.1327549368143081,21.87711458172331,0.0030319914221763,0.7868807315826416,0.1023853570222854,25.18272031703158,0.0032551996409893,0.7730516791343689,0.1251835078001022,24.874223710524035,0.0035699678119271,0.7562678456306458,0.1250285357236862,24.47335699620417,0.0102230841293931,0.5172309279441833,0.1348395645618438,19.904180652270902,0.0084634805098176,0.5653139352798462,0.0988844335079193,20.724510015758465,0.0092584276571869,0.5353007316589355,0.1161606982350349,20.334627625392883,0.0089475596323609,0.5453767776489258,0.1094845533370971,20.48295398507224,0.0096748424693942,0.5211493968963623,0.1249326169490814,20.14356097650633,0.007998994551599,0.5293071866035461,0.1441810429096222,20.9696459902489,0.0057446011342108,0.5897498726844788,0.1176018491387367,22.40740120365584,0.0059307632036507,0.580653727054596,0.127740129828453,22.268894156059883,0.0061993286944925,0.573937714099884,0.1316671371459961,22.076553363182256,0.0064478828571736,0.5587143301963806,0.1417822837829589,21.905828612378908
000000043581__picasso_self_portrait,0.0001059888527379,0.9942874908447266,0.0094588529318571,39.74739808782183,0.0162012409418821,0.0160203669220209,0.0160277150571346,0.006131574511528,0.5866230130195618,0.1090880632400512,22.124279897776795,0.0028659722302109,0.8018653392791748,0.1077841445803642,25.42728022007271,0.0030685493256896,0.7856393456459045,0.1326345950365066,25.130668912157454,0.0032890643924474,0.77568119764328,0.1221241578459739,24.829276239296703,0.0055847517214715,0.606917679309845,0.0916608422994613,22.529961293329077,0.0044698980636894,0.6356149315834045,0.0793077647686004,23.497023808685015,0.0047513656318187,0.6230667233467102,0.0866353660821914,23.2318154803346,0.0048296158201992,0.6162574887275696,0.0940116941928863,23.16087414549402,0.0049050650559365,0.6117985844612122,0.0903892070055008,23.093552281929203,0.00943108741194,0.4871550798416137,0.2065994143486023,20.254382298736697,0.0054825288243591,0.5753702521324158,0.1297076642513275,22.610190763440595,0.0056970180012285,0.5611246228218079,0.1373087465763092,22.44352408273373,0.0059824655763804,0.5493535995483398,0.1355951726436615,22.23119791674995,0.0062893056310713,0.5319293737411499,0.1515120267868042,22.01397300061944
000000043581__trial,0.0001212884744745,0.989755630493164,0.0194436237215995,39.16180466321498,0.0164388269186019,0.0164274703711271,0.0163637250661849,0.0086930682882666,0.5071327090263367,0.1992678195238113,20.608269087676785,0.0032650229986757,0.7693765759468079,0.1315243542194366,24.86113755227262,0.0034422304015606,0.7608068585395813,0.1536038368940353,24.63160064055648,0.0037950156256556,0.7445950508117676,0.1649243831634521,24.207864315940466,0.0068491245619952,0.524265706539154,0.1585492640733719,21.64364935396865,0.0046216319315135,0.5971377491950989,0.0957576856017112,23.352046448538204,0.0049712755717337,0.5786494612693787,0.1042790114879608,23.03532162033767,0.0048361103981733,0.5824177861213684,0.0847726985812187,23.155037936734985,0.0053670178167521,0.5570149421691895,0.1128755956888198,22.70266962994254,0.0127722332254052,0.459796279668808,0.1677111983299255,18.93733159692432,0.0096678771078586,0.5168314576148987,0.1068640500307083,20.146688787151597,0.0101498225703835,0.4989011585712433,0.1218197867274284,19.935415496105577,0.0103652635589241,0.4940119981765747,0.1202626973390579,19.84419650566628,0.0109763937070965,0.4706077873706817,0.1352786421775818,19.59540323853704
000000043581__woman_with_hat_matisse,0.00011310242553,0.9900683760643004,0.0123232919722795,39.46528081343004,0.0165306776762008,0.0165198147296905,0.016429653391242,0.0045356643386185,0.6253746151924133,0.0738656222820282,23.43359092845242,0.0022873303387314,0.8144375681877136,0.0694150924682617,26.406711095829863,0.0027924918103963,0.7920107841491699,0.0919099450111389,25.540080918757035,0.0027338489890098,0.7885919213294983,0.0910860002040863,25.6322547844816,0.0086016422137618,0.5628536343574524,0.0886787250638008,20.65418625932185,0.0077088363468647,0.5784762501716614,0.0795320272445678,21.13011173995268,0.0081621995195746,0.562972366809845,0.0865677148103714,20.881927933913147,0.0080700013786554,0.5622116923332214,0.086324356496334,20.93126391084324,0.0086705544963479,0.5433355569839478,0.0940613895654678,20.619531277828766,0.0067232125438749,0.5259421467781067,0.1480135321617126,21.724231589857965,0.0043359170667827,0.5941196084022522,0.1119352802634239,23.629190331539604,0.004580499138683,0.5823121070861816,0.1317203342914581,23.390871941873076,0.0047474219463765,0.5756435394287109,0.1320413947105407,23.23542166883017,0.0050009656697511,0.5608014464378357,0.1410658657550811,23.009461267538327
000000360943__antimonocromatismo,0.0001107800635509,0.9948143362998962,0.0185405034571886,39.55538390048645,0.0094079114496707,0.0091189928352832,0.0092628682032227,0.0067263669334352,0.3978705108165741,0.3046341240406036,21.72219444957829,0.0010270907077938,0.8640134930610657,0.0822080224752426,29.88391199874256,0.0012803174322471,0.8500837683677673,0.0894616097211837,28.926823413036843,0.0011326954700052,0.8522709012031555,0.0920677334070205,29.458868363620606,0.0083898520097136,0.4402199685573578,0.3328564167022705,20.76245699711417,0.0061947205103933,0.4295804500579834,0.2201666682958603,22.079782830784023,0.0064235515892505,0.4182047545909881,0.2506760656833648,21.92224783593505,0.0063110627233982,0.4234031140804291,0.2316355854272842,21.99897503506042,0.0063897161744534,0.4160876274108886,0.2482224553823471,21.94518432390311,0.0160035621374845,0.439684510231018,0.3460231423377991,17.95783339564704,0.0176246706396341,0.2820186614990234,0.2796551883220672,17.53878990122434,0.0177352521568536,0.2809634208679199,0.2942388653755188,17.511626324217186,0.0183215606957674,0.2659012675285339,0.2925520539283752,17.370375343422886,0.0184470266103744,0.2548853158950805,0.2929065823554992,17.340736257527677
000000360943__impronte_d_artista,0.0001058842171914,0.9888034462928772,0.0261932648718357,39.75168769802509,0.0090277269482612,0.0090288594365119,0.0089415535330772,0.0049438122659921,0.4575460255146026,0.2416717410087585,23.05938029301052,0.0009239730425179,0.8767489790916443,0.0790490508079528,30.343406994038183,0.0010539895156398,0.870790958404541,0.0844608470797538,29.77163709163709,0.0009531209361739,0.8694223761558533,0.0836467966437339,30.20851990672523,0.0158101543784141,0.385593980550766,0.3550225496292114,18.010638893741756,0.0152691155672073,0.3534165620803833,0.2577555179595947,18.161861178489808,0.0157697610557079,0.3359175026416778,0.2625479698181152,18.021748870752635,0.0158108305186033,0.3432300388813019,0.2593078017234802,18.01045316647605,0.0161241460591554,0.3233083188533783,0.2840170562267303,17.925232764828944,0.0129396514967083,0.3839998245239258,0.3137685656547546,18.880774203516037,0.0104585597291588,0.3410545289516449,0.2575256526470184,19.80528118981781,0.0104675581678748,0.3360061943531036,0.2634985148906708,19.801546170699428,0.0108819296583533,0.3301965892314911,0.277314692735672,19.63294085734629,0.0109626865014433,0.3273310959339142,0.2884302735328674,19.600830051781266
000000360943__picasso_self_portrait,0.0001080165093299,0.9952290654182434,0.0185877550393342,39.66509861523049,0.0092917662113904,0.0090671554207801,0.0092180632054805,0.006087124813348,0.4174388349056244,0.2712741494178772,22.15587793171816,0.0011852354509755,0.8635630011558533,0.091269165277481,29.261953670360437,0.0012003951705992,0.8478520512580872,0.1001731306314468,29.206757604867114,0.0013391044922173,0.8481154441833496,0.0977913588285446,28.73185533053128,0.0091218445450067,0.5012179613113403,0.2434761673212051,20.399173333032618,0.0088394489139318,0.412522554397583,0.2301321625709533,20.53574809771859,0.0087672444060444,0.4097073972225189,0.2374078929424286,20.57136886371755,0.0088524809107184,0.4158506691455841,0.2366547286510467,20.529350010712445,0.0089920777827501,0.4090400636196136,0.2396566867828369,20.461399450498064,0.0119376359507441,0.4274438321590423,0.4219644069671631,19.230816694545396,0.0098179271444678,0.3629384040832519,0.2930164933204651,20.079801949773387,0.0099322190508246,0.3543362617492676,0.3021407425403595,20.029537108336093,0.0099205411970615,0.3589030504226684,0.3111893534660339,20.034646350548662,0.0101348916068673,0.3473926484584808,0.3117715120315552,19.94180891745628
000000360943__trial,0.0001078982968465,0.9918265342712402,0.0204810127615928,39.6698541051622,0.0091269072145223,0.0091294795274734,0.0090715270489454,0.0073269219137728,0.4007399380207062,0.3561040163040161,21.35078436903506,0.0009976563742384,0.8570343852043152,0.0946224778890609,30.01019018301635,0.001304400502704,0.8464338183403015,0.0962814912199974,28.84589042492907,0.0010985744884237,0.8518929481506348,0.1047085225582122,29.591704905735615,0.0103250658139586,0.4282107353210449,0.3741130828857422,19.861071713860436,0.0083465138450264,0.4125953018665313,0.2179392129182815,20.78494881882865,0.0085511207580566,0.4030862152576446,0.2406487464904785,20.67976960460041,0.0085351932793855,0.4036698341369629,0.2459488362073898,20.687866398427214,0.0087824370712041,0.3936056792736053,0.2341765612363815,20.56384953375013,0.0172134488821029,0.3859155476093292,0.3745000064373016,17.641321058256313,0.0159947779029607,0.322171002626419,0.2476693540811538,17.960217859761386,0.0164405461400747,0.3083668053150177,0.2841866016387939,17.840837596864056,0.0167880710214376,0.3031722009181976,0.2779548764228821,17.749992021867076,0.0171875413507223,0.2889337837696075,0.2842521369457245,17.647862439751066
000000360943__woman_with_hat_matisse,0.0001130894233938,0.9913124442100524,0.0279726982116699,39.4657801025125,0.0092029366642236,0.0091032171621918,0.0090761333703994,0.004652741830796,0.4569023549556732,0.2222217321395874,23.322910447311443,0.000986214261502,0.8720223307609558,0.0751857012510299,30.060287214896807,0.0015249684220179,0.8559136390686035,0.0960865020751953,28.1673914929118,0.0010549511061981,0.8687493801116943,0.0759383365511894,29.767676681391947,0.0110166380181908,0.528950035572052,0.2393467426300048,19.57950920267849,0.0134640922769904,0.3990021049976349,0.2133983969688415,18.708229205579,0.0139003442600369,0.3833806812763214,0.2067671418190002,18.569744437471304,0.0138703631237149,0.3882502019405365,0.2248149514198303,18.579121690232324,0.014278121292591,0.3734046220779419,0.2255164980888366,18.45328933031629,0.0093526868149638,0.4257170259952545,0.3679273128509521,20.29063608240944,0.0071589327417314,0.3999473750591278,0.2617053389549255,21.45151717765449,0.0073451735079288,0.3912229239940643,0.2765430212020874,21.33997940834098,0.0076440651901066,0.3806135654449463,0.3139370679855346,21.16675617851606,0.0075546070002019,0.3817494809627533,0.3095929026603699,21.21788123261824
000000206027__antimonocromatismo,0.0001037798065226,0.9938535094261168,0.0150271225720644,39.83887143298277,0.0097138788551092,0.0096524646505713,0.0096139209344983,0.0046853204257786,0.5293956398963928,0.1803108751773834,23.29260702665443,0.0015863453736528,0.8423554301261902,0.1058380007743835,27.99602253624733,0.0027398092206567,0.7914436459541321,0.1385504007339477,25.62279677070357,0.0016813828842714,0.8338177800178528,0.1213671267032623,27.74333377820664,0.0060422900132834,0.4684166610240936,0.1967830508947372,22.18798433623149,0.0042033824138343,0.5374515056610107,0.1312913596630096,23.76401097107808,0.0042352098971605,0.5343435406684875,0.1406481266021728,23.731250611491724,0.0043105245567858,0.5299748182296753,0.1475413590669632,23.654698764157192,0.0044090296141803,0.5226321816444397,0.1424533873796463,23.55656984133099,0.013383075594902,0.4278430938720703,0.2232214659452438,18.73444068899956,0.0110898539423942,0.4419456422328949,0.1727043688297271,19.550741736371272,0.0115625383332371,0.4253261983394623,0.1881887465715408,19.369468144357626,0.0121149970218539,0.4067647755146026,0.1892461031675338,19.16676688286076,0.0125776007771492,0.3972950875759125,0.1951048970222473,19.0040219423402
000000206027__impronte_d_artista,0.000108593434561,0.9862659573554992,0.0265669114887714,39.64196430917544,0.009632209315896,0.0097019523382186,0.009558530524373,0.0044961995445191,0.5245811343193054,0.1821776926517486,23.47154422714683,0.0016266474267467,0.8305996060371399,0.0994327217340469,27.88706569504115,0.0019784495234489,0.8172661662101746,0.1418367773294448,27.03675025492587,0.0019125581020489,0.8212010264396667,0.1462335139513015,27.18385362440515,0.0129408910870552,0.4063247144222259,0.202539637684822,18.88035817881631,0.0100593101233243,0.4683947265148163,0.1550544798374176,19.97431802571038,0.0107473721727728,0.4477063417434692,0.1740681678056717,19.68697711597279,0.0105550093576312,0.4542849063873291,0.1701730042695999,19.765413773287744,0.0111808003857731,0.4343703687191009,0.1776630878448486,19.5152710604864,0.0094140442088246,0.433413028717041,0.2110343277454376,20.26223766555922,0.0065390742383897,0.4978724718093872,0.1776943504810333,21.844837320454044,0.0069365561939775,0.4800161123275757,0.1909026205539703,21.588560910954424,0.0070416131056845,0.4742732048034668,0.1933105289936065,21.523278404817137,0.0072885430417954,0.4594892263412475,0.1999334543943405,21.373592771891158
000000206027__picasso_self_portrait,0.0001004722435027,0.9948154091835022,0.0117067713290452,39.979539000199566,0.0097646974027156,0.0096476096659898,0.009705513715744,0.0042664255015552,0.5611856579780579,0.1557216197252273,23.699358334242785,0.0016005834331735,0.8486752510070801,0.1081625521183013,27.95721682580461,0.0019045597873628,0.8344683051109314,0.1492462307214737,27.20205389548477,0.0017281001200899,0.8363812565803528,0.1182207316160202,27.62431099621604,0.0067053972743451,0.5158523917198181,0.1739440411329269,21.735754864261416,0.0051591414958238,0.5484455823898315,0.1437306553125381,22.87422560901101,0.0054303579963743,0.5360945463180542,0.1473383158445358,22.651715386017717,0.005441793706268,0.5328646302223206,0.1506637185811996,22.642579259755166,0.0056296531111001,0.5253251194953918,0.1529130786657333,22.495183647536933,0.0099201761186122,0.4203587472438812,0.2548753917217254,20.034806174967777,0.0064232829026877,0.4619634449481964,0.1810633242130279,21.9224294979494,0.0063888109289109,0.460191935300827,0.1884173899888992,21.945799642306184,0.0069591836072504,0.4374807178974151,0.1986836642026901,21.57441705168472,0.0066763032227754,0.4468947350978851,0.1970339566469192,21.75463946859832
000000206027__trial,0.0001125522248912,0.9898386001586914,0.0204182304441928,39.48645915603961,0.009532231837511,0.009530970826745,0.0094760209321975,0.0073362686671316,0.4297413527965545,0.2951952815055847,21.345247724148894,0.0019043438369408,0.8121265769004822,0.1321199238300323,27.20254635255896,0.0020602426957339,0.8047818541526794,0.1719860881567001,26.860816169077147,0.0021627701353281,0.7975224852561951,0.164154440164566,26.649896360224933,0.0090243956074118,0.4103125035762787,0.2625835239887237,20.44581874536481,0.0061036241240799,0.4642092883586883,0.1617214977741241,22.14412219133163,0.0061172414571046,0.4627878963947296,0.1649955213069915,22.13444376880228,0.0063968556933104,0.451253741979599,0.1732733845710754,21.94033446422636,0.0057536750100553,0.4772676527500152,0.1741487234830856,22.400546723945432,0.0149573618546128,0.3819128572940826,0.242642194032669,18.251449995877984,0.0115563794970512,0.4030570983886719,0.1737779229879379,19.371782049059743,0.0117084188386797,0.4053904712200165,0.1874481439590454,19.31501750188202,0.0120620923116803,0.390396237373352,0.1927965730428695,19.185773521791127,0.0119758257642388,0.3907183408737182,0.1929010599851608,19.216945311503142
000000206027__woman_with_hat_matisse,0.000105386126961,0.9898086190223694,0.021673722192645,39.77216555924152,0.0096140829846262,0.0096090584993362,0.0095333717763423,0.0034530584234744,0.5764758586883545,0.133761778473854,24.61796073611765,0.0015160720795392,0.8342005610466003,0.0862310007214546,28.19280150285748,0.0016449684044346,0.8292841911315918,0.1203504502773284,27.838424393015305,0.0016288548940792,0.8263553977012634,0.1061761304736137,27.881176029275743,0.0104210590943694,0.4659763872623443,0.1581481397151947,19.82088141356379,0.0090629337355494,0.4876523315906524,0.1453592330217361,20.427311953783946,0.0097799776121974,0.4604842662811279,0.1656659543514251,20.09662139375002,0.0095953149721026,0.4695578813552856,0.1510840356349945,20.17940764711627,0.0101621001958847,0.4434894025325775,0.1661625206470489,19.93016527364582,0.0070348586887121,0.4523850381374359,0.2193325459957122,21.527446219433703,0.0047584157437086,0.518138587474823,0.1572667360305786,23.225376162477364,0.0048911492340266,0.5032766461372375,0.1695953756570816,23.10589086202322,0.0050418055616319,0.5020827651023865,0.1778180003166198,22.974139070012228,0.0051506287418305,0.4912320673465729,0.1741765290498733,22.88139753009177
000000124277__antimonocromatismo,0.0001258082338608,0.993347465991974,0.0211069844663143,39.00290934381016,0.0209354534745216,0.0209326520562171,0.0208161976188421,0.0100172730162739,0.5090189576148987,0.1355990171432495,19.992504895637463,0.004495408385992,0.6558889150619507,0.1805866360664367,23.47230848596725,0.0051501984708011,0.6234875321388245,0.2317206114530563,22.881760344320327,0.0050015314482152,0.6256773471832275,0.2079996764659881,23.008969961292912,0.0072684069164097,0.5767755508422852,0.2305641174316406,21.38560767026574,0.007449307013303,0.4781277179718017,0.2304283380508422,21.27884126486177,0.0076819267123937,0.4642997682094574,0.2482005059719085,21.14529840434941,0.0078301653265953,0.4568125903606415,0.2549542486667633,21.06229068124681,0.0080714961513876,0.4428951442241668,0.2703871130943298,20.93045955976,0.0134903667494654,0.5257436633110046,0.2293646186590194,18.699762434263896,0.0127033665776252,0.4772271811962127,0.1845144480466842,18.96081169411653,0.0134256109595298,0.4550510942935943,0.1970152556896209,18.720659417315677,0.0139820389449596,0.442545622587204,0.2170634865760803,18.544294925404746,0.0148727968335151,0.4142140448093414,0.2199076116085052,18.27607354601939
000000124277__impronte_d_artista,0.000133080422529,0.9894835352897644,0.0370406247675418,38.75885828920361,0.0207034312188625,0.02086385153234,0.0206203237175941,0.0121323056519031,0.4449860751628876,0.1650854051113128,19.160566569450538,0.0049529923126101,0.6286478638648987,0.1958052963018417,23.05132346072376,0.0056500383652746,0.5957184433937073,0.2227323800325393,22.47948603194629,0.0056879874318838,0.5845707058906555,0.2204567790031433,22.45041371889672,0.0105687240138649,0.6105591654777527,0.1791817545890808,19.759774428901324,0.0103139728307724,0.5523231625556946,0.1603687852621078,19.865740169530746,0.0111792283132672,0.5255317091941833,0.1659059524536132,19.51588174164858,0.0108921965584158,0.5372709631919861,0.1760059595108032,19.62884530069389,0.0118450401350855,0.504291296005249,0.1799565553665161,19.26463463399074,0.008513000793755,0.5785232186317444,0.1924824118614196,20.699173261138636,0.0074743540026247,0.5248003005981445,0.1679971069097519,21.264263368120865,0.0077283172868192,0.5100653767585754,0.1735086292028427,21.11915056224277,0.0082242367789149,0.5006644129753113,0.179448515176773,20.84904394664961,0.0085610607638955,0.482176661491394,0.1963573396205902,20.67472420443808
000000124277__picasso_self_portrait,0.0001218567776959,0.9940500855445862,0.0193880274891853,39.14150310270104,0.0206002872437238,0.0206850618124008,0.0204770248383283,0.0094240298494696,0.5362300276756287,0.1148257926106453,20.257633469797845,0.0042436220683157,0.6776175498962402,0.1575133055448532,23.722633007729492,0.0049996278248727,0.6440451741218567,0.2257299721240997,23.01062323587976,0.0047147586010396,0.6486806869506836,0.1829035282135009,23.26540538540708,0.0061349831521511,0.6432384848594666,0.1352959722280502,22.121866255918835,0.0062366514466702,0.5652976036071777,0.1326771229505539,22.050485270756397,0.006467246916145,0.5551517009735107,0.1375204175710678,21.89280557597463,0.0066492171026766,0.5469619631767273,0.1429803073406219,21.77229486727481,0.0068387216888368,0.5362027883529663,0.1484319865703582,21.6502507011722,0.0099967578426003,0.5208213329315186,0.2552341818809509,20.00140827937364,0.0096099954098463,0.4408448934555053,0.2296320348978042,20.17276819769425,0.0097991218790411,0.426176905632019,0.2343949526548385,20.08812840651764,0.0104402313008904,0.4125840961933136,0.2369963675737381,19.812898795341763,0.0107291350141167,0.3966260850429535,0.2270795255899429,19.69435289566058
000000124277__trial,0.0001243550213985,0.9902331829071044,0.0232554227113723,39.05336673428734,0.0206371918320655,0.0207564290612936,0.0205485187470912,0.0107611119747161,0.4947918951511383,0.1451111286878585,19.68142849531019,0.0045313979499042,0.6688472628593445,0.1553083956241607,23.43767796161501,0.0052094371058046,0.6344627737998962,0.2060752213001251,22.83209200894302,0.0051351888105273,0.6325649619102478,0.196412980556488,22.89443583641649,0.0090181967243552,0.5339041352272034,0.218920812010765,20.448802951582948,0.008330256678164,0.4823586940765381,0.2031094282865524,20.79341616577267,0.0085867838934063,0.4649388790130615,0.2137028872966766,20.66169467004869,0.0085985958576202,0.4632358253002167,0.1969422549009323,20.6557246283497,0.009029964916408,0.4456742107868194,0.2098875939846038,20.443139370220408,0.0140400836244225,0.4802957475185394,0.2241731584072113,18.526303054884707,0.0123638464137911,0.4616811275482178,0.1889069676399231,19.078463984693983,0.0131882922723889,0.4278455674648285,0.2000122666358947,18.79811436803436,0.0134923486039042,0.4280822575092315,0.1871565580368042,18.699124464039645,0.0141262589022517,0.400681734085083,0.2069370448589325,18.499728383801305
000000124277__woman_with_hat_matisse,0.0001297315611736,0.9909560084342957,0.0371960997581481,38.8695435563424,0.0206893794238567,0.020762626081705,0.0205918289721012,0.0115387318655848,0.455591470003128,0.1466231942176818,19.378419185669195,0.0047728600911796,0.6350361704826355,0.161784753203392,23.21221296100804,0.0053063500672578,0.6106061339378357,0.2019198536872863,22.75204102400544,0.0054621654562652,0.5928083658218384,0.2039434164762497,22.62635148638861,0.008576282300055,0.6466708779335022,0.1215369626879692,20.66700932019505,0.0094900503754615,0.5420181751251221,0.1313571780920028,20.22731482227405,0.0105216959491372,0.5109607577323914,0.1466555893421173,19.779142523886826,0.0102623831480741,0.5182483196258545,0.1452187895774841,19.887517749088502,0.0111395856365561,0.4919488430023193,0.161452516913414,19.531309634804288,0.0079558184370398,0.5634699463844299,0.266448050737381,20.993151366450704,0.0083515355363488,0.4472269713878631,0.2509326934814453,20.782336665939354,0.0087522743269801,0.4327872693538666,0.273124486207962,20.57879078484757,0.0091956024989485,0.4234204590320587,0.2741766273975372,20.364198103740883,0.0093202972784638,0.4100235402584076,0.2988019585609436,20.30570235249298
000000098497__antimonocromatismo,0.000106665182102,0.994544506072998,0.0137461340054869,39.71977320862821,0.0128994174301624,0.012668240815401,0.0127914603799581,0.0049135037697851,0.4352246820926666,0.2055733799934387,23.0860870640828,0.001120576635003,0.8608996868133545,0.088562324643135,29.505584371915067,0.0015584650682285,0.8450484871864319,0.1223524957895279,28.07302927648037,0.0011931444751098,0.8577815890312195,0.1056956201791763,29.23306965429381,0.0061578135937452,0.4377021789550781,0.2006977796554565,22.10573461979288,0.0043733725324273,0.4689017534255981,0.1401582658290863,23.59183527025925,0.0044701993465423,0.4584019482135772,0.1629201471805572,23.496731092678587,0.0045600119046866,0.4521362483501434,0.1636113822460174,23.41034023534471,0.0046035973355174,0.4480299055576324,0.1702040284872055,23.36902669970689,0.0144367031753063,0.4197249710559845,0.2042986005544662,18.40531972711314,0.0148007310926914,0.2974016070365906,0.1778228878974914,18.29716831788846,0.0151487356051802,0.2876721024513244,0.2080558240413665,18.19623614198558,0.0154883610084652,0.2837807834148407,0.2236026376485824,18.0999453722078,0.0156096024438738,0.2784020602703094,0.2284033298492431,18.066081577082723
000000098497__impronte_d_artista,9.407717880094424e-05,0.9906301498413086,0.0185052324086427,40.265157147538346,0.0126722333952784,0.0126927327364683,0.0125775765627622,0.0044959806837141,0.4758212566375732,0.1589853465557098,23.471755633140788,0.001308842562139,0.8585799336433411,0.0846574380993843,28.831125906581057,0.0016995860496535,0.8476056456565857,0.1097443774342536,27.696568422938267,0.001446365378797,0.852076530456543,0.1147558689117431,28.397219823176528,0.0143935410305857,0.3549321591854095,0.2110081911087036,18.41832349853468,0.0134815610945224,0.3344889879226684,0.1510635763406753,18.70259815850969,0.0137968799099326,0.3256980180740356,0.1880161464214325,18.602191158527503,0.0137152234092354,0.3270237743854522,0.1871279180049896,18.62797113716912,0.0141269220039248,0.3176243901252746,0.1863803565502166,18.499524526119878,0.0091725615784525,0.3938203752040863,0.1756386309862136,20.375093639991174,0.0066374950110912,0.4033278524875641,0.1532518863677978,21.77995792337045,0.0066716088913381,0.4052081108093261,0.1553007364273071,21.757694212001013,0.0068285074084997,0.399147480726242,0.1623477786779403,21.656742150728377,0.0069500543177127,0.396824449300766,0.1703340411186218,21.580118011953896
000000098497__picasso_self_portrait,0.0001042951844283,0.9952388405799866,0.0114877857267856,39.81735743581919,0.0129031725227832,0.0126988962292671,0.0128020979464054,0.0051073473878204,0.4337310791015625,0.1881348192691803,22.91804601615272,0.00115709786769,0.8557397723197937,0.0791649371385574,29.366299067351918,0.0016596735222265,0.8397278189659119,0.1164044290781021,27.799773345143,0.001241838443093,0.8506481647491455,0.0919650644063949,29.059349000024085,0.006762555334717,0.4872848689556122,0.139798566699028,21.69889168249301,0.0055735353380441,0.4506676197052002,0.1335402280092239,22.53869240957323,0.0056485626846551,0.4441217482089996,0.1324911564588546,22.480620473194204,0.0056756301783025,0.4559894502162933,0.1339523941278457,22.45985910740124,0.0058207954280078,0.4453685283660888,0.1404323130846023,22.35017663736688,0.0107734529301524,0.4308080673217773,0.2542073726654053,19.676450814583625,0.0086303204298019,0.3611404597759247,0.1982162594795227,20.63973079335616,0.0084821637719869,0.3599747121334076,0.204324722290039,20.71493346521017,0.0088255954906344,0.3449840545654297,0.242049902677536,20.542559817394064,0.0087343333289027,0.342209905385971,0.2537263929843902,20.58770238091256
000000098497__trial,9.716317435959354e-05,0.990731954574585,0.0147105352953076,40.12498305061484,0.0125830061733722,0.012607391923666,0.0125093944370746,0.0052876477129757,0.4346643686294555,0.2405146062374115,22.76737487222723,0.0011594165116548,0.8664731383323669,0.0903983488678932,29.35760518982042,0.0021798028610646,0.8375716209411621,0.1250095218420028,26.61582781727133,0.0012434744276106,0.862316370010376,0.1170729100704193,29.053631416861947,0.0105106234550476,0.3760891854763031,0.2327064126729965,19.7837152231083,0.0078711239621043,0.3906691372394562,0.1816043406724929,21.039632478586405,0.0078705744817852,0.3820290863513946,0.1923233568668365,21.039935668577517,0.0078352661803364,0.3833544254302978,0.2123979032039642,21.05946245055289,0.0079660834744572,0.3716036379337311,0.2464228421449661,20.987551470471743,0.0163343586027622,0.3341308534145355,0.2341685891151428,17.86897914188237,0.0138635337352752,0.3055914938449859,0.1916256844997406,18.581260564397137,0.0140383401885628,0.2991804778575897,0.1958282887935638,18.52684237616529,0.0143392346799373,0.302754670381546,0.2020608186721801,18.434740274094843,0.0146610811352729,0.2911867499351501,0.2086663544178009,18.338340028346742
000000098497__woman_with_hat_matisse,0.0001045462777256,0.9926684498786926,0.0194491203874349,39.80691425228024,0.0128147015348076,0.0128086451441049,0.0127260731533169,0.0050054150633513,0.4451341927051544,0.1796447038650512,23.005599037492743,0.0013052787398919,0.8505776524543762,0.0910725593566894,28.84296735628014,0.0022713930811733,0.8274473547935486,0.1179219707846641,26.437077014420492,0.0014046285068616,0.8453097939491272,0.1056828275322914,28.52438521846636,0.0103374794125556,0.4904631078243255,0.1729541420936584,19.855853423508705,0.0111139304935932,0.3970953524112701,0.1520182341337204,19.54132323615361,0.0116241425275802,0.3798233568668365,0.1551777869462967,19.34639073644469,0.0114477472379803,0.3892377614974975,0.1668240576982498,19.41279968203751,0.011978231370449,0.3708142936229706,0.1635216474533081,19.216073023773035,0.0072224610485136,0.4356689751148224,0.221748948097229,21.41314791672924,0.0050495048053562,0.4415786266326904,0.1774738729000091,22.967512101677077,0.005026951432228,0.437842845916748,0.1770269572734832,22.986953106774813,0.0053482740186154,0.4298367500305176,0.2027450501918792,22.717863497787917,0.0054040006361901,0.4220098555088043,0.2039563208818435,22.672846085223487
000000275198__antimonocromatismo,0.0001151925316662,0.9938886165618896,0.0119312237948179,39.38575676826656,0.0164763499051332,0.0165880769491195,0.0164135713130235,0.007281307131052,0.5579010844230652,0.1265889853239059,21.377906496917177,0.0025974346790462,0.8007628321647644,0.0877564176917076,25.85455365382513,0.0030309844296425,0.789142370223999,0.1311236470937729,25.18416294624686,0.002975890180096,0.7824113965034485,0.1123731881380081,25.263830996914542,0.0061483881436288,0.5828238129615784,0.1169164776802063,22.11238723586856,0.0058446847833693,0.5360857248306274,0.1404841691255569,22.332389063216148,0.0061094034463167,0.5246321558952332,0.1472480595111847,22.140011944417907,0.0062560797668993,0.5135414600372314,0.1648755222558975,22.03697722527593,0.0063805268146097,0.5076684951782227,0.1741301566362381,21.951434618380077,0.0125832222402095,0.5131540894508362,0.1978763043880462,19.00208132980437,0.0119634727016091,0.4736210405826568,0.1774928569793701,19.221427370506262,0.0126928789541125,0.452617883682251,0.1998149752616882,18.964398615870834,0.0133291212841868,0.4361030757427215,0.1958955377340316,18.75198480294141,0.0138369472697377,0.422522097826004,0.2252187430858612,18.58959714080505
000000275198__impronte_d_artista,0.0001175676952698,0.9900720119476318,0.0185104738920927,39.297119953805904,0.016549315303564,0.0169084221124649,0.0165647380053997,0.0079777250066399,0.5259304642677307,0.1498982161283493,20.981209379631505,0.0027874738443642,0.7937343120574951,0.098324179649353,25.547891990295422,0.0043399245478212,0.7496674656867981,0.1559327542781829,23.625178208906487,0.0032595153898,0.7737553715705872,0.1347363889217376,24.868469640978024,0.0104824444279074,0.5524744987487793,0.1640835404396057,19.79537431306184,0.0099933482706546,0.5368496775627136,0.1578541398048401,20.00288977055495,0.0107939476147294,0.5087763667106628,0.1691778600215912,19.668196939870512,0.0104754576459527,0.5184957981109619,0.1583843380212783,19.798269947320392,0.0111447731032967,0.4946349859237671,0.1789465248584747,19.529287689055256,0.0075628459453582,0.5531519055366516,0.1657185703516006,21.213147460619417,0.0060940408147871,0.5675122737884521,0.1200304627418518,22.150946414199616,0.0063998792320489,0.5538981556892395,0.1280350685119629,21.93828221226984,0.0068252342753112,0.542443573474884,0.138613685965538,21.65882436927688,0.0070552374236285,0.5330705642700195,0.1502147912979126,21.51488366737872
000000275198__picasso_self_portrait,0.0001118702857638,0.9944373965263368,0.0113609544932842,39.51285252546421,0.0164160244166851,0.0166777111589908,0.0163568072021007,0.0072054923512041,0.5549424290657043,0.137243390083313,21.42336338499456,0.0026189070194959,0.7975074648857117,0.0988404899835586,25.818799202981936,0.0040861959569156,0.7550567984580994,0.1625107079744339,23.88680810252147,0.0030501747969537,0.7771317362785339,0.1246367245912551,25.156752717426382,0.0057966695167124,0.6119758486747742,0.0995012819766998,22.36821459187535,0.0052469647489488,0.5903660655021667,0.0934064090251922,22.800918535429304,0.0055031352676451,0.582125723361969,0.097258374094963,22.593898120534885,0.0056061088107526,0.5746536254882812,0.0982888489961624,22.51338477133914,0.0058450452052056,0.5684971809387207,0.1060114502906799,22.33212125683413,0.0092265913262963,0.5211284756660461,0.227715790271759,20.349587151821268,0.0079267406836152,0.4960196912288666,0.1673037558794021,21.009053491381373,0.0081145726144313,0.4842382967472076,0.1795486211776733,20.90734349045633,0.0086598889902234,0.4696669280529022,0.1890931129455566,20.62487675100715,0.0090936357155442,0.4494713246822357,0.2210001647472381,20.412624473046257
000000275198__trial,0.0001100748195312,0.9909808039665222,0.0121416728943586,39.58312017897766,0.0163661539554595,0.0165885798633098,0.0163816753774881,0.0070166257210075,0.5636594891548157,0.1309284567832946,21.53871688874676,0.0026928770821541,0.8052962422370911,0.0917367041110992,25.69783469745005,0.0030912451911717,0.792576253414154,0.1332764029502868,25.098665462308706,0.0031433093827217,0.7846679091453552,0.1320587396621704,25.02612871099427,0.0082094641402363,0.5174663662910461,0.1964734941720962,20.856851898395725,0.006975170224905,0.5273415446281433,0.1417274922132492,21.564451892249966,0.0071224146522581,0.5172615051269531,0.1575051248073578,21.473727461987565,0.0071473382413387,0.5157663226127625,0.1588563919067382,21.458556648176742,0.0075214430689811,0.4953545331954956,0.1738355457782745,21.236988273910008,0.0135302916169166,0.4580669403076172,0.1863080263137817,18.68692842999353,0.0115703670307993,0.4642949998378753,0.1535335481166839,19.36652864304721,0.011928635649383,0.456648588180542,0.1609167009592056,19.234092263907357,0.0121312597766518,0.4505971372127533,0.1534900367259979,19.160940972670065,0.012796982191503,0.4291609227657318,0.1763931214809417,18.92892434422575
000000275198__woman_with_hat_matisse,0.0001193987918668,0.9913882613182068,0.0197968073189258,39.23000067580336,0.0165725536644458,0.016842920333147,0.0165702011436224,0.0078743500635027,0.5273389220237732,0.1479223072528839,21.03785282044116,0.002582878107205,0.7994032502174377,0.0773937776684761,25.87896088839205,0.0033829903695732,0.780406653881073,0.1120757758617401,24.706992385251013,0.0029758147429674,0.7826902270317078,0.1059983074665069,25.263941089498378,0.0082658706232905,0.6162658333778381,0.1084253564476966,20.82711396541696,0.0086394930258393,0.5576185584068298,0.1183086410164833,20.635117416114305,0.0091778906062245,0.5422340035438538,0.1161189526319503,20.37257123084612,0.0090932995080947,0.543821394443512,0.1329910159111023,20.4127850422002,0.0098816556856036,0.5199505686759949,0.1336034536361694,20.051702826513704,0.0068898298777639,0.5702754855155945,0.1393625289201736,21.617915014683533,0.0065982495434582,0.5105756521224976,0.1634837985038757,21.80571263616756,0.0067386087030172,0.5076358914375305,0.1684322208166122,21.714297614728267,0.0071085784584283,0.4932465553283691,0.1866546422243118,21.48217238846245,0.0073448945768177,0.4861220419406891,0.2072930634021759,21.34014433370647
000000368212__antimonocromatismo,0.0001056921319104,0.9944983124732972,0.013345293700695,39.7595734187943,0.011613355949521,0.0115100489929318,0.0115074543282389,0.0039756190963089,0.6397820115089417,0.1025589555501937,24.005952319949344,0.0014329273253679,0.8285963535308838,0.0906878635287284,28.43775835417065,0.0016358086140826,0.8182651996612549,0.1016222089529037,27.86267509167102,0.0016467793611809,0.812581479549408,0.1106454879045486,27.83364584582852,0.0054674055427312,0.5310115814208984,0.1463002860546112,22.62218711285284,0.0036369103472679,0.5915570855140686,0.105415940284729,24.39267404517654,0.0037651651073247,0.581789493560791,0.1052546873688697,24.242159746750094,0.003739659441635,0.5805767774581909,0.1103637889027595,24.271679457548608,0.0039387252181768,0.5669106245040894,0.1296285986900329,24.046443163201104,0.01228220295161,0.4955847263336181,0.15900619328022,19.107237305952665,0.0103311212733387,0.5099040865898132,0.1320019960403442,19.858525403974284,0.0107017615810036,0.4963610470294952,0.1545206755399704,19.70544728675526,0.0110742403194308,0.4871875941753387,0.1527638584375381,19.55686056201524,0.0116433138027787,0.4617152512073517,0.1662680804729461,19.33923397569208
000000368212__impronte_d_artista,0.0001092115999199,0.987177550792694,0.022622026503086,39.61731230553727,0.0116284675896167,0.0118424426764249,0.0115656368434429,0.0035987172741442,0.6469600796699524,0.1005438566207885,24.438522714638225,0.0015497993445023,0.8277989029884338,0.0898177102208137,28.09724527130648,0.0019168764119967,0.8121500015258789,0.1086065918207168,27.17405886766202,0.0017303511267527,0.8144791722297668,0.1270667463541031,27.61865759912772,0.0107977008447051,0.5146189332008362,0.1293548792600631,19.66668709027543,0.0090265097096562,0.551548182964325,0.115577295422554,20.44480146348672,0.0095875142142176,0.5307723879814148,0.137300819158554,20.182939791679463,0.0093981809914112,0.5387035608291626,0.1175360232591629,20.2695619553202,0.0099265491589903,0.5171317458152771,0.1364068239927292,20.032017023280968,0.0069157690741121,0.5319042801856995,0.1409498751163482,21.601595167736484,0.0049002137966454,0.5908489227294922,0.1048036962747573,23.09784971261736,0.0050894925370812,0.584466278553009,0.1173324137926101,22.93325518121445,0.0051520545966923,0.5777986645698547,0.1168467998504638,22.880195433740653,0.0054231695830821,0.56673663854599,0.1258790642023086,22.657468149181675
000000368212__picasso_self_portrait,9.467185736866668e-05,0.9952314496040344,0.0091914040967822,40.237791023687336,0.011429376900196,0.0113190133124589,0.0113612916320562,0.0034268226008862,0.6783401966094971,0.0758167430758476,24.65108377464022,0.0011987240286543,0.8593685626983643,0.0682357400655746,29.212807890678025,0.0013988759601488,0.848138153553009,0.0920960381627082,28.54220793164469,0.0014356970787048,0.8374454975128174,0.0899273306131362,28.42937183300361,0.0049285357818007,0.6063077449798584,0.0880228132009506,23.072820860645344,0.0038925681728869,0.6375846266746521,0.079737089574337,24.09763772632839,0.0041686613112688,0.6209587454795837,0.0873405411839485,23.800033883043028,0.0041387951932847,0.6222535967826843,0.0872472748160362,23.83126063965752,0.0043500172905623,0.6124662756919861,0.0957902371883392,23.61509016796877,0.0082842959091067,0.5030925869941711,0.1873824298381805,20.81744396814196,0.0054023582488298,0.5558735728263855,0.1393098086118698,22.6741661964299,0.0057161762379109,0.5361514687538147,0.1582324504852295,22.42894389752949,0.0058049820363521,0.5277292728424072,0.1641446202993393,22.36199119857398,0.0063091875053942,0.5047232508659363,0.1816016584634781,22.000265654220463
000000368212__trial,0.000107354899228,0.9895228743553162,0.0171014107763767,39.69178131393804,0.0114104030653834,0.011573189869523,0.011334653943777,0.0049342294223606,0.6040617823600769,0.1422176510095596,23.067806613827923,0.0015040297294035,0.8285239338874817,0.0771880447864532,28.227435791776827,0.0018204319057986,0.816798210144043,0.0958935171365737,27.39825561436986,0.0016939537599682,0.8148229122161865,0.1084285750985145,27.710984488250897,0.0076022106222808,0.4968402087688446,0.1742942631244659,21.19060102264198,0.004760171752423,0.5790114402770996,0.1102842092514038,23.223773771568386,0.0053013092838227,0.5466476082801819,0.1319617927074432,22.756168578487845,0.0049435114488005,0.5605387687683105,0.1192982494831085,23.059644557133318,0.0056494395248591,0.5210724472999573,0.1444146782159805,22.479946359566306,0.0137726245447993,0.4351905286312103,0.1905361711978912,18.60983291644818,0.0104530481621623,0.4803297519683838,0.1504720449447631,19.807570485983955,0.0109735624864697,0.4651549756526947,0.1654562950134277,19.596523590205408,0.0112181007862091,0.4510118961334228,0.1648375838994979,19.50080662499274,0.0119470618665218,0.4265551567077636,0.1815178096294403,19.227388873558944
000000368212__woman_with_hat_matisse,0.0001043155716615,0.9901983141899108,0.0222523994743824,39.816508576144905,0.0116525925695896,0.0117829348891973,0.0115946903824806,0.0030220178887248,0.6877575516700745,0.0705411434173584,25.1970296919902,0.001303587690927,0.8502511978149414,0.0674774572253227,28.848597489952343,0.0014849426224827,0.8439249396324158,0.0840530544519424,28.28290326966657,0.0014874342596158,0.8369638323783875,0.0917419642210006,28.27562219762102,0.0096481563523411,0.5343411564826965,0.1165683045983314,20.15555667226229,0.0085268719121813,0.547517716884613,0.1249854117631912,20.69210260794187,0.0091483769938349,0.5229154229164124,0.1326761543750763,20.38655946932724,0.0089994166046381,0.5306599736213684,0.1306391060352325,20.4578564318274,0.0096330000087618,0.5048066973686218,0.1376953721046447,20.16238439318814,0.0061984057538211,0.5259413719177246,0.1722579002380371,22.07719997816364,0.0041870060376822,0.5764570832252502,0.1292192190885543,23.78096412853644,0.0043692733161151,0.5671023726463318,0.147079199552536,23.59590787524818,0.0043667103163897,0.561479389667511,0.1427308022975921,23.59845617825925,0.0046416758559644,0.5439401865005493,0.1712570637464523,23.3332519108416
000000295809__antimonocromatismo,0.0001127433497458,0.9943058490753174,0.0189089626073837,39.47909065892138,0.0191542338579893,0.0190006084740161,0.0189757086336612,0.0096008069813251,0.3921698629856109,0.2522512376308441,20.176922614596933,0.0038848749827593,0.594361424446106,0.2577770352363586,24.10622952454149,0.0048242970369756,0.5684052109718323,0.3388724029064178,23.1656596008267,0.0042892796918749,0.5716738700866699,0.2899830937385559,23.6761563371487,0.0077251517213881,0.50722336769104,0.283008724451065,21.12092982309008,0.0066368244588375,0.4442273676395416,0.2587485611438751,21.78039669108962,0.0068399128504097,0.4377517700195312,0.2675610184669494,21.649494317341627,0.0070223398506641,0.4285179078578949,0.2931295931339264,21.53518156400636,0.0071721412241458,0.4249313771724701,0.2807150781154632,21.443511674836103,0.0148937553167343,0.467210054397583,0.2747372090816498,18.269957852761184,0.0150003926828503,0.3510069549083709,0.2332829087972641,18.23897371760131,0.015725964680314,0.332769513130188,0.2746874988079071,18.03382704071125,0.0159882549196481,0.3309095203876495,0.2906661331653595,17.961989358864177,0.0167012754827737,0.3126819431781769,0.2918446958065033,17.772503603507545
000000295809__impronte_d_artista,0.0001142865730798,0.9880136847496032,0.0331516154110431,39.4200478955086,0.0185929406434297,0.0186502560973167,0.0185157284140586,0.0096532730385661,0.3787271678447723,0.2259242832660675,20.15325409808483,0.0037339609116315,0.6164987683296204,0.1866732686758041,24.27830232704981,0.004614379722625,0.5752893686294556,0.2831734418869018,23.3588666975096,0.004277913365513,0.5678316950798035,0.3330289423465729,23.68768014823067,0.0137176802381873,0.4443998038768768,0.2437802404165268,18.627193248489647,0.012355949729681,0.431827574968338,0.2021138072013855,19.08123867298925,0.0132790319621562,0.3950552642345428,0.2173651307821273,18.76833583764495,0.0128860101103782,0.4202886521816253,0.2389970570802688,18.89881532241592,0.0139123322442173,0.3819886147975921,0.2384535521268844,18.56600059376009,0.01040296908468,0.4653671979904175,0.2420738488435745,19.82842692137274,0.0083622969686985,0.4246087968349457,0.2157765030860901,20.776744134924986,0.0088258776813745,0.4046620428562164,0.2113475501537323,20.54242095773052,0.0089290766045451,0.4083230495452881,0.2270258665084839,20.49193451109872,0.0092490538954734,0.3956317007541656,0.2202857881784439,20.339026898544525
000000295809__picasso_self_portrait,0.0001091062804334,0.9945244193077089,0.0179238747805356,39.62150249603224,0.0188669934868812,0.0187906399369239,0.018724538385868,0.0085619976744055,0.4325757920742035,0.2201702296733856,20.6742489446398,0.0035948038566857,0.6129716038703918,0.2058646082878112,24.44324801048259,0.0046031787060201,0.5820440649986267,0.2963746190071106,23.369421644647307,0.0040285973809659,0.5822200775146484,0.2304282486438751,23.94846133942485,0.0075004491955041,0.550983726978302,0.1863484531641006,21.24912726303371,0.0070727779529988,0.468026727437973,0.1672272235155105,21.504099762030112,0.0074528655968606,0.4518965482711792,0.1946403086185455,21.27676710658665,0.0073114898987114,0.4592600762844085,0.1910018324851989,21.35994115674464,0.0075518661178648,0.4488186836242676,0.2032779157161712,21.219457179668627,0.0113852210342884,0.4682797491550445,0.3360974192619324,19.43658533512612,0.0096515817567706,0.3893628120422363,0.22348053753376,20.15401506143917,0.0096338167786598,0.3821612894535064,0.2497339993715286,20.16201617599504,0.0098726013675332,0.3760799467563629,0.2851333618164062,20.055683984235976,0.0099640572443604,0.3750632703304291,0.2677216529846191,20.015637860694483
000000295809__trial,0.0001110851808334,0.990695059299469,0.0267572235316038,39.54343873656039,0.0186181217432022,0.0186221376061439,0.0185320675373077,0.010274657048285,0.3692481517791748,0.2805560827255249,19.88232665269224,0.0038556579966098,0.6022336483001709,0.2101107686758041,24.13901495716405,0.0045265271328389,0.570613443851471,0.3067289590835571,23.442348720444144,0.004402816761285,0.5577892661094666,0.3173239231109619,23.562693888576977,0.0098441457375884,0.4752236902713775,0.2924079895019531,20.06821965411948,0.008439133875072,0.4219511449337005,0.2032433450222015,20.73702123585113,0.0086076417937874,0.4170014858245849,0.2228372246026992,20.651158144261046,0.0084837060421705,0.4186768531799316,0.2350601255893707,20.71414388066248,0.0086125442758202,0.4143584966659546,0.2338415533304214,20.64868532434681,0.0164423305541276,0.411048024892807,0.2948074340820312,17.840366250524987,0.0144231393933296,0.3713476657867431,0.2286949753761291,18.409401992001413,0.0150857912376523,0.3539662361145019,0.2354091852903366,18.214319064943258,0.0149318827316164,0.3632702827453613,0.2505946457386017,18.25885429488557,0.0155534008517861,0.3404901027679443,0.278431624174118,18.081746349536665
000000295809__woman_with_hat_matisse,0.000114618364023,0.99045991897583,0.0287258736789226,39.40745794629227,0.0186381489038467,0.0187518503516912,0.0185111165046691,0.0092421015724539,0.3868125677108764,0.2044296562671661,20.34229262812133,0.0036801092792302,0.6106570363044739,0.190443605184555,24.341392849509308,0.0056245098821818,0.5589097142219543,0.2880006730556488,22.499153158366347,0.0041418480686843,0.5707882642745972,0.2987357079982757,23.828058359452697,0.0104220062494277,0.5439717769622803,0.1953381150960922,19.82048670749838,0.0110068200156092,0.4690115451812744,0.1737099885940551,19.583381350840163,0.0118807172402739,0.4367982149124145,0.1772992461919784,19.25157340155285,0.0114410417154431,0.4586644172668457,0.1997361183166504,19.41534430903847,0.0123139293864369,0.4232703447341919,0.2052984535694122,19.09603341175649,0.008688080124557,0.4977420568466186,0.3133081495761871,20.610761825189808,0.0073522212915122,0.4334490597248077,0.2686870992183685,21.33581429772608,0.0076870922930538,0.417952686548233,0.2982465922832489,21.142379046568426,0.0079005984589457,0.4155487716197967,0.3235554099082947,21.02340010282504,0.008102816529572,0.4054826200008392,0.3431187868118286,20.913639946232525
000000411938__antimonocromatismo,0.0001116915955208,0.9937264323234558,0.010719378478825,39.51979505096144,0.0180405247956514,0.0181613601744174,0.0179710462689399,0.0067132296971976,0.6417486667633057,0.0810418725013732,21.730684929135705,0.0029189048800617,0.7964547276496887,0.0973902642726898,25.3478005737149,0.0033715285826474,0.7760724425315857,0.1464089453220367,24.72173154174069,0.0034220833331346,0.7677979469299316,0.1252506375312805,24.657094189095066,0.0056369230151176,0.6139079928398132,0.1118942499160766,22.489578964088174,0.0051726638339459,0.5848827362060547,0.1067534163594245,22.862857450214587,0.0052897906862199,0.5717621445655823,0.1162368506193161,22.76561512391686,0.005279766395688,0.5733091831207275,0.1212588772177696,22.773852924866414,0.0055918707512319,0.5529970526695251,0.1362520903348922,22.524428752944704,0.0121722416952252,0.5361135005950928,0.1465455442667007,19.146294327630574,0.010302796959877,0.5529987215995789,0.1179462224245071,19.870448588536263,0.0108921127393841,0.5324838757514954,0.1305386126041412,19.628878721209965,0.0114374430850148,0.5205954909324646,0.138971135020256,19.416710540555936,0.0122183412313461,0.4906407296657562,0.1615132093429565,19.12987750146776
000000411938__impronte_d_artista,0.0001197037272504,0.989039957523346,0.0182561744004488,39.21892326626983,0.0182441473007202,0.0184573233127594,0.0182437729090452,0.0081724757328629,0.5752658843994141,0.1153071373701095,20.876463603284265,0.0036009226460009,0.7621503472328186,0.1149914413690567,24.435862079194,0.0038834831211715,0.7496888041496277,0.155638188123703,24.10778578084564,0.004259733017534,0.7206093668937683,0.1766504943370819,23.706176198280957,0.0100574167445302,0.5799410939216614,0.1244859471917152,19.975135538390557,0.008660321123898,0.6037886738777161,0.0982706025242805,20.62466004085279,0.0096112480387091,0.567192018032074,0.1085042059421539,20.17220214711044,0.0091606248170137,0.5841115117073059,0.1078472137451171,20.380749034798637,0.0102458009496331,0.545390784740448,0.1198169589042663,19.894540856366906,0.0068808775395154,0.588897168636322,0.1323600560426712,21.62356171318835,0.0053293681703507,0.6159654259681702,0.0970838218927383,22.733242762258534,0.0056917644105851,0.5906661152839661,0.115207090973854,22.447530842202735,0.0060619711875915,0.5876769423484802,0.1189895570278167,22.1738613215509,0.0063848681747913,0.5670168995857239,0.136751115322113,21.9484806497092
000000411938__picasso_self_portrait,0.0001078891873476,0.9945518970489502,0.0087302420288324,39.67022078121263,0.0179712362587451,0.0180996060371398,0.0179500021040439,0.0074831400997936,0.6268186569213867,0.0933553278446197,21.259161238137505,0.0029112219344824,0.8025760650634766,0.0970671474933624,25.359246852355035,0.0034136725589632,0.7816371917724609,0.1570991277694702,24.66778138949286,0.0034954454749822,0.7681202292442322,0.1290082484483719,24.564974679875604,0.0048212027177214,0.6620873808860779,0.072571724653244,23.168446072979737,0.0042240233160555,0.6551697850227356,0.0676260143518447,23.74273693218962,0.0045223990455269,0.6383635997772217,0.0792530924081802,23.446311192077665,0.0046108085662126,0.6348176598548889,0.0865017250180244,23.362229086553192,0.0049571134150028,0.615824282169342,0.0910945534706115,23.04771144652157,0.0087959403172135,0.5424332022666931,0.1631432920694351,20.557177261044217,0.0069147585891187,0.5540679097175598,0.1234943270683288,21.6022297755666,0.0071018314920365,0.5339041352272034,0.1436206698417663,21.48629636589018,0.0074707330204546,0.5268582701683044,0.1402639299631118,21.26636783576818,0.0077863223850727,0.5082476139068604,0.1676337569952011,21.086676187067862
000000411938__trial,0.0001154803539975,0.9896358847618104,0.0156767144799232,39.374918934876376,0.0179491229355335,0.0181560367345809,0.0179595611989498,0.0093859201297163,0.5541369318962097,0.1437519937753677,20.275231457735373,0.0035059030633419,0.77267986536026,0.1065556481480598,24.5520009612519,0.0039312303997576,0.7549735903739929,0.1577515304088592,24.054715025011685,0.0042319274507462,0.7300872802734375,0.1582850068807602,23.734617861549644,0.0074840909801423,0.5600137710571289,0.1307295858860016,21.258609416512336,0.0061828275211155,0.577032744884491,0.101632185280323,22.08812868602624,0.0063744611106812,0.5569173693656921,0.1197530329227447,21.955565240782864,0.006217339541763,0.5648673176765442,0.1116902083158493,22.063954142648782,0.0065902643837034,0.5399475693702698,0.132228285074234,21.810971623285475,0.0123543590307235,0.4964011013507843,0.1428227722644806,19.081797817585333,0.0100783249363303,0.5343664884567261,0.142228215932846,19.96611643620625,0.0104658007621765,0.5245668888092041,0.1431672722101211,19.802275371972456,0.0106266411021351,0.5143296718597412,0.1378752142190933,19.73603986777424,0.011387170292437,0.4901440441608429,0.1532835513353347,19.43584184530312
000000411938__woman_with_hat_matisse,0.0001169468450825,0.9909107089042664,0.0162621457129716,39.32011489816469,0.0182709023356437,0.0184928886592388,0.0182636640965938,0.0088351489976048,0.5654069781303406,0.1191893815994262,20.537861220721044,0.0033167090732604,0.7802605628967285,0.0999328941106796,24.792926211602904,0.0035218142438679,0.7721710205078125,0.1448698490858078,24.53233554385379,0.0039069638587534,0.7414728999137878,0.1409631222486496,24.08160606184109,0.008128585293889,0.6230807900428772,0.0916728675365448,20.89985032821636,0.0074676857329905,0.6231472492218018,0.0903873071074485,21.268139670084317,0.0081475106999278,0.5950072407722473,0.1013899743556976,20.88975060514055,0.007669623941183,0.6117170453071594,0.0988278612494468,21.152259299588376,0.0087365303188562,0.5684902667999268,0.10808976739645,20.58661011594172,0.0065885088406503,0.5972738862037659,0.1492577046155929,21.812128669775703,0.0060064042918384,0.5631458163261414,0.127846285700798,22.213854387362467,0.0061094830743968,0.548010528087616,0.1454907059669494,22.13995534018356,0.0064101363532245,0.5394749641418457,0.1508347541093826,21.9313273228724,0.0066482308320701,0.5212368369102478,0.1691122353076934,21.77293909898749
000000156076__antimonocromatismo,0.0001203960564453,0.9944655895233154,0.0106346197426319,39.19387738095531,0.0211905483156442,0.0216950476169586,0.0211960952728986,0.0093729933723807,0.6363134384155273,0.0908281356096267,20.281216900621256,0.0048416517674922,0.7806474566459656,0.1258764863014221,23.15006450106004,0.0071661919355392,0.7255951762199402,0.1910397410392761,21.44711564097723,0.0058533758856356,0.7494694590568542,0.1784270107746124,22.3259358594635,0.0063567659817636,0.6368080973625183,0.1176611855626106,21.96763776409636,0.0060899867676198,0.5850217342376709,0.1089450791478157,22.15383651005208,0.0065383822657167,0.5631476044654846,0.1324299126863479,21.84529692039792,0.0065031931735575,0.5612969994544983,0.1312304586172104,21.86873345336396,0.0067315269261598,0.5468931794166565,0.1445510238409042,21.71886412686929,0.0126150427386164,0.5586515069007874,0.1816287636756897,18.991112737937428,0.0113478461280465,0.5420792698860168,0.1381329894065857,19.450865616842027,0.0119360163807868,0.5215451717376709,0.1566714197397232,19.231405938526,0.0124441310763359,0.5121262073516846,0.1609041541814804,19.05035423035081,0.0131540326401591,0.486040323972702,0.1812048852443695,18.809410848255983
000000156076__impronte_d_artista,0.0001220019184984,0.9915525913238524,0.0149142481386661,39.13633339925832,0.0215136259794235,0.0218504928052425,0.0215613655745983,0.0104546546936035,0.6022092700004578,0.105254054069519,19.80690306905527,0.0050013358704745,0.7777665257453918,0.1229261085391044,23.009139789264957,0.0062761735171079,0.7498200535774231,0.1913948953151703,22.023050579976584,0.0060167177580296,0.743918240070343,0.1979437470436096,22.206403606215595,0.0097001865506172,0.6210072040557861,0.1373338252305984,20.13219913452869,0.0093152793124318,0.6061634421348572,0.1070243045687675,20.30804118542377,0.0100466441363096,0.5785130858421326,0.1197005957365036,19.97978980678081,0.0098443450406193,0.5871240496635437,0.1203643754124641,20.06813172842974,0.0104881348088383,0.562275230884552,0.1322479844093322,19.79301739094636,0.0070373322814702,0.6225953102111816,0.1465844213962555,21.52591942421228,0.0065262648276984,0.6062618494033813,0.1155940294265747,21.853353070613952,0.0067398254759609,0.594041109085083,0.1217523142695427,21.713513491335878,0.0072487723082304,0.5781049728393555,0.1356410235166549,21.39735541692398,0.0072980993427336,0.5737075209617615,0.1474054604768753,21.3679022925482
000000156076__picasso_self_portrait,0.0001176175137516,0.9948022365570068,0.0106167793273925,39.29528005136056,0.0210487842559814,0.021435372531414,0.0210200659930706,0.0087748477235436,0.6452600955963135,0.0861265510320663,20.567604114317728,0.0046757934615015,0.7876482009887695,0.1354563534259796,23.301446806819687,0.0062819910235702,0.7493352890014648,0.2166121304035186,22.019026885068666,0.0056618195958435,0.7563632130622864,0.1808655858039856,22.470439727981613,0.0055441609583795,0.6734938621520996,0.1017354950308799,22.56164169752435,0.0054327589459717,0.639474630355835,0.0750035196542739,22.64979564385904,0.005760246887803,0.6237967610359192,0.097395159304142,22.395589020433345,0.0058433399535715,0.6185407042503357,0.1002298295497894,22.333388465897063,0.0060819410718977,0.6084656715393066,0.1124749258160591,22.15957792063248,0.0094262799248099,0.5689446330070496,0.1968161165714264,20.256596674837454,0.0080428989604115,0.5429425835609436,0.1252426952123642,20.945873871238096,0.0080621363595128,0.5343306660652161,0.1558060944080352,20.93549860650451,0.0085137607529759,0.5181894898414612,0.1462029814720153,20.69878558190155,0.0087465392425656,0.5093657970428467,0.1797023117542266,20.58163750996266
000000156076__trial,0.0001184827997349,0.9920642971992492,0.0151788461953401,39.26344692036977,0.0212940648198127,0.0217103753238916,0.0213558990508317,0.0105239786207675,0.6090273857116699,0.1116306483745575,19.778200428451804,0.0051338640041649,0.7776829600334167,0.1236205920577049,22.895556399542137,0.005722464993596,0.7646082043647766,0.1856740117073059,22.424168553829183,0.006306255236268,0.7391192317008972,0.2034516036510467,22.002284558114624,0.0079247551038861,0.5961096882820129,0.1473279297351837,21.010141497631118,0.0068345773033797,0.5916390419006348,0.1031419858336448,21.652883399822336,0.0070864888839423,0.5711587071418762,0.1181828528642654,21.49568889785156,0.00694588618353,0.5745477676391602,0.1067439168691635,21.58272337390044,0.0073216520249843,0.5534554123878479,0.1338261812925338,21.353909156102223,0.0134134478867053,0.5202469229698181,0.1731680631637573,18.72459573699257,0.0108405752107501,0.5393550395965576,0.1301179826259613,19.64947673127245,0.0112662948668003,0.5245446562767029,0.1371492594480514,19.482188863912377,0.0114332130178809,0.5164993405342102,0.1318276226520538,19.418317048761928,0.0120844384655356,0.4951530694961548,0.147187277674675,19.177735253957792
000000156076__woman_with_hat_matisse,0.0001229848130606,0.9922595024108888,0.0142179206013679,39.10148514667838,0.0211951583623886,0.0215556323528289,0.0212315283715724,0.0108505031093955,0.5972481369972229,0.1104836389422416,19.64550124251525,0.004602784756571,0.7905767560005188,0.1102574467658996,23.36979333865343,0.0053062546066939,0.7741210460662842,0.1697917282581329,22.75211915373403,0.0055897422134876,0.7570025324821472,0.1729444116353988,22.52608220349956,0.0081945601850748,0.661749541759491,0.08204947412014,20.86474350735442,0.0084569072350859,0.6155434250831604,0.0937810093164444,20.72788433215196,0.008993960916996,0.5963557362556458,0.093925267457962,20.46049003978423,0.0088882390409708,0.5977340340614319,0.1042134836316108,20.5118427396159,0.0094270668923854,0.5777153372764587,0.1035381406545639,20.256234112498777,0.0073311985470354,0.6189550757408142,0.1536199897527694,21.348250185631738,0.0067827268503606,0.5613670945167542,0.1329699754714965,21.68595672212543,0.0070503330789506,0.5482425689697266,0.1472560614347458,21.517903651457225,0.0072397976182401,0.5358526706695557,0.1526141464710235,21.40273573928548,0.0074846879579126,0.5251040458679199,0.1691669970750808,21.25826300996484
000000163258__antimonocromatismo,0.0001033326843753,0.9956047534942628,0.0185111053287982,39.8576228836692,0.0049877278506755,0.0047610313631594,0.0048907021991908,0.0057325991801917,0.2778540551662445,0.571621298789978,22.416484227668185,0.0003143392095807,0.9154755473136902,0.1507602334022522,35.02601443218837,0.0003885483602061,0.9131543040275574,0.1829651296138763,34.10554919556486,0.0003276670177001,0.9143597483634948,0.159235417842865,34.84567271622552,0.0111378943547606,0.2046876102685928,0.473714143037796,19.531969058000115,0.0069452603347599,0.2858906090259552,0.3951905965805053,21.583114706130942,0.0069983606226742,0.2863381803035736,0.4066263139247894,21.55003682258627,0.0072354800067842,0.2818692326545715,0.4160831570625305,21.405326521907394,0.007245962973684,0.2788823544979095,0.4253488183021545,21.39903889507358,0.0199676156044006,0.3072897493839264,0.3850657939910888,16.996737924991997,0.0198063608258962,0.1511813849210739,0.2974934577941894,17.031953133771147,0.0198923628777265,0.1500317603349685,0.295635849237442,17.01313626940476,0.0206412468105554,0.1354092508554458,0.3098087310791015,16.852640731984085,0.0203390046954154,0.1448825448751449,0.3381998538970947,16.916703034223726
000000163258__impronte_d_artista,9.106768993660808e-05,0.9885854721069336,0.0330901145935058,40.40635679790779,0.0047236261889338,0.0047380034811794,0.0047176457010209,0.0039805122651159,0.3932231366634369,0.4726367592811584,24.00061033555187,0.0003558886237442,0.9183242321014404,0.1139380261301994,34.48685894334064,0.0003581437340471,0.9207308888435364,0.1220543161034584,34.45942642697554,0.0003527975641191,0.9214244484901428,0.1270482242107391,34.52474422103951,0.0234785452485084,0.1338218599557876,0.4231396913528442,16.2932881586216,0.0201016440987586,0.1385479122400283,0.3097190260887146,16.967684204990086,0.0198491513729095,0.1458693593740463,0.3143549263477325,17.02258056253058,0.0203830990940332,0.1382564306259155,0.302015095949173,16.907297841610948,0.0205553751438856,0.1338270455598831,0.313450276851654,16.87074592761874,0.0160203874111175,0.1877577900886535,0.4070929884910583,17.9532698585002,0.0110750682651996,0.225271999835968,0.317884087562561,19.55653588165105,0.0111098727211356,0.2197661399841308,0.32589852809906,19.54290916470932,0.0114558488130569,0.2207541465759277,0.3254567086696625,19.40972726538347,0.011500203050673,0.2217558175325393,0.3304667472839355,19.392944915587076
000000163258__picasso_self_portrait,9.732499165693298e-05,0.9957626461982728,0.0176859758794307,40.11775624839167,0.0051749227568507,0.0049589839763939,0.0051285331137478,0.004556642845273,0.316630482673645,0.4820806980133056,23.4135501056739,0.000346567336237,0.9061527252197266,0.1662872582674026,34.602123716869585,0.0004065686662215,0.9050995707511902,0.1987449824810028,33.90866094983356,0.0003546546504367,0.9044860005378724,0.1696652770042419,34.501943410579095,0.0114865964278578,0.3153001070022583,0.3085586726665497,19.398086372449427,0.0095242876559495,0.291920930147171,0.2890400886535644,20.211674963514685,0.0094833392649889,0.2865898907184601,0.2816545665264129,20.230387123452186,0.0097604757174849,0.2940357625484466,0.2817933559417724,20.10529014664888,0.0096336640417575,0.2905516028404236,0.2995022535324096,20.16208503065689,0.0139234727248549,0.2901611626148224,0.4331296980381012,18.562524315973015,0.009369327686727,0.2371160984039306,0.3161152005195617,20.2829157159036,0.0093065639957785,0.2351204752922058,0.3145800828933716,20.312106319196257,0.0100644221529364,0.2331335097551345,0.3201417326927185,19.972111550023744,0.0098943887278437,0.2304474860429763,0.309602826833725,20.04611031202367
000000163258__trial,9.897587733576074e-05,0.99214106798172,0.0207305308431386,40.04470639912803,0.0049263006076216,0.0048794215545058,0.0049111507833004,0.0073499041609466,0.2552234232425689,0.6215748190879822,21.337183238604855,0.0003211040457244,0.9242238998413086,0.1199930161237716,34.93354222540769,0.0003725175920408,0.9229820370674132,0.1218384131789207,34.28853212993943,0.0003431574441492,0.9272505640983582,0.117921307682991,34.645065754768574,0.0140352575108408,0.2283083349466323,0.3989777565002441,18.52779614770812,0.0089004207402467,0.2573949098587036,0.2822436988353729,20.50589462922668,0.0089518437162041,0.2565090954303741,0.2754901349544525,20.480875084482733,0.0095355557277798,0.2448745518922805,0.2836233973503113,20.20653991398759,0.0095428181812167,0.2442379146814346,0.292110413312912,20.20323350682721,0.0231422185897827,0.2172808647155761,0.4575663805007934,16.355950086032188,0.0185982957482337,0.1955031007528305,0.3439604938030243,17.30526850462107,0.0187463704496622,0.1839721798896789,0.3448251485824585,17.270828050706363,0.0192760098725557,0.1816824525594711,0.3576768636703491,17.14982859939029,0.0192827377468347,0.1744386404752731,0.3640316426753998,17.148313052914137
000000163258__woman_with_hat_matisse,0.0001026368772727,0.9911813735961914,0.0277137216180562,39.886965698428575,0.004971170797944,0.0049712024629116,0.0049633691087365,0.0035365540534257,0.3719771802425384,0.4505708217620849,24.514196996838532,0.0003236115444451,0.9154160022735596,0.0984193831682205,34.899759938601406,0.0003647507401183,0.9154441952705384,0.1086598485708236,34.380038182035904,0.0003487547219265,0.9168553352355956,0.1081829816102981,34.57479903595762,0.0169471316039562,0.325834572315216,0.3673231601715088,17.709037979913425,0.0164690613746643,0.2622231245040893,0.3276059627532959,17.833311519790012,0.0166293401271104,0.2512060105800628,0.3308626711368561,17.79124983783518,0.0166439022868871,0.2554813921451568,0.3197963535785675,17.787448425300322,0.0171524509787559,0.2394725084304809,0.2991300225257873,17.656738132017384,0.0127797201275825,0.2026752978563308,0.4491678774356842,18.93478657005275,0.0071495752781629,0.282368391752243,0.3840033411979675,21.457197567763792,0.0070604439824819,0.280133455991745,0.4117143154144287,21.51167988313732,0.007591787725687,0.2795028388500213,0.3813991546630859,21.19655943738248,0.0074715563096106,0.2765495479106903,0.4040952324867248,21.265889261260742
000000363875__antimonocromatismo,0.0001070956350304,0.9940995573997498,0.0137058217078447,39.70228229642786,0.0136254243552684,0.0135295893996953,0.0135336192324757,0.0053074671886861,0.5847399830818176,0.1292800009250641,22.751126820072965,0.0014947359450161,0.8027293086051941,0.0900075435638427,28.25435521554328,0.0018080356530845,0.7877195477485657,0.1278398931026458,27.42793009820168,0.0016338188434019,0.7899224162101746,0.1076302453875541,27.867960993779324,0.005387807264924,0.5762096047401428,0.1235190778970718,22.68587948449624,0.0042721196077764,0.5713381767272949,0.124034434556961,23.6935659674024,0.0043684262782335,0.560132622718811,0.134654700756073,23.596749890643945,0.0045052543282508,0.5517200827598572,0.1310074031352996,23.46280687428921,0.0045772362500429,0.5471618175506592,0.1400350481271743,23.3939667126462,0.0121990581974387,0.4976576268672943,0.1617170423269271,19.13673696820641,0.0111055141314864,0.4641327559947967,0.1545692682266235,19.544613309201942,0.0114390375092625,0.4483928978443146,0.1688145399093628,19.416105159277222,0.0120667396113276,0.4317135810852051,0.1682747602462768,19.18410058824508,0.0125356614589691,0.4151673316955566,0.1819533407688141,19.018527450403365
000000363875__impronte_d_artista,0.0001134899139287,0.9883155822753906,0.0238019954413175,39.450427333581686,0.0136021021753549,0.0136837977916002,0.0135429473593831,0.0052375807426869,0.5747767090797424,0.121810145676136,22.80869268878513,0.0017562630819156,0.7862736582756042,0.1031742542982101,27.554104277998803,0.0019149797735735,0.7838708758354187,0.1328809857368469,27.178358087824467,0.0019181789830327,0.7734473347663879,0.1352915912866592,27.171108717655457,0.0110081499442458,0.5005577206611633,0.144860178232193,19.582856634549444,0.0096980882808566,0.5153972506523132,0.138804480433464,20.13313866857494,0.0103871775791049,0.4845658242702484,0.1442742347717285,19.83502443620712,0.0100022107362747,0.5025920867919922,0.1386281847953796,19.99903999554687,0.0106494389474391,0.4739139974117279,0.1518143266439438,19.726732718918743,0.0071617891080677,0.5296611189842224,0.1536149084568023,21.44978471728325,0.0045087090693414,0.5883297920227051,0.1042288094758987,23.45947787238559,0.0046540908515453,0.5795977115631104,0.1092803627252578,23.32165143193745,0.0048513156361877,0.5728133320808411,0.1089339405298233,23.141404683969764,0.0049451072700321,0.5671601891517639,0.1187238916754722,23.05824283181512
000000363875__picasso_self_portrait,0.0001042989897541,0.994544506072998,0.0122944582253694,39.81719898153662,0.0135774966329336,0.0134588349610567,0.0134892780333757,0.0055089984089136,0.5728461146354675,0.1247282177209854,22.58927353057816,0.001547580002807,0.7907297015190125,0.0921048521995544,28.103468906893863,0.0017413314199075,0.7840459942817688,0.1323132216930389,27.59118563667844,0.0017531708581373,0.775127649307251,0.1072357520461082,27.561757569636328,0.0053991409949958,0.579956591129303,0.1160498932003974,22.67675331067538,0.0039437641389667,0.6044721603393555,0.0850682705640792,24.040890664002525,0.0040429206565022,0.6015003323554993,0.0868706405162811,23.933047817386424,0.0041084107942879,0.5938622355461121,0.0877244621515274,23.86326138401713,0.0042825741693377,0.5888215899467468,0.101462572813034,23.682951068084115,0.0084745725616812,0.5171962380409241,0.1965662539005279,20.718821974062468,0.006710500922054,0.4983209669589996,0.1893571317195892,21.73245059627723,0.00674943998456,0.4898046553134918,0.2076444625854492,21.707322600141573,0.0070385481230914,0.4757276475429535,0.2132605016231537,21.52516915738267,0.0073713310994207,0.4569304287433624,0.233564406633377,21.324540810778394
000000363875__trial,0.0001028490369208,0.9897231459617616,0.0149870682507753,39.87799770687134,0.0133755858987569,0.013456555083394,0.0133425910025835,0.0045909085310995,0.6070103049278259,0.1125341802835464,23.38101359996876,0.0014629546785727,0.8096043467521667,0.0904259085655212,28.347691278395967,0.0016963883535936,0.8039903044700623,0.1184567734599113,27.70474717812997,0.0016230713808909,0.7967362403869629,0.1223071664571762,27.89662379960987,0.0075330338440835,0.495721697807312,0.1750016808509826,21.23030081383861,0.0062303189188241,0.5245691537857056,0.1621915102005005,22.05489722018108,0.0062377359718084,0.5143657326698303,0.1883950680494308,22.0497301181892,0.0061739734373986,0.5144006013870239,0.183773934841156,22.0943524333724,0.0065761916339397,0.4868810176849365,0.203231006860733,21.820255396970293,0.0128288194537162,0.4404981136322021,0.1868472099304199,18.91813306861723,0.0107181789353489,0.456918716430664,0.1573714017868042,19.69878996873858,0.0109359547495841,0.4495207071304321,0.1698890179395675,19.611432954452216,0.0111463041976094,0.4402276575565338,0.1719593107700348,19.528691086384747,0.0115468269214034,0.4258060455322265,0.1807761788368225,19.37537343897601
000000363875__woman_with_hat_matisse,0.0001149236122728,0.990667998790741,0.0268005020916461,39.39590731744631,0.0136033371090888,0.0136256832629442,0.0135272378101944,0.0057369410060346,0.5599639415740967,0.145324632525444,22.41319616020533,0.0015793810598552,0.7909690737724304,0.0815823674201965,28.015130744081045,0.0019915408920496,0.7765254974365234,0.111205369234085,27.00810771851088,0.001703864778392,0.7817657589912415,0.1098296344280242,27.68564874550784,0.0086109703406691,0.5832541584968567,0.1139386668801307,20.64947906635374,0.0081590712070465,0.549354076385498,0.1269807964563369,20.88359276615328,0.0087475096806883,0.5276490449905396,0.1355235427618026,20.581155682200524,0.0084537230432033,0.5363782048225403,0.1264214813709259,20.72951984420269,0.0090162875130772,0.5158616900444031,0.1433276236057281,20.449722478767637,0.0063291168771684,0.5579255819320679,0.1420818418264389,21.98656884315874,0.0047529735602438,0.5477868318557739,0.1457422375679016,23.23034601584084,0.0048921159468591,0.5386970043182373,0.1539185792207718,23.10503258405094,0.0050968024879693,0.5279800891876221,0.1537862420082092,22.92702195928072,0.005202145781368,0.5241464376449585,0.167125791311264,22.838174815987045
000000482970__antimonocromatismo,0.0001173840209958,0.9945127367973328,0.0106966411694884,39.30391017787313,0.0230475552380085,0.0232196021825075,0.0229550469666719,0.0142030203714966,0.5031011700630188,0.1339029669761657,18.476192900401777,0.0057770139537751,0.7814168930053711,0.0995861142873764,22.382965834642583,0.0069603286683559,0.7602607607841492,0.1315968483686447,21.573702524177097,0.0065025188960134,0.7669739723205566,0.1161055937409401,21.869183770909565,0.0091643305495381,0.571022093296051,0.172916442155838,20.37899254570876,0.008733469992876,0.5304778814315796,0.1525171399116516,20.588131675959914,0.0091090546920895,0.5208972096443176,0.1508889496326446,20.40526690349814,0.009669424034655,0.507423460483551,0.1792254447937011,20.1459939417147,0.0099269663915038,0.4941571652889251,0.18687704205513,20.031834484548405,0.0156413242220878,0.5035528540611267,0.2411800026893615,18.05726481583057,0.014166503213346,0.4658488929271698,0.1568178981542587,18.487373355365087,0.0149210505187511,0.4465353488922119,0.1785660088062286,18.26200599220203,0.015973012894392,0.436263233423233,0.1903864741325378,17.966131577503383,0.0167940650135278,0.4152566194534302,0.2025937587022781,17.748441698972613
000000482970__impronte_d_artista,0.0001157343431259,0.9918113350868224,0.0154472943395376,39.36537748940021,0.0231840871274471,0.0234497413039207,0.0231222715228796,0.0137339085340499,0.5102760195732117,0.1541525721549987,18.62205849273956,0.0057228151708841,0.7905935645103455,0.1159667447209358,22.423902802249923,0.0069275870919227,0.7684909701347351,0.1528409421443939,21.594180056678933,0.0064564826898276,0.7763541340827942,0.1363987624645233,21.90004009002772,0.0113105410709977,0.5565314292907715,0.1804405748844146,19.465166189005416,0.0114672416821122,0.5220313668251038,0.1288758963346481,19.405410342608864,0.0121998563408851,0.5026594400405884,0.1408688127994537,19.13645283319365,0.0123578971251845,0.5004683136940002,0.1465324461460113,19.080554244435515,0.0129799908027052,0.485631912946701,0.1597171425819397,18.86725615265677,0.0125264758244156,0.5255827903747559,0.2296615242958068,19.0217109542944,0.0108709493651986,0.4918211698532104,0.1700037866830825,19.637325271130443,0.0111177647486329,0.485866904258728,0.1786305010318756,19.539825198505728,0.011873678304255,0.467768907546997,0.2029033005237579,19.25414721670655,0.0120415249839425,0.462086409330368,0.2082075923681259,19.193185089110955
000000482970__picasso_self_portrait,0.0001116644925787,0.994614601135254,0.0096510229632258,39.52084903237388,0.0229241736233234,0.0232472065836191,0.0228237248957157,0.0127160707488656,0.5269826054573059,0.1256812065839767,18.956470644505284,0.0053433030843734,0.7885362505912781,0.1070377975702285,22.721901909419746,0.0077802240848541,0.7470162510871887,0.1479785293340683,21.09007894345256,0.0060424865223467,0.7742125391960144,0.1174116730690002,22.187843096049576,0.0088421925902366,0.6004147529602051,0.1742262989282608,20.534400300356456,0.0088879745453596,0.5352343916893005,0.1404438912868499,20.51197197859458,0.0091952895745635,0.5264792442321777,0.148081362247467,20.364345895738317,0.0095028122887015,0.5185521245002747,0.1599800139665603,20.221478493721825,0.0098112421110272,0.5070571899414062,0.1725862920284271,20.08276007113761,0.0138540072366595,0.4918974637985229,0.32058846950531,18.584245898448074,0.0114014325663447,0.4962467849254608,0.1532219350337982,19.43040577034531,0.011793297715485,0.4840450584888458,0.1758428961038589,19.283647377902465,0.0122796623036265,0.468851238489151,0.1847362518310547,19.108135763290647,0.0126661611720919,0.456446498632431,0.2002774775028228,18.973549900411463
000000482970__trial,0.0001162923654192,0.9921131134033204,0.015259051695466,39.34448795719887,0.0230746250599622,0.0234406217932701,0.0230314023792743,0.0151131683960556,0.4897757470607757,0.1980252563953399,18.206444785679206,0.0059391600079834,0.7798829674720764,0.1146936491131782,22.26274974159216,0.0076961279846727,0.7485332489013672,0.1483865231275558,21.137277187021837,0.0068127210251986,0.7622637748718262,0.1403705775737762,21.666793946650937,0.0099498629570007,0.549457848072052,0.2347773909568786,20.021829009053537,0.0092055508866906,0.5442866086959839,0.1133930534124374,20.359502169490888,0.009743221104145,0.5265976786613464,0.131036177277565,20.112974418389168,0.0098089119419455,0.5237199664115906,0.1426618546247482,20.08379164262895,0.0101979663595557,0.5129156112670898,0.1482350081205368,19.91486424990963,0.0160415600985288,0.4810180366039276,0.2429873198270797,17.947533973215215,0.0144081376492977,0.4614604413509369,0.14790840446949,18.413921511015666,0.0149690331891179,0.4474625587463379,0.1617277711629867,18.24806248701059,0.0156969893723726,0.4312787055969238,0.1984427869319915,18.04183635765574,0.0163287185132503,0.4175843000411987,0.203700840473175,17.870478975941534
000000482970__woman_with_hat_matisse,0.0001153406701632,0.9924611449241638,0.0149704841896891,39.38017529538891,0.0230819210410118,0.0234484616667032,0.0230283886194229,0.0133444480597972,0.5160458087921143,0.1219610795378685,18.746993843749017,0.0055458080023527,0.7921605110168457,0.1027075573801994,22.56035169911803,0.0074178962968289,0.7604261040687561,0.1412083953619003,21.29719242459248,0.0062367264181375,0.778273344039917,0.1235042661428451,22.050433064056843,0.0089301643893122,0.6250738501548767,0.1316537708044052,20.491405464066293,0.0111586414277553,0.5382015109062195,0.1180993244051933,19.5238867783082,0.0118816373869776,0.5182899832725525,0.1255594342947006,19.251237058928197,0.0119406906887888,0.5144970417022705,0.1409820616245269,19.229705514600703,0.0125415027141571,0.4989160299301147,0.1490082740783691,19.01650423523925,0.0107199652120471,0.5443338751792908,0.2270615547895431,19.698066239940413,0.0102342637255787,0.5032051205635071,0.1763003170490265,19.899433959345604,0.0107071846723556,0.4902246296405792,0.2040458172559738,19.70324706758377,0.0115335099399089,0.4680881202220917,0.2293816953897476,19.38038505752836,0.0117617957293987,0.4625897705554962,0.2428032904863357,19.295263673897967
000000458790__antimonocromatismo,0.000103229736851,0.9938815236091614,0.0179077126085758,39.86195179743366,0.008920881897211,0.0087959896773099,0.0088360048830509,0.0054626422934234,0.4724582731723785,0.3197140693664551,22.62597237171411,0.0012651322176679,0.8484227657318115,0.1266586929559707,28.97864084446273,0.0019809543155133,0.8182039260864258,0.1406300961971283,27.031255399835278,0.0014015972847118,0.8333972096443176,0.1372866034507751,28.533767525257247,0.0072889495640993,0.423442929983139,0.3159503042697906,21.373350548625275,0.0048371693119406,0.483777642250061,0.1934215724468231,23.15408711049697,0.0051396070048213,0.4657252132892608,0.2062538117170334,22.89070087651151,0.005065266508609,0.4705031216144562,0.1892845183610916,22.95397699331671,0.0051986640319228,0.4635176360607147,0.2070666551589965,22.841082483091917,0.0137478513643145,0.4219319820404053,0.2952945530414581,18.617651719091903,0.012467585504055,0.3828971683979034,0.2505093216896057,19.042176446606767,0.013602539896965,0.3467581272125244,0.2757702469825744,18.6637999161163,0.0137518495321273,0.3517175018787384,0.2834740877151489,18.61638888191589,0.0147998062893748,0.319328635931015,0.3007445335388183,18.29743968929783
000000458790__impronte_d_artista,0.0001056119581335,0.9875758290290833,0.0296013951301574,39.76286905122495,0.0086016999557614,0.0086320545524358,0.0085070468485355,0.0057771154679358,0.4563567340373993,0.3685029447078705,22.382889520732316,0.0015959189040586,0.8157688975334167,0.1398347169160843,27.969891809142723,0.0018646245589479,0.7975251078605652,0.1762202680110931,27.294085999900283,0.0018479764694347,0.7848455309867859,0.1921237111091613,27.33303563018339,0.0145817324519157,0.3583767414093017,0.3312047123908996,18.361908745359106,0.0120061784982681,0.3886810541152954,0.244916558265686,19.205952041888224,0.0129585796967148,0.3644523620605469,0.2770935595035553,18.87442595971708,0.0126480245962738,0.3709141314029693,0.2755324840545654,18.97977298514206,0.0136700784787535,0.3420831859111786,0.2846370041370392,18.642289921774747,0.0117232399061322,0.3785310089588165,0.3368696272373199,19.309523474558542,0.0078510558232665,0.426750898361206,0.2312893271446228,21.050719346707183,0.0083001544699072,0.4073169231414795,0.2337337136268615,20.80913825117408,0.0084470547735691,0.4089986085891723,0.2594544887542724,20.732946896954548,0.0089059928432106,0.3861691057682037,0.2592426538467407,20.50317658200456
000000458790__picasso_self_portrait,0.000101195735624,0.9947238564491272,0.0172313340008258,39.948377882270535,0.0088419876992702,0.0086876889690756,0.0087536303326487,0.0053728055208921,0.5055745840072632,0.2914914190769195,22.697988792772,0.001209239126183,0.866914689540863,0.113951027393341,29.174878092195677,0.0020721585024148,0.8281750679016113,0.155627816915512,26.835770278402467,0.0013467598473653,0.8498067855834961,0.1237562596797943,28.70709840255158,0.0080896131694316,0.4787077605724334,0.2224783599376678,20.92072245062372,0.0061825532466173,0.4900221526622772,0.1945400834083557,22.088321346330623,0.0066089294850826,0.4726893901824951,0.2110757976770401,21.79868881871873,0.0065494296140968,0.4789705574512481,0.2102628797292709,21.837965208077076,0.0067054047249257,0.4691809713840484,0.2009571194648742,21.735750038679708,0.0113295726478099,0.3963139951229095,0.3643558323383331,19.457864714427163,0.0069831735454499,0.4224152565002441,0.2421896755695343,21.55947164761972,0.0072848000563681,0.400288462638855,0.2652556896209717,21.37582363675414,0.0076136705465614,0.3978858888149261,0.2629236578941345,21.184059196028144,0.007811760995537,0.3887676298618316,0.2765328884124756,21.07251052622697
000000458790__trial,0.0001090557270799,0.9903871417045592,0.0245707854628562,39.62351522438136,0.0085958987474441,0.0086288563907146,0.0085080936551094,0.00770422257483,0.3825434148311615,0.4586467146873474,21.13271178943725,0.0015758075751364,0.8252151012420654,0.1474312096834182,28.02496816134924,0.0024857281241565,0.7861545085906982,0.197254866361618,26.04546373938736,0.0017681712051853,0.8019326329231262,0.1930175721645355,27.52475686230481,0.0095505388453602,0.3894456923007965,0.3422474861145019,20.199721246503103,0.0063787531107664,0.4332318007946014,0.2261969149112701,21.952642068645552,0.0065192305482923,0.4255572259426117,0.2282939553260803,21.858036601500665,0.0065078395418822,0.4248170852661133,0.2261126041412353,21.865631636230383,0.0067760176025331,0.4096246659755707,0.2433792650699615,21.69025474478845,0.0159269664436578,0.3570549488067627,0.3453960418701172,17.978669349482576,0.0121122626587748,0.3724053800106048,0.2423190474510193,19.16774719909748,0.0129064107313752,0.3491870164871216,0.275036484003067,18.891945180967515,0.0128604583442211,0.3559786081314087,0.2554602026939392,18.90743552965542,0.0141894966363906,0.31606125831604,0.3309695720672607,18.480330105971674
000000458790__woman_with_hat_matisse,0.0001080955553334,0.9898499846458436,0.0245616734027862,39.66192162974105,0.0086986906826496,0.008690295740962,0.0086052361875772,0.0042377170175313,0.5057609677314758,0.3135871887207031,23.7286804758461,0.001279062940739,0.845048725605011,0.0973479002714157,28.931080840255586,0.0015546726062893,0.8272070288658142,0.1352498531341552,28.083610537445768,0.0015248879790306,0.8173158764839172,0.1281103044748306,28.1676205918656,0.0104011418297886,0.4652715623378753,0.2271544188261032,19.829189815515797,0.0095497863367199,0.4528599083423614,0.19746994972229,20.20006345046781,0.0104395477101206,0.4192000925540924,0.2056047320365905,19.813183165879536,0.0102118076756596,0.4318894445896148,0.1961486339569091,19.90897373086969,0.0109927123412489,0.4050479829311371,0.2227122038602829,19.58895136557286,0.0084465416148304,0.4016124308109283,0.3104496598243713,20.733210738949424,0.005626028869301,0.4569925367832184,0.2366655170917511,22.49798043634382,0.0056862351484596,0.4500250816345215,0.2175607979297638,22.45175184468506,0.0059528462588787,0.4495031833648681,0.2330570220947265,22.25275333605279,0.0061619221232831,0.4348684847354889,0.260152667760849,22.102837947633365
000000061471__antimonocromatismo,0.0001067555276677,0.994753360748291,0.0140464790165424,39.716096284956464,0.0099789258092641,0.0098494198173284,0.0098882596939802,0.0043264259584248,0.5001631379127502,0.2018555551767349,23.63870724312913,0.0009374252404086,0.8491054177284241,0.1173674464225769,30.280633571710325,0.0012016277760267,0.822821319103241,0.1479477733373642,29.202300413621145,0.0010267533361911,0.8380216956138611,0.1264013797044754,29.88533877335216,0.0071003381162881,0.4268002510070801,0.2677083313465118,21.487209697961568,0.0049200286157429,0.4722045660018921,0.1937621682882309,23.080323712929843,0.0050777858123183,0.4608451128005981,0.217716634273529,22.94325622188189,0.0052646393887698,0.4510975778102875,0.2259328365325927,22.786313712649967,0.005350187420845,0.4421745240688324,0.2296645045280456,22.716310040697817,0.0154924197122454,0.4020552933216095,0.2552719116210937,18.098807458556507,0.0137357013300061,0.3566524088382721,0.2167035043239593,18.621491610722757,0.014274057932198,0.3416974544525146,0.2390926480293274,18.454525449629436,0.01492774579674,0.3265708684921264,0.2436093091964721,18.260057690968424,0.0155132785439491,0.3071059286594391,0.2535246610641479,18.09296409595933
000000061471__impronte_d_artista,0.0001083769893739,0.9884095788002014,0.0235771182924509,39.650629175093314,0.0095214145258069,0.0095684574916958,0.0094783175736665,0.0045195552520453,0.4755553305149078,0.2672021985054016,23.44904299942108,0.0011221688473597,0.8152618408203125,0.1198178529739379,29.499417919572505,0.001218216959387,0.8124720454216003,0.1374523341655731,29.142753587691324,0.0012022779555991,0.8127641081809998,0.157712697982788,29.19995115837613,0.0152037637308239,0.3746097981929779,0.2526731193065643,18.180488880295147,0.0122894048690795,0.4013640880584717,0.1871977746486663,19.1046914789734,0.0129239968955516,0.3826392590999603,0.2059263437986374,18.886031549754197,0.0129117323085665,0.3883759975433349,0.2005819976329803,18.890154865034734,0.0134148402139544,0.366745263338089,0.2257980406284332,18.72414495903794,0.010520227253437,0.4083398282527923,0.2688936591148376,19.779748786378207,0.0074053169228136,0.4447126686573028,0.2102276682853698,21.304563503927525,0.0078609753400087,0.4277252852916717,0.2146119475364685,21.04523566110105,0.0078170429915189,0.4245401918888092,0.2255620062351226,21.06957499539861,0.0082744983956217,0.4046446979045868,0.2399164289236068,20.82258323910713
000000061471__picasso_self_portrait,0.0001072008453775,0.9952364563941956,0.0125174652785062,39.69801789817276,0.0096956845372915,0.0096468832343816,0.0096417972818017,0.0040727579034864,0.5057032108306885,0.1815840899944305,23.901114048673023,0.0009420491405762,0.8440553545951843,0.1184560805559158,30.259264422979083,0.0011535044759511,0.8247551321983337,0.147441878914833,29.379807159438123,0.0010497455950826,0.8302144408226013,0.1241189837455749,29.78915939062317,0.0076061156578361,0.483338862657547,0.1810330152511596,21.18837075035644,0.006311138626188,0.4836406707763672,0.1749386191368103,21.99892280302597,0.0063569606281816,0.4809678494930267,0.1748031228780746,21.967504783629018,0.006621815264225,0.4683765172958374,0.1930569857358932,21.790229393868508,0.006668496876955,0.4628021717071533,0.1881093680858612,21.75972047884202,0.0106922695413231,0.39946249127388,0.339199960231781,19.709301016519568,0.0080258436501026,0.3774410784244537,0.2965354323387146,20.95509304926011,0.007412205915898,0.3950156271457672,0.2507507503032684,21.300525242025632,0.0080263717100024,0.3744844496250152,0.2814488410949707,20.954807314867026,0.0078868428245186,0.3790243864059448,0.2643930912017822,21.030968140648586
000000061471__trial,0.0001099312285077,0.9913474917411804,0.019981525838375,39.58878918658671,0.009527463465929,0.0095501700416207,0.0094740614295005,0.0056764036417007,0.4391934871673584,0.3041493892669678,22.45926729999184,0.0010982876410707,0.8243010640144348,0.1299667656421661,29.59283903446936,0.0013430301332846,0.8021254539489746,0.146712452173233,28.71914243048021,0.0011737998574972,0.8148584365844727,0.1480191648006439,29.304059475470808,0.0101348301395773,0.380734920501709,0.3147688508033752,19.94183525714181,0.0070373341441154,0.4135306775569916,0.2420649975538253,21.5259182747193,0.0066807209514081,0.4287610352039337,0.2197027057409286,21.75176668014984,0.0067334696650505,0.4240274429321289,0.2154880911111831,21.71761092078026,0.0069167553447186,0.4133931696414947,0.2264537811279297,21.600975856510523,0.0165845993906259,0.3634897172451019,0.3006686270236969,17.802950146203415,0.0134913874790072,0.3474958837032318,0.2626727819442749,18.6994338439106,0.0137890977784991,0.3386924564838409,0.2682840526103973,18.60464148808757,0.0138733582571148,0.333953857421875,0.2637671232223511,18.578183986241307,0.0145581876859068,0.3169109523296356,0.2731566727161407,18.3689268594323
000000061471__woman_with_hat_matisse,0.0001084431205526,0.990982472896576,0.0236885659396648,39.647979936799366,0.0095534175634384,0.0096094962209463,0.0095064304769039,0.0033317401539534,0.5462662577629089,0.1665791273117065,24.773288770445685,0.0010779552394524,0.8229319453239441,0.1122999116778373,29.67399272231292,0.0011580731952562,0.8199679255485535,0.1236483678221702,29.36263990443376,0.0011313366703689,0.8171593546867371,0.1202934980392456,29.464081357238637,0.0118062533438205,0.4477369785308838,0.1910784095525741,19.278879017312228,0.0109398616477847,0.4277658462524414,0.18776535987854,19.60988170322844,0.011622873134911,0.4049774408340454,0.2071284651756286,19.34686502548045,0.011567342095077,0.404672235250473,0.2102426886558532,19.36766420309135,0.0122234970331192,0.3807222843170166,0.2295873314142227,19.128045285519992,0.0082816872745752,0.4128473103046417,0.2932936549186706,20.818811729510703,0.0053694900125265,0.4514861404895782,0.2187909930944442,22.70066961090652,0.0057027451694011,0.4338293373584747,0.2468981444835662,22.439160346915152,0.0058416686952114,0.4239736795425415,0.2564463019371032,22.334630772703008,0.0059828688390553,0.4122334420681,0.2782410979270935,22.23090517983444
000000464476__antimonocromatismo,0.0001028688348014,0.9938888549804688,0.0126499757170677,39.87716179404742,0.0115978866815567,0.0115564800798892,0.0115550486370921,0.0055120210163295,0.4896632432937622,0.3036615252494812,22.58689135211725,0.0013024825602769,0.9012190699577332,0.0887149944901466,28.85228083019745,0.0022422759793698,0.8774743676185608,0.1096440106630325,26.49310935478246,0.001479955506511,0.8942176699638367,0.0970532596111297,28.2975134106937,0.0065311584621667,0.447221040725708,0.2844095528125763,21.850097790458957,0.0045696920715272,0.4980681240558624,0.1821477711200714,23.4011306385623,0.0046531688421964,0.4939901828765869,0.1749285608530044,23.32251188622145,0.0048024025745689,0.4924031794071197,0.1798833310604095,23.18541436826761,0.0049433480016887,0.486930638551712,0.1780265867710113,23.059788150109668,0.0146488538011908,0.4019558727741241,0.286446750164032,18.341963553298143,0.0132587142288684,0.3384335935115814,0.232920840382576,18.77498589836394,0.0140740796923637,0.3153135180473327,0.226151704788208,18.51579994174345,0.0145138977095484,0.3150642216205597,0.2362782955169677,18.38215942046484,0.0151375383138656,0.2966913282871246,0.2699831128120422,18.19944744626472
000000464476__impronte_d_artista,9.62768099270761e-05,0.9880251288414,0.0233816802501678,40.16478308239344,0.0114315263926982,0.011485100723803,0.011396137997508,0.0044956472702324,0.5448794960975647,0.2772175073623657,23.4720777097127,0.0012817131355404,0.9038982391357422,0.0791581124067306,28.922091648269685,0.0017270734533667,0.8971195816993713,0.0898443982005119,27.62689191260868,0.0014414582401514,0.8990879058837891,0.0894353091716766,28.41197934846716,0.0139324441552162,0.3537706136703491,0.2469036430120468,18.55972689031141,0.0116887837648391,0.3817711770534515,0.193764641880989,19.322306754676127,0.0123056685552001,0.3708525896072387,0.199974700808525,19.0989478651649,0.0124852964654564,0.3639823198318481,0.1990036070346832,19.036011407949577,0.0130092492327094,0.3544249534606933,0.2179545909166336,18.857477659672107,0.0102405101060867,0.3959476053714752,0.2821095883846283,19.896784094987705,0.0070566241629421,0.4330619871616363,0.21553835272789,21.51403012551257,0.0072831152938306,0.4256162345409393,0.2170608341693878,21.376828149835134,0.0077250283211469,0.4174741208553314,0.2350496351718902,21.12099919709561,0.0078144865110516,0.4183326959609985,0.2404540181159973,21.07099554144277
000000464476__picasso_self_portrait,0.0001013332002912,0.9941014647483826,0.0120224487036466,39.94248241303088,0.0115926954895257,0.0114765241742134,0.0115373767912387,0.0048997970297932,0.5221156477928162,0.264399766921997,23.09821909903425,0.0013187252916395,0.8977787494659424,0.1041935682296752,28.79845664461641,0.001759803504683,0.8891180157661438,0.1143958121538162,27.54535821728993,0.0014767651446163,0.8904460072517395,0.1109173223376274,28.30688566642796,0.0071966904215514,0.4941898286342621,0.217188149690628,21.428671788608792,0.005760982632637,0.4913063049316406,0.1736187636852264,22.39503434018617,0.0059428778477013,0.486010879278183,0.1849577873945236,22.260031963132988,0.0062461826018989,0.4813689291477203,0.1793946921825409,22.04385323686049,0.006319208536297,0.4751994609832763,0.1879297494888305,21.993373125156253,0.0104158008471131,0.4151396453380584,0.2986170947551727,19.823073325226844,0.0070095844566822,0.4266014099121094,0.2062366753816604,21.54307727185849,0.0072660795412957,0.4146227836608886,0.2242447435855865,21.38699852254097,0.0075813285075128,0.4132795035839081,0.2463274747133255,21.20254684483094,0.0078617734834551,0.4007709920406341,0.2547933161258697,21.044794734010317
000000464476__trial,0.0001042741059791,0.9897510409355164,0.0183411259204149,39.81823525001624,0.011451942846179,0.0114773102104663,0.011429276317358,0.0061251018196344,0.46638023853302,0.3606488406658172,22.128866874797005,0.0013848223024979,0.8975892066955566,0.094618983566761,28.586059507841757,0.0019095623865723,0.8867018818855286,0.1050992161035537,27.19066148392248,0.0016135271871462,0.8896868228912354,0.1021197587251663,27.92223712548195,0.0085687562823295,0.4141879081726074,0.2905538380146026,20.67082209455901,0.0061189215630292,0.4515875875949859,0.1942819356918335,22.133251138832485,0.0063775838352739,0.4396831691265106,0.2010966837406158,21.95343823747953,0.0063509508036077,0.4454867839813232,0.2042997777462005,21.97161251424751,0.0065804496407508,0.4349073469638824,0.2254288494586944,21.817444301208173,0.0153341442346572,0.3635033071041107,0.2952927947044372,18.14340456038624,0.0126428930088877,0.359905481338501,0.2036185562610626,18.981535372850228,0.0134213864803314,0.3342258632183075,0.2113721072673797,18.72202617575789,0.0135068101808428,0.3384633958339691,0.2184218764305114,18.69447203489193,0.0141699826344847,0.3191405832767486,0.221311330795288,18.48630681986277
000000464476__woman_with_hat_matisse,9.910827066050842e-05,0.9899023175239564,0.0208169035613536,40.03890101797844,0.0114985462278127,0.0115444362163543,0.0114535186439752,0.0040838313288986,0.5682482719421387,0.2089831680059433,23.889322035198227,0.0012504662154242,0.9060776233673096,0.0716015994548797,29.029280373625323,0.0018679524073377,0.8937761187553406,0.0882000178098678,27.28634193145494,0.0013898772886022,0.9000837206840515,0.0808110237121582,28.570235416418903,0.0103137791156768,0.4651625454425812,0.2074314504861831,19.86582173866854,0.0103063564747571,0.4240822792053222,0.167980670928955,19.86894840300852,0.0110611245036125,0.4040977656841278,0.1722037196159362,19.562007192439182,0.011047308333218,0.4063996374607086,0.179907888174057,19.567435245516236,0.0117029966786503,0.386008620262146,0.180336445569992,19.31702918222756,0.0077458936721086,0.4329871237277984,0.2967386543750763,21.10928468869872,0.0052107442170381,0.4851590096950531,0.2097794860601425,22.83100244786665,0.0053203203715384,0.4796546995639801,0.2108983099460601,22.740622151857664,0.005676232278347,0.4726293981075287,0.2252273857593536,22.459398409911078,0.0059496839530766,0.4587587118148803,0.2335392832756042,22.25506103360584
000000399655__antimonocromatismo,9.638247865950687e-05,0.9928167462348938,0.0159886553883552,40.16001909179192,0.0083348229527473,0.0079886866733431,0.0081796739250421,0.0047218543477356,0.4663482904434204,0.211627572774887,23.258874134771744,0.0006530023529194,0.8925648331642151,0.0792663246393203,31.85085253858029,0.0006781567935831,0.8904666900634766,0.0789219141006469,31.686698832487977,0.0007063015946187,0.8878369331359863,0.0918273255228996,31.510098132400916,0.0063118580728769,0.4095537662506103,0.1976499557495117,21.9984277514391,0.0037409502547234,0.4958308637142181,0.1171435490250587,24.27018066793176,0.0039189998060464,0.4861698150634765,0.1288527697324752,24.06824758015376,0.0039492803625762,0.4846742153167724,0.1313553303480148,24.03482034255916,0.0040740682743489,0.4815684258937835,0.1318676322698593,23.899716972493152,0.0149696059525012,0.3340298235416412,0.2137775719165802,18.247896315144395,0.0133378431200981,0.3134624660015106,0.1840012818574905,18.749143950652435,0.0134871155023574,0.3084950149059295,0.1819696873426437,18.7008092322356,0.0143475532531738,0.288810521364212,0.1991859674453735,18.43222154626544,0.0141879171133041,0.2944565117359161,0.2010734975337982,18.48081357368109
000000399655__impronte_d_artista,0.0001063543968484,0.9837634563446044,0.0281780548393726,39.732445510122346,0.0081246318295598,0.0079973340034484,0.0080105103552341,0.0032495623454451,0.5429348349571228,0.1837830543518066,24.881751263309884,0.0006924383924342,0.8870674967765808,0.0880302637815475,31.596188605538583,0.0007367646321654,0.8825755715370178,0.0920255035161972,31.32671230292285,0.0007586246938444,0.8816275000572205,0.1041214913129806,31.19973024768157,0.0141028324142098,0.3083318471908569,0.221415102481842,18.506936548391845,0.0122917145490646,0.3370753824710846,0.1712377071380615,19.103875339351475,0.0125435329973697,0.3304851055145263,0.1634710729122162,19.01580123381001,0.012733937241137,0.3255335986614227,0.1793969869613647,18.950372948754318,0.0130872093141078,0.3130796253681183,0.1772029548883438,18.83152951516037,0.0095760384574532,0.3681486546993255,0.2263401001691818,20.188141184677487,0.0063386093825101,0.4169548451900482,0.1833732575178146,21.980060108478995,0.0064520048908889,0.4105960428714752,0.1808238625526428,21.90305312069612,0.0071499212644994,0.3868194818496704,0.2095291465520858,21.45698740657899,0.0073489560745656,0.3796814680099487,0.2367357462644577,21.33774348433493
000000399655__picasso_self_portrait,9.653767483541742e-05,0.9942054748535156,0.012978995218873,40.15303165619963,0.0082826800644397,0.0079854959622025,0.0081154080107808,0.0044469414278864,0.4862488806247711,0.2024471759796142,23.51938590747426,0.0006895939004607,0.8929018974304199,0.085352249443531,31.61406588552186,0.0010290046920999,0.8668313026428223,0.0984166711568832,29.87582644918337,0.0007449386175721,0.8866869807243347,0.0971390530467033,31.27879511342924,0.007076431531459,0.4345636665821075,0.1745579242706298,21.50185691022771,0.0053132181055843,0.4619616270065307,0.1518183350563049,22.7464235610088,0.0054411846213042,0.4545906484127044,0.1670360267162323,22.643065380798696,0.0057911626063287,0.4393776953220367,0.174231469631195,22.37234240620097,0.0059716235846281,0.4361792504787445,0.1844454556703567,22.239075754063315,0.0101153748109936,0.3683081865310669,0.2603866159915924,19.950180204235267,0.0061711370944976,0.4120065867900848,0.1701178550720214,22.096348054374214,0.0064145103096961,0.3988301753997803,0.1776879131793975,21.928364925102983,0.0070966482162475,0.3818760216236114,0.2287423014640808,21.48946722392513,0.0072092749178409,0.3690555989742279,0.2338288426399231,21.421084128139643
000000399655__trial,0.0001044944510795,0.9880673289299012,0.0257513169199228,39.80906771079529,0.0079583376646041,0.0078127216547727,0.0078478073701262,0.0054272636771202,0.4367624223232269,0.2848187685012817,22.65419078229532,0.0007513365126214,0.8847434520721436,0.1109469905495643,31.241655052841324,0.0010389398084953,0.8635619282722473,0.1193679794669151,29.834096127850334,0.0008095370722003,0.8777807354927063,0.1217693835496902,30.917632582344137,0.0084715103730559,0.3612282574176788,0.254119873046875,20.72039153045155,0.0056852591224014,0.4238902032375335,0.1484556049108505,22.452497362771272,0.0057194777764379,0.422947883605957,0.1557345986366272,22.42643623158907,0.0061260811053216,0.4054247140884399,0.1705090254545211,22.128172577154608,0.0061760749667882,0.4034258425235748,0.1821262836456298,22.092874410620738,0.01507428009063,0.32571741938591,0.253194123506546,18.217634194951057,0.0122997015714645,0.3320578932762146,0.1740373075008392,19.10105425750724,0.012856557033956,0.3183227479457855,0.1963219493627548,18.908753192306698,0.0131244650110602,0.3178906738758087,0.2118591666221618,18.819183905871345,0.013647680170834,0.298481673002243,0.2241425812244415,18.64941163614231
000000399655__woman_with_hat_matisse,9.982108167605476e-05,0.9877777099609376,0.0276931039988994,40.00777728364942,0.0083999698981642,0.0083317002281546,0.0082936724647879,0.0025393089745193,0.5791980624198914,0.1516432613134384,25.95284452428824,0.0004874147416558,0.9151208996772766,0.0704375505447387,33.12101339896974,0.000762328680139,0.8972741961479187,0.086471676826477,31.178577410041797,0.0005533169023692,0.908513069152832,0.0807607769966125,32.570260630343896,0.01094442140311,0.4018338024616241,0.1692152619361877,19.60807193262671,0.0099073033779859,0.4112680852413177,0.1365159749984741,20.040445379897925,0.0104831717908382,0.3918147087097168,0.1493827253580093,19.79507297232946,0.0105975763872265,0.3918794095516205,0.1648437231779098,19.747934443580967,0.0113079501315951,0.369168758392334,0.1633045375347137,19.46616115430202,0.0072538461536169,0.3957886397838592,0.2129835784435272,21.39431659583234,0.0041715935803949,0.4757237434387207,0.1507211327552795,23.796980095431092,0.0043211444281041,0.4749911725521087,0.1471306234598159,23.644012177710607,0.004608831834048,0.4607705771923065,0.1754660755395889,23.36409138019412,0.0047561493702232,0.4498182237148285,0.1945618689060211,23.22744514514854
000000448810__antimonocromatismo,0.0001279795833397,0.995579481124878,0.0116294380277395,38.92859308087346,0.0228477492928504,0.0235087610781192,0.0228079222142696,0.0151840336620807,0.5140220522880554,0.1594278067350387,18.18612842111216,0.0046970504336059,0.7917430400848389,0.1025351956486702,23.281747766446927,0.0051217903383076,0.7860481142997742,0.1017607152462005,22.905782034505098,0.0054162270389497,0.7756955027580261,0.1211352422833442,22.66303139061389,0.011555147357285,0.5955567955970764,0.1957689672708511,19.372245117990914,0.0118323983624577,0.5199714303016663,0.1890706270933151,19.26927217332255,0.0121672777459025,0.5146583914756775,0.1970656216144561,19.148065780706634,0.0126454783603549,0.4933231770992279,0.2133916616439819,18.980647372699117,0.0129510955885052,0.4865916669368744,0.2232538759708404,18.87693491203085,0.0176301822066307,0.5380166172981262,0.2360212802886963,17.537431992760965,0.018072759732604,0.4788622558116913,0.1879619807004928,17.429755250744975,0.0190724115818738,0.4564662873744964,0.1987917721271515,17.195943897813013,0.019379386678338,0.4464603960514068,0.2207037359476089,17.12659971682999,0.0204000007361173,0.4249612092971802,0.2313501834869384,16.903698169029393
000000448810__impronte_d_artista,0.0001295799738727,0.9936782717704772,0.014225473627448,38.8746211195761,0.0230008848011493,0.0237719751894474,0.0229983832687139,0.0156055325642228,0.4945345222949981,0.1641107350587844,18.067214057390128,0.0050954762846231,0.7783706188201904,0.1183274909853935,22.92815215363913,0.005519526079297,0.7744320034980774,0.1218636259436607,22.58098210311029,0.005755178630352,0.771968424320221,0.1400580257177353,22.399411921085203,0.0119193000718951,0.6353154182434082,0.1670600771903991,19.237492465956606,0.0141736222431063,0.5549145936965942,0.1580113470554351,18.48519146283168,0.0149587197229266,0.5359067320823669,0.1702299416065216,18.251055749917192,0.0149070881307125,0.5351448655128479,0.1697937548160553,18.2660718097802,0.0156371649354696,0.5201109051704407,0.1789718568325042,18.058419830210266,0.0141486702486872,0.5515846610069275,0.2458756119012832,18.49284375036841,0.013732592575252,0.5052708983421326,0.2127884179353714,18.62247464596018,0.0139522450044751,0.4956360161304474,0.2193036377429962,18.55355906038419,0.014733207412064,0.4768491089344024,0.24527208507061,18.317026971678164,0.015110976062715,0.4653500020503998,0.246531069278717,18.207074823876187
000000448810__picasso_self_portrait,0.0001234395167557,0.995929479598999,0.0106712859123945,39.08545787128973,0.0228454452008008,0.0236461795866489,0.0227775182574987,0.0150720244273543,0.5100409388542175,0.151971623301506,18.218284106859777,0.0046969610266387,0.78514164686203,0.1109630614519119,23.28183043390512,0.0063013299368321,0.7597407698631287,0.1212781816720962,22.00567780185823,0.005480055231601,0.7690227627754211,0.1322747021913528,22.61215064388137,0.0112573644146323,0.6224231719970703,0.1931933462619781,19.485632750407223,0.0118770180270075,0.5414955019950867,0.1888124346733093,19.252925843529223,0.0121281342580914,0.5365647077560425,0.1908515244722366,19.162060040582013,0.0125432154163718,0.5199139714241028,0.2038186490535736,19.0159111912048,0.0127433286979794,0.5175499320030212,0.21065653860569,18.947171146741358,0.0165150072425603,0.5082010626792908,0.2966677546501159,17.821212315152057,0.0157058667391538,0.4679367244243622,0.2052396684885025,18.0393809176181,0.0161715913563966,0.455464094877243,0.210392951965332,17.912472414853,0.016574403271079,0.4374971389770508,0.2377017140388488,17.805620985637745,0.0170659255236387,0.4252580106258392,0.2458580732345581,17.678701539772174
000000448810__trial,0.0001238311378983,0.9944799542427064,0.0127346292138099,39.07170136276408,0.0229276288300752,0.0237563997507095,0.0229380037635564,0.0151442950591444,0.517327070236206,0.1690748631954193,18.19750937520886,0.0052263252437114,0.7839393615722656,0.140827864408493,22.81803566833357,0.0064498982392251,0.7645676732063293,0.1363096535205841,21.90447137223898,0.0059365448541939,0.7724506258964539,0.159463033080101,22.264662464906955,0.0137098906561732,0.5585229992866516,0.2319785058498382,18.629660089311265,0.012838021852076,0.5288895964622498,0.1612879335880279,18.915018894222683,0.0135114453732967,0.5152335166931152,0.1711312979459762,18.692981902769237,0.0134376212954521,0.5080287456512451,0.1856013536453247,18.7167760253881,0.0139984944835305,0.4968328177928924,0.187344029545784,18.539186695112942,0.0180963110178709,0.5170373916625977,0.2346592247486114,17.424099482174505,0.0166442077606916,0.491645485162735,0.1848407983779907,17.78736871780869,0.0174844712018966,0.4748921394348144,0.1966265439987182,17.573474979026976,0.0175531860440969,0.4625008404254913,0.2172879129648208,17.55644044110512,0.0181761626154184,0.4508252143859863,0.230181872844696,17.404978004792547
000000448810__woman_with_hat_matisse,0.000133415320306,0.9942155480384828,0.0165525078773498,38.74794296788574,0.0229895338416099,0.0236864313483238,0.0229716878384351,0.0162601098418235,0.4899111688137054,0.1586979329586029,17.888765249451033,0.0050249765627086,0.7773639559745789,0.1095857769250869,22.98865959521415,0.0055555417202413,0.7705903053283691,0.1183806806802749,22.552735866527662,0.0057086371816694,0.7672932744026184,0.1348998546600341,22.43467558150444,0.009834780357778,0.6836402416229248,0.1357210874557495,20.072353348265096,0.0130097270011901,0.5656440258026123,0.1404124349355697,18.857318166682848,0.0138296307995915,0.5457167625427246,0.1458005756139755,18.59189413805393,0.0135915577411651,0.549382209777832,0.1641233116388321,18.667307655175,0.0143781788647174,0.5304194688796997,0.1696832925081253,18.42296118062317,0.0133252115920186,0.5545431971549988,0.2517732977867126,18.75325886052497,0.0134054385125637,0.4966048300266266,0.2069352120161056,18.72718975006594,0.0137569578364491,0.4825268685817718,0.2169389277696609,18.61477593783249,0.0145720010623335,0.4528409540653229,0.2472219318151474,18.364808057690183,0.0149715160951018,0.4445299804210663,0.2546760439872741,18.2473421846807
000000365095__antimonocromatismo,0.0001171098556369,0.9940698742866516,0.0482478663325309,39.3140655438423,0.0098498854786157,0.0094940951094031,0.0097016002982854,0.0091108391061425,0.4277364313602447,0.4126065075397491,20.40441622765152,0.004311507102102,0.3973032236099243,0.7338079214096069,23.65370894173996,0.0045605753548443,0.3687986135482788,0.7343274354934692,23.409803639865405,0.0044584181159734,0.3758723437786102,0.7441326379776001,23.50819205271404,0.0079478025436401,0.4623635709285736,0.3751853108406067,20.99752931103332,0.007352175656706,0.3333622515201568,0.3943922221660614,21.335841254213403,0.0075457487255334,0.3202990591526031,0.3957850337028503,21.222976609599908,0.0081890495494008,0.3131698668003082,0.464898407459259,20.8676650109718,0.0080987513065338,0.3084622323513031,0.4920306205749511,20.915819369839063,0.0159607306122779,0.4496746063232422,0.3612526059150696,17.96947232432764,0.018868563696742,0.2658436596393585,0.3804588317871094,17.242611577216685,0.0190857965499162,0.2545489966869354,0.3680998980998993,17.192897099609286,0.0211905222386121,0.2319500297307968,0.3916510045528412,16.738583400068702,0.0214893352240324,0.2136646956205368,0.4265309572219848,16.677770192689106
000000365095__impronte_d_artista,0.0001227738539455,0.9846383929252625,0.0693411380052566,39.108941111767976,0.009455575607717,0.0094135850667953,0.0093582803383469,0.0097007201984524,0.382438063621521,0.4263782799243927,20.13196021754075,0.0043504703789949,0.388021856546402,0.6547073721885681,23.61463783974598,0.0046909716911613,0.3674260675907135,0.6826133728027344,23.287371879032985,0.0045419209636747,0.354316383600235,0.7022027969360352,23.42760427434329,0.014983263798058,0.4566233456134796,0.358833760023117,18.24393574146951,0.0147272972390055,0.408742755651474,0.3238067924976349,18.31876947786483,0.0152189480140805,0.3797789812088012,0.331937313079834,18.17615366453079,0.0154933957383036,0.3865976333618164,0.3453507721424103,18.098533860637428,0.016486408188939,0.3472833633422851,0.3545753061771393,17.828739516105237,0.0117512280121445,0.4477700889110565,0.3144400119781494,19.29916746921521,0.0122493552044034,0.2998099029064178,0.3335333466529846,19.11886771588406,0.012456938624382,0.2829274237155914,0.3474805653095245,19.045886753250045,0.0134379146620631,0.2946344316005707,0.3396370708942413,18.716681212394946,0.0132700866088271,0.2868185341358185,0.3491894602775574,18.771262426507903
000000365095__picasso_self_portrait,0.0001135904240072,0.9946074485778807,0.042679063975811,39.44658279330066,0.0095644313842058,0.0093648228794336,0.0094782058149576,0.0078800842165946,0.5016915202140808,0.3924255967140198,21.034691410628664,0.0043049124069511,0.4034422934055328,0.7233476638793945,23.660356808107363,0.0045615369454026,0.3878344595432281,0.7105884552001953,23.408888032907026,0.0044677085243165,0.3791764080524444,0.7448863983154297,23.499151682355063,0.0081171495839953,0.5458874106407166,0.2519090473651886,20.905964507182247,0.0092259189113974,0.3883905410766601,0.2720579206943512,20.349903668193832,0.0094923684373497,0.3731119334697723,0.2970524728298187,20.226254133958516,0.0102443369105458,0.3620458841323852,0.2890164852142334,19.8951614711254,0.0103963520377874,0.3536519706249237,0.3073358833789825,19.83119022987882,0.0114363683387637,0.4293130934238434,0.4094276130199432,19.417118654759555,0.010599217377603,0.2808008790016174,0.35551917552948,19.747262008801734,0.0105050904676318,0.2775753438472748,0.3613067269325256,19.786002031890984,0.0118904998525977,0.2739854156970978,0.3677853047847748,19.24799888134713,0.0114221675321459,0.2783185839653015,0.3733286261558532,19.422514742051334
000000365095__trial,0.0001260218268726,0.9888471961021424,0.0488748028874397,38.99554228934989,0.0094964690506458,0.0093861911445856,0.009393136948347,0.012001447379589,0.3299423456192016,0.5021650791168213,19.207663746971097,0.004429908003658,0.379063993692398,0.7423425316810608,23.536052927201624,0.0047052470035851,0.3602704107761383,0.7543140649795532,23.274175731977607,0.0045827100984752,0.3499161303043365,0.7769795656204224,23.388776152873355,0.0093326456844806,0.4657671451568603,0.3753523826599121,20.29995221924324,0.0087750423699617,0.3405562341213226,0.3260856568813324,20.567507778825195,0.0084513090550899,0.350735992193222,0.3144279718399048,20.730760163319584,0.0089726326987147,0.3449688255786896,0.3247251510620117,20.47080110047561,0.0089248372241854,0.3404342830181122,0.3215155303478241,20.493996960317578,0.0165722947567701,0.4141535460948944,0.402398407459259,17.8061735089267,0.0177216101437807,0.2817726731300354,0.3824881911277771,17.514968216819952,0.0175323393195867,0.2783513069152832,0.3791966438293457,17.56160132633748,0.0194475464522838,0.2589312493801117,0.3743628263473511,17.111351824847148,0.0198316778987646,0.2437599897384643,0.4167641401290893,17.02640539887126
000000365095__woman_with_hat_matisse,0.0001168725211755,0.9890990853309632,0.0464982017874717,39.32287587252706,0.0094172190874814,0.0093429842963814,0.009309665299952,0.0076888334006071,0.4491590559482574,0.378359317779541,21.141395491599354,0.0041896067559719,0.4059977233409881,0.6866671442985535,23.77826738782207,0.0043499409221112,0.3969615697860718,0.6904590725898743,23.6151664129256,0.0044394279830157,0.3646104633808136,0.7247728109359741,23.526729848006344,0.0114573957398533,0.5274830460548401,0.2846976816654205,19.40914086063309,0.01369259506464,0.3929373323917389,0.3423409461975097,18.63514235178781,0.014400833286345,0.3700788021087646,0.3293709456920624,18.41612377266481,0.0149118416011333,0.3694605827331543,0.3445948958396911,18.26468718195505,0.0160410311073064,0.323798269033432,0.382712721824646,17.947677189807294,0.0087044751271605,0.4679235219955444,0.3839229047298431,20.60257411364607,0.0087464777752757,0.2945776581764221,0.4654760956764221,20.581668030603907,0.0085723027586936,0.2955155670642853,0.4563860893249511,20.66902498840188,0.0100496504455804,0.2954670488834381,0.4784650802612304,19.97849043934604,0.0101538291200995,0.2790867984294891,0.5097141861915588,19.93370149659235
000000262631__antimonocromatismo,0.0001094736871891,0.9934043884277344,0.0261322073638439,39.60690254173469,0.0107337618246674,0.010690301656723,0.0106150731444358,0.0042119673453271,0.5050407648086548,0.1279493272304535,23.75515004485413,0.0011856923811137,0.7576572299003601,0.1598663330078125,29.26027970764091,0.0014842693926766,0.7295143008232117,0.2149420976638794,28.28487268103477,0.0013117665657773,0.7382479310035706,0.1843199133872985,28.821434425629995,0.0062456759624183,0.4633209705352783,0.2220963537693023,22.04420551547415,0.0048703816719353,0.4600244760513305,0.222624123096466,23.12437003565581,0.0050613535568118,0.4457521438598633,0.2435581684112548,22.95733324337269,0.0052127861417829,0.4354089498519897,0.2408066689968109,22.829300919440165,0.0054114963859319,0.4198447465896606,0.250711977481842,22.666826272606198,0.0131666837260127,0.4429309368133545,0.2328990995883941,18.805235964014265,0.0127924932166934,0.3614704310894012,0.2218017876148224,18.930448046433888,0.0132302241399884,0.3435223996639251,0.2488420009613037,18.78432798145411,0.0136922486126422,0.3348621428012848,0.2383320927619934,18.635252238988663,0.0141417160630226,0.3163981735706329,0.2720377445220947,18.494978867568896
000000262631__impronte_d_artista,0.0001175160068669,0.9852652549743652,0.0470290146768093,39.29902974068707,0.0105839651077985,0.0106578096747398,0.0105530302971601,0.0044551729224622,0.4592630863189697,0.1579034179449081,23.511354346543392,0.0014727556845173,0.7087199091911316,0.2092523276805877,28.318692923062848,0.0016028075478971,0.6997541785240173,0.2314040213823318,27.951186210669256,0.0016106580151244,0.6916463971138,0.2474033236503601,27.929966618841824,0.0122227296233177,0.4452956020832062,0.2183122932910919,19.12831795078399,0.011114839464426,0.4317061603069305,0.2010578215122223,19.54096805589139,0.0115967290475964,0.4115854501724243,0.2074102610349655,19.3566448981622,0.0113675249740481,0.4232556819915771,0.2012629806995391,19.44334082992273,0.0121388928964734,0.393460065126419,0.2140373885631561,19.15820920417058,0.0083515476435422,0.460992693901062,0.1764638870954513,20.782330369991165,0.0059172180481255,0.4768525660037994,0.159728318452835,22.27882426776243,0.0061041894368827,0.4646317958831787,0.1743846833705902,22.14371996986953,0.0063115525990724,0.4543228447437286,0.1858594715595245,21.998637941206542,0.0064567425288259,0.4416253566741943,0.1898015588521957,21.899865313174903
000000262631__picasso_self_portrait,0.0001046196848619,0.9944248795509338,0.0166388433426618,39.80386592499295,0.0103142485022544,0.0101081300526857,0.0101730013266205,0.0043229334987699,0.5030868649482727,0.1202321052551269,23.642214453220905,0.0012445478932932,0.7507012486457825,0.1811851114034652,29.049883860037696,0.0014455909840762,0.7299790978431702,0.2361141294240951,28.39954569065096,0.0013654910726472,0.7306592464447021,0.2131762057542801,28.64711134859803,0.005785122513771,0.5392726063728333,0.1235007122159004,22.37687439393073,0.0045957616530358,0.5400643944740295,0.1127083003520965,23.376425029288043,0.004870775155723,0.5206461548805237,0.1300136446952819,23.124019178276424,0.0049905641935765,0.5144210457801819,0.1298684328794479,23.018503537140543,0.0053090131841599,0.5010027289390564,0.1448028087615966,22.74986196150494,0.008884597569704,0.4617150723934173,0.2186964899301529,20.513622389014508,0.0077154636383056,0.3669914305210113,0.2599081695079803,21.12637971155248,0.0072606243193149,0.3808129727840423,0.2464010417461395,21.39026034013969,0.0075332135893404,0.3686473369598388,0.2558798193931579,21.23019718833589,0.0077701625414192,0.3559491336345672,0.2544881701469421,21.095698962437275
000000262631__trial,0.0001089356155716,0.9882928729057312,0.0213414710015058,39.628301081462645,0.0104773351922631,0.010415643453598,0.0104026682674884,0.0043328790925443,0.494467169046402,0.1493039280176162,23.63223429630164,0.0012343367561697,0.7531253695487976,0.1931549608707428,29.0856633836269,0.0014098306419327,0.7387628555297852,0.2274285703897476,28.508330545017905,0.0013646384468302,0.7331668734550476,0.2316659241914749,28.64982397228035,0.008175597526133,0.4211529791355133,0.2169683873653412,20.87480496426809,0.0067538633011281,0.4161351025104522,0.2195989340543747,21.704477337756035,0.0070998021401464,0.3954918384552002,0.237726017832756,21.487537541879547,0.0067645590752363,0.4052281677722931,0.233368769288063,21.697605061517265,0.0069487891159951,0.3954701125621795,0.2447856217622757,21.580908682240377,0.0142521345987916,0.3790689408779144,0.2460330873727798,18.461200847748227,0.0125381471589207,0.3309948146343231,0.2290013581514358,19.017666371982727,0.0132096698507666,0.3076249957084656,0.2420618832111358,18.79108036570333,0.0130957858636975,0.3087080419063568,0.2425060868263244,18.828684349228457,0.0135403731837868,0.2982484400272369,0.2412237823009491,18.68369365973922
000000262631__woman_with_hat_matisse,0.000117984280223,0.9889698028564452,0.0462868511676788,39.28175852585218,0.0104811107739806,0.0105243921279907,0.010422995314002,0.0043654181063175,0.4778242111206054,0.1436081677675247,23.599741545768254,0.0012403151486068,0.7288346886634827,0.1832671016454696,29.064679520060352,0.0014908915618434,0.7137085795402527,0.2163005769252777,28.26553943271109,0.0013995883055031,0.707551896572113,0.2206743210554123,28.539996949949888,0.0103622898459434,0.488828182220459,0.1663524061441421,19.8454426413022,0.0102402120828628,0.4206826686859131,0.1827989220619201,19.896910486860435,0.0111337937414646,0.3828188478946686,0.1948277056217193,19.53356828455117,0.011080720461905,0.3821684122085571,0.2094651758670807,19.55432001118645,0.0116546107456088,0.3621496260166168,0.2035983204841613,19.33502226978857,0.0074459626339375,0.4589888155460357,0.2314665466547012,21.28079147531464,0.005431720521301,0.4271393120288849,0.2566295266151428,22.65062583937294,0.0057602827437222,0.405681848526001,0.2614173293113708,22.39556198690569,0.0058336551301181,0.4058521687984466,0.2728185951709747,22.340592487682336,0.0060999859124422,0.3834105432033539,0.2905222177505493,22.14671167965573
000000170545__antimonocromatismo,9.5670809969306e-05,0.9936220049858092,0.0143211875110864,40.19220549192902,0.0079133082181215,0.0076026394963264,0.0076458901166915,0.0076462007127702,0.3094788193702698,0.2462864220142364,21.16554305937124,0.0006049280636943,0.8521323204040527,0.0929700136184692,32.18296267327828,0.0009962614858523,0.7827863693237305,0.1133807599544525,30.016266586061,0.000703768339008,0.8231406807899475,0.1105968505144119,31.525702750162687,0.0073511167429387,0.3527446687221527,0.299159288406372,21.336466801736044,0.0037285182625055,0.4737440049648285,0.1517523378133773,24.284637253677637,0.0039394376799464,0.4598459005355835,0.1785690486431121,24.04565765465059,0.0040230234153568,0.45343017578125,0.1741070449352264,23.954474396806184,0.0042045027948915,0.4423570334911346,0.1797470301389694,23.762853544920137,0.0151976766064763,0.3314676582813263,0.2723706364631653,18.182228011415816,0.0127934040501713,0.3009669482707977,0.2172901630401611,18.93013883706792,0.0132595738396048,0.2817592620849609,0.2455788552761078,18.774704338559964,0.0138017041608691,0.2673342525959015,0.2355298399925232,18.60067285919953,0.0139644471928477,0.2562811374664306,0.2514742910861969,18.549762519320232
000000170545__impronte_d_artista,9.651121217757463e-05,0.9828398823738098,0.0338691882789135,40.15422229620046,0.0081120505928993,0.0078373970463871,0.0078499931842088,0.0043184389360249,0.4168109595775604,0.1817014813423156,23.64673217072356,0.0007010095287114,0.8526036143302917,0.1091908439993858,31.54276078697148,0.0009534170967526,0.818864107131958,0.1296327859163284,30.20717064535292,0.0007997971842996,0.835782527923584,0.1272205114364624,30.970201291413133,0.0144135663285851,0.277364581823349,0.252819687128067,18.4122854901279,0.0122990123927593,0.3111582994461059,0.1880596131086349,19.10129760885417,0.0124242780730128,0.3084499537944793,0.20152048766613,19.057288370425717,0.0125299533829092,0.3012697994709015,0.2102222442626953,19.02050544774638,0.0128073124215006,0.2946896255016327,0.220025360584259,18.925419961702428,0.0115084340795874,0.3045312166213989,0.2477196156978607,19.389837655847884,0.0065028485842049,0.3740346431732178,0.2121766358613968,21.868963582187444,0.0067831897176802,0.3636638224124908,0.2255090475082397,21.68566036069372,0.006883303169161,0.3590207099914551,0.225335344672203,21.62203101898516,0.0071128867566585,0.3530880510807037,0.2499262988567352,21.47954105592857
000000170545__picasso_self_portrait,9.334271453553812e-05,0.994347333908081,0.0132248997688293,40.29919573381624,0.0077670319005846,0.0073384623974561,0.0075258980505168,0.0072876126505434,0.3244090974330902,0.217458575963974,21.37414718938757,0.0006252248422242,0.8489131927490234,0.0953602939844131,32.03963774372336,0.0008915229700505,0.7897176742553711,0.1162194609642028,30.49867462766025,0.0007798355072736,0.8151566982269287,0.1084805577993393,31.079969945110044,0.007931382395327,0.3994030952453613,0.1877358853816986,21.006511110002958,0.0056325993500649,0.4207425415515899,0.1817418038845062,22.49291139274886,0.0057281255722045,0.4216363131999969,0.1885163486003875,22.419874699743332,0.005778023507446,0.4177378714084625,0.1835850179195404,22.382206955943943,0.005916163790971,0.4058635532855987,0.1955951750278473,22.27959810920882,0.0113511458039283,0.3320562243461609,0.2933048009872436,19.449602978358385,0.0057511944323778,0.3906215131282806,0.2034832835197448,22.40241949828564,0.0058990456163883,0.3887052536010742,0.2238994091749191,22.29218245487212,0.0063594710081815,0.3599802553653717,0.2265594452619552,21.965790082167533,0.0065151620656251,0.3558427095413208,0.2385469377040863,21.860747766772125
000000170545__trial,9.900336590362711e-05,0.987516224384308,0.0207927338778972,40.04350040063837,0.0078734178096055,0.0074755726382136,0.0076545281335711,0.0075947656296193,0.3091808557510376,0.3135011196136474,21.19485623688429,0.0006574806757271,0.8491222262382507,0.098931111395359,31.82117007170381,0.0007772873505018,0.8171045184135437,0.1108412444591522,31.094183999028232,0.0007170213502831,0.8323044776916504,0.1118732914328575,31.44467912432449,0.0089868633076548,0.3211613595485687,0.2749988734722137,20.463918639822968,0.0052867853082716,0.40999236702919,0.1817802339792251,22.768083255559432,0.0053503247909247,0.4096063673496246,0.1715456694364547,22.716198533759755,0.0056590032763779,0.3889254331588745,0.1939040124416351,22.4726005462229,0.0057497080415487,0.3891531527042389,0.1870782226324081,22.40354207338804,0.0169830583035945,0.2700791656970978,0.2949884831905365,17.6998409944091,0.0124248741194605,0.2865912914276123,0.2121261954307556,19.05708002554436,0.012504150159657,0.287950336933136,0.2125729620456695,19.02945819608281,0.0127036003395915,0.2763616740703583,0.2163620889186859,18.960731777822428,0.013109422288835,0.2650084197521209,0.228473424911499,18.82416446547849
000000170545__woman_with_hat_matisse,9.856855467660353e-05,0.9875555038452148,0.0253046620637178,40.06261611514703,0.0078763179481029,0.0075667644850909,0.0076491069048643,0.0042546577751636,0.4115042388439178,0.1620485782623291,23.71135366798017,0.0005625881603918,0.8711295127868652,0.0877697393298149,32.49809411755908,0.0006339648389257,0.856743335723877,0.0997495427727699,31.97934828370599,0.0005716085433959,0.8652312755584717,0.0961563512682914,32.42901288764885,0.0117860436439514,0.3634781837463379,0.210887998342514,19.28631955036884,0.0108171636238694,0.3493894040584564,0.1842299401760101,19.65886600965727,0.0109450137242674,0.3392038345336914,0.183425560593605,19.60783689521367,0.0111400829628109,0.3361778557300567,0.1780611723661422,19.531115748573654,0.0115088112652301,0.3170896768569946,0.1838262528181076,19.389695319403323,0.0093458360061049,0.3306095898151397,0.2866672575473785,20.293818439267877,0.0041895695030689,0.458543449640274,0.1796366572380066,23.778306004339257,0.0043772691860795,0.4467834532260895,0.1942999511957168,23.58796745040025,0.0044548343867063,0.4438633918762207,0.2020047158002853,23.511684366947808,0.0046223611570894,0.43675097823143,0.2005835771560669,23.35136124974736
000000031735__antimonocromatismo,9.94320071185939e-05,0.9935902953147888,0.0117248408496379,40.02473793897836,0.0117625016719102,0.0114799719303846,0.0116345584392547,0.0043151886202394,0.5688781142234802,0.1150465086102485,23.65000216185425,0.0011746532982215,0.8680065274238586,0.075716957449913,29.300902975520064,0.0015166014200076,0.8581443428993225,0.1034587100148201,28.19128541715409,0.0012257631169632,0.8646823763847351,0.0820159167051315,29.11593450646124,0.0050807832740247,0.5101088881492615,0.1445332467555999,22.940693299672034,0.0035545241553336,0.5584887862205505,0.0902514606714248,24.492185301085637,0.0036745283287018,0.5498945116996765,0.0968815311789512,24.347984000869005,0.0038152874913066,0.5420106649398804,0.0983378738164901,24.18472731317525,0.0039095506072044,0.5365594029426575,0.1027900204062461,24.078731607698536,0.0118903145194053,0.4427677690982818,0.1662087142467498,19.24806657388406,0.0109880166128277,0.4051384925842285,0.1510139107704162,19.590806926393554,0.0111920787021517,0.401978999376297,0.1630024313926696,19.51089244567868,0.0121123977005481,0.3739947080612182,0.1725372672080993,19.167698779102224,0.0122743612155318,0.3673419952392578,0.1769543290138244,19.11001100246812
000000031735__impronte_d_artista,0.0001031592255458,0.9871430397033693,0.017747838050127,39.86491926929969,0.0116465939208865,0.0116524426266551,0.0115592423826456,0.004058841150254,0.5777243971824646,0.0993822589516639,23.915979452134096,0.0014427858404815,0.8548009991645813,0.0937218070030212,28.407981285042965,0.0021463287994265,0.8310865759849548,0.1196127086877822,26.68303747030601,0.0016142366221174,0.8429932594299316,0.1262809932231903,27.920328040948917,0.0110009731724858,0.4295905828475952,0.1569321602582931,19.58568894410324,0.0096534127369523,0.4478085935115814,0.1331429779529571,20.153191249143315,0.0102232610806822,0.4294193983078003,0.1419708281755447,19.904105480921043,0.0100478110834956,0.4360674321651459,0.1492609828710556,19.979285390295196,0.0106164058670401,0.4152741432189941,0.157055914402008,19.740224866727704,0.0074666980654001,0.466438740491867,0.1562050729990005,21.268714100996057,0.0052792425267398,0.5216249823570251,0.1248392760753631,22.774283861889604,0.0053866575472056,0.5156810879707336,0.1312944144010543,22.68680633528917,0.005869410932064,0.499226450920105,0.1447827816009521,22.31405483384654,0.0060626659542322,0.4878374636173248,0.1552006602287292,22.17336360221291
000000031735__picasso_self_portrait,9.449836943531408e-05,0.9945464730262756,0.0095037650316953,40.24575685155868,0.0118674207478761,0.0114452810958027,0.0117031633853912,0.0042984369210898,0.5746700763702393,0.1078231930732727,23.6668944208464,0.0012903810711577,0.8593429923057556,0.0763052850961685,28.89282016319677,0.0017504970310255,0.8429556488990784,0.1119186207652092,27.56838621494377,0.0012980148894712,0.8567307591438293,0.0805621519684791,28.867203257343345,0.0055773206986486,0.5308976769447327,0.1158119812607765,22.5357438264684,0.0042541045695543,0.5581499934196472,0.0965936407446861,23.711918389696653,0.0044081774540245,0.5535116195678711,0.0984836667776107,23.55740931000092,0.0046385652385652,0.5435435175895691,0.1092675775289535,23.3361633093896,0.0047832508571445,0.5330739617347717,0.1086868569254875,23.202768419972045,0.00878566224128,0.4546602666378021,0.2379769384860992,20.56225496901324,0.0060464292764663,0.4792712926864624,0.1400939524173736,22.185010225928103,0.0062546259723603,0.4607792794704437,0.1569041162729263,22.037986560739643,0.006683372426778,0.4469295442104339,0.1759352087974548,21.75004337411689,0.0069376095198094,0.4331181943416595,0.1917450875043869,21.58790147873089
000000031735__trial,0.0001022923170239,0.9892692565917968,0.0168596599251031,39.9015698407277,0.0115597117692232,0.0114284362643957,0.0114560965448617,0.0047569223679602,0.5431923270225525,0.1974809467792511,23.22673936123005,0.0014474540948867,0.8545739650726318,0.1017593890428543,28.393952007635612,0.0017068594461306,0.8457382321357727,0.1196253076195716,27.678022400352774,0.0015608109533786,0.8474092483520508,0.1203427463769912,28.06649695833409,0.0074290442280471,0.4423043429851532,0.2181196510791778,21.29067056116288,0.0053823492489755,0.5031875967979431,0.1274982094764709,22.690281252304253,0.0056388326920568,0.4848617017269134,0.1312776058912277,22.488107910286725,0.0056768413633108,0.4785040915012359,0.1500046551227569,22.458932417621423,0.0059917685575783,0.4591651856899261,0.1714073568582534,22.224449703599674,0.0130208069458603,0.3899435102939605,0.2085013389587402,18.853621001553268,0.0105805275961756,0.4026094973087311,0.1521656066179275,19.75492675741773,0.011113136075437,0.3836877346038818,0.165188729763031,19.541633678758004,0.0113472202792763,0.3771386444568634,0.1650762408971786,19.451105142616104,0.0118064954876899,0.3641020357608795,0.178253173828125,19.278789945305352
000000031735__woman_with_hat_matisse,0.0001019350384012,0.9902424812316896,0.0194122791290283,39.91676509136424,0.0116742458194494,0.0115916868671774,0.0115772681310772,0.0041630463674664,0.5733975172042847,0.0978187769651413,23.80588751971095,0.0012892936356365,0.8583621382713318,0.0821419283747673,28.89648161146392,0.0015202229842543,0.8523839116096497,0.102339282631874,28.18092705654812,0.0013944609090685,0.8505310416221619,0.1006273999810218,28.55593655807226,0.0086361551657319,0.5081164240837097,0.1284835189580917,20.63679563302169,0.0083717908710241,0.4754698276519775,0.1139282882213592,20.771816289590813,0.0091710351407527,0.4496788680553436,0.1218633502721786,20.3758164246028,0.0089025683701038,0.4559301435947418,0.1265173107385635,20.504846823383694,0.0097380243241786,0.4296579658985138,0.1390044689178466,20.11529144983861,0.006126660387963,0.4954593181610107,0.1642936915159225,22.127761927415605,0.0040987683460116,0.5387490391731262,0.1045282930135726,23.873466264241245,0.004141294863075,0.531889021396637,0.1113744527101516,23.828638463275176,0.004705426748842,0.5145624279975891,0.1301829665899276,23.274009830204196,0.0047347759827971,0.5088289976119995,0.1301701366901397,23.24700564017952
000000005992__antimonocromatismo,0.0001077075066859,0.9938755035400392,0.0169627498835325,39.677540274476975,0.0104476753622293,0.0104528646916151,0.0103720119222998,0.0057345014065504,0.5830786824226379,0.2291251718997955,22.415043364021404,0.0016868527745828,0.8215703964233398,0.1556343138217926,27.729228201829265,0.002026877598837,0.791797399520874,0.1544823944568634,26.931724771356613,0.0019347997149452,0.7945465445518494,0.1702643036842346,27.13363985268341,0.0063832704909145,0.5213150978088379,0.2154333293437957,21.94956751963329,0.0046430868096649,0.5595893263816833,0.1781270056962967,23.331931964531396,0.0048235259018838,0.543278157711029,0.1995282620191574,23.166353850126256,0.004801248665899,0.5448921322822571,0.1935871988534927,23.18645800502168,0.0050117918290197,0.5245093703269958,0.214707612991333,23.000069762623983,0.0131811611354351,0.4946272075176239,0.231542021036148,18.80046330826937,0.0104580791667103,0.5218460559844971,0.1938136965036392,19.80548074924097,0.0117476759478449,0.4772619009017944,0.2192958891391754,19.300480417205502,0.0114038391038775,0.4896552562713623,0.2090866714715957,19.429489187556925,0.0125468960031867,0.4487991333007812,0.2387328743934631,19.014637017066143
000000005992__impronte_d_artista,0.0001157643346232,0.9866097569465636,0.0309466943144798,39.36425220073984,0.0104192290455102,0.0104937981814146,0.0103829782456159,0.0061655933968722,0.5504361987113953,0.255269855260849,22.100251191354943,0.0020083200652152,0.7914591431617737,0.1504245698451995,26.97167072662555,0.0023750986438244,0.7616351246833801,0.1683970838785171,26.243183483216463,0.0023569618351757,0.7521042823791504,0.1864119917154312,26.276474496804983,0.011939943768084,0.512563169002533,0.2163569331169128,19.22997718539004,0.0092664984986186,0.5628044009208679,0.1532007604837417,20.330843402891414,0.0101484945043921,0.5302599668502808,0.1788903325796127,19.9359837912311,0.0098654087632894,0.5412492752075195,0.1684989184141159,20.058849154839432,0.010535811074078,0.5153539776802063,0.1858841329813003,19.77332025652672,0.0090802880004048,0.5038172006607056,0.2271762639284134,20.41900376698844,0.0063531943596899,0.5509570240974426,0.1859521120786667,21.97007858335493,0.0067500788718461,0.5282493233680725,0.186604306101799,21.70691152590092,0.0067220074124634,0.5287473797798157,0.1858863830566406,21.725010129629133,0.006951168179512,0.5130888223648071,0.2019402086734771,21.579422038583004
000000005992__picasso_self_portrait,0.0001093954560928,0.9945130348205566,0.0157777573913335,39.61000716711584,0.0100596994161605,0.0100308842957019,0.0099603133276104,0.0050137299112975,0.6244037747383118,0.1649826467037201,22.99839065111039,0.0016191761242225,0.830468475818634,0.1427271068096161,27.90705908740268,0.0018679531058296,0.8066086769104004,0.1549721211194992,27.28634030747815,0.0018411331111565,0.8078296780586243,0.1514435708522796,27.349148115226345,0.0062483004294335,0.5943495631217957,0.1482262015342712,22.042380969751186,0.0051666195504367,0.6018231511116028,0.1335023045539856,22.867935170162035,0.0054851691238582,0.5825489163398743,0.1421107500791549,22.608099773096832,0.0054026115685701,0.5848568081855774,0.1367780417203903,22.673962557979728,0.005631776060909,0.5721240639686584,0.1544725894927978,22.49354622588436,0.0094847092404961,0.4732365608215332,0.3040814399719238,20.229759781315213,0.0068018063902854,0.4991808831691742,0.2625015079975128,21.67375734183264,0.0064847632311284,0.5079737305641174,0.2358543276786804,21.88105876062796,0.007222147192806,0.4703410565853119,0.2782063782215118,21.41333664569951,0.0065801325254142,0.4939834177494049,0.2387556880712509,21.81765359505114
000000005992__trial,0.000116529285151,0.9898996353149414,0.0267511568963527,39.33564917717538,0.0101687740534543,0.0102090612053871,0.0100674657151103,0.0076978639699518,0.5013540983200073,0.2866843938827514,21.136297676531264,0.0020997731480747,0.7870161533355713,0.1599298119544983,26.77827622342775,0.0022204585839062,0.7766838073730469,0.175011932849884,26.535573228950355,0.0023978697136044,0.7522209286689758,0.1958447992801666,26.201744176507702,0.0080026108771562,0.4977090656757355,0.263185054063797,20.96768299938776,0.0058114477433264,0.5405642986297607,0.2045101821422577,22.357156630287918,0.0056972061283886,0.5389527678489685,0.2171627581119537,22.443380672201183,0.0056261215358972,0.5431655049324036,0.1943305134773254,22.49790890407678,0.0057847835123538,0.5302159190177917,0.2023250758647918,22.377128892877465,0.0140131255611777,0.4544080197811126,0.2547752857208252,18.53464986585838,0.0109798638150095,0.481490820646286,0.1898441016674041,19.594030464757846,0.0113871544599533,0.4691378772258758,0.1981300413608551,19.435847883647096,0.0113303288817405,0.4684313237667084,0.2068940550088882,19.45757483830147,0.0119983898475766,0.4408904612064361,0.2237381041049957,19.20877031221641
000000005992__woman_with_hat_matisse,0.0001101123125408,0.990179479122162,0.0260750334709882,39.58164116363491,0.0103806443512439,0.0104828439652919,0.0103198448196053,0.0039969333447515,0.6535149216651917,0.1467990577220916,23.982730942337525,0.0017812546575441,0.821310818195343,0.1385224461555481,27.49273987072342,0.0023917253129184,0.7734400629997253,0.139724463224411,26.212887000740835,0.0021156277507543,0.7880475521087646,0.1457031369209289,26.74560744961598,0.0095124142244458,0.5556277632713318,0.1706549376249313,20.217092463336247,0.0090112732723355,0.5476913452148438,0.1494910418987274,20.45213839866622,0.009521753527224,0.528059184551239,0.1633205711841583,20.21283064528376,0.0091428235173225,0.5410711765289307,0.1473212391138076,20.389196632784454,0.0099672218784689,0.5056458115577698,0.1687039285898208,20.014258738829135,0.0070904879830777,0.5229827761650085,0.2511152029037475,21.493238746808156,0.0052582803182303,0.5335933566093445,0.2292968928813934,22.79156265430952,0.0055260281078517,0.513836681842804,0.2474471926689148,22.575869103978164,0.005471792537719,0.5132305026054382,0.2266263961791992,22.61870377192888,0.0056741652078926,0.4957855641841888,0.2586440443992615,22.46098023522256
000000519338__antimonocromatismo,0.0001122140020015,0.9943447113037108,0.0110524836927652,39.49952948671586,0.0183082371950149,0.0182669050991535,0.0181738194078207,0.0083877509459853,0.5437920689582825,0.1186054944992065,20.763544733414182,0.0032527539879083,0.7614784836769104,0.1197221875190734,24.87748782009908,0.0038994010537862,0.73746657371521,0.162296786904335,24.090020952841765,0.0037277806550264,0.7339343428611755,0.1480952501296997,24.285496497285138,0.0068651554174721,0.5903562903404236,0.1667289733886718,21.63349626499111,0.0068401112221181,0.5222672820091248,0.1872255206108093,21.64936836472945,0.0071214060299098,0.5014392733573914,0.1976803243160247,21.47434252044793,0.0071085947565734,0.4980904757976532,0.205984741449356,21.48216243121658,0.0073436312377452,0.4831252098083496,0.2242943793535232,21.34089139463855,0.0136060239747166,0.533785879611969,0.2016758173704147,18.66268768119096,0.013350780121982,0.4774298667907715,0.182569220662117,18.744933565635804,0.0142490090802311,0.4471642076969147,0.1938045173883438,18.46215336774855,0.0141143249347805,0.4497376680374145,0.2008853107690811,18.50339888619484,0.0151046523824334,0.4212801456451416,0.2080021798610687,18.208892651029256
000000519338__impronte_d_artista,0.0001198265599668,0.991472065448761,0.0182218886911869,39.21446908419172,0.0181777235120534,0.0183627568185329,0.0181023478507995,0.0094926981255412,0.5068662166595459,0.1324662268161773,20.22610329776121,0.0037729842588305,0.7238487601280212,0.1310246139764785,24.23315006703932,0.0044217058457434,0.6948105692863464,0.1697487086057663,23.54410152263782,0.0043329591862857,0.689460277557373,0.1688721030950546,23.632154017236157,0.0107721267268061,0.5942321419715881,0.1645010113716125,19.67698546048785,0.0113560510799288,0.5366823077201843,0.1634806841611862,19.44772662669485,0.0122465239837765,0.5137543678283691,0.1743350327014923,19.119871626371467,0.0116432597860693,0.5239595770835876,0.1667476296424865,19.3392541239193,0.012515184469521,0.4973733127117157,0.1779913604259491,19.025627446570653,0.008275487460196,0.5720890164375305,0.1598758548498153,20.82206415070296,0.0070025972090661,0.539688229560852,0.1568265110254287,21.547408536478443,0.007503442466259,0.5241148471832275,0.1639403253793716,21.24739443128817,0.0073222331702709,0.5202515721321106,0.1636521816253662,21.353564454968744,0.0075940159149467,0.510922372341156,0.17453233897686,21.195284970347352
000000519338__picasso_self_portrait,0.0001130097880377,0.9949090480804444,0.01115601696074,39.46883939643256,0.0179862696677446,0.0180294588208198,0.0178646817803382,0.0088599817827343,0.534478485584259,0.1153830885887146,20.52567171077516,0.0034798709675669,0.7433560490608215,0.1209005489945411,24.584368592466884,0.0042013092897832,0.7165330052375793,0.1608075052499771,23.76615345621781,0.003974241670221,0.7141062617301941,0.1439457833766937,24.007457273489383,0.0061259623616933,0.6339457035064697,0.1161348894238472,22.128256758544683,0.005687812808901,0.5881099700927734,0.1104690060019493,22.4505470506997,0.0060537955723702,0.5740355849266052,0.1225123479962349,22.179722486074816,0.0060456250794231,0.5694372057914734,0.1201554760336875,22.18558789177123,0.0062582925893366,0.5597318410873413,0.1355924904346466,22.035441364656464,0.0105527304112911,0.5249566435813904,0.2231770157814026,19.766351565618645,0.0099512645974755,0.4664212763309479,0.1995541751384735,20.021217260072824,0.0101243425160646,0.4500643312931061,0.2196532785892486,19.946331706729516,0.0102661540731787,0.4414366781711578,0.2127797752618789,19.8859222218813,0.010387391783297,0.4244179427623749,0.2292425781488418,19.834934876999384
000000519338__trial,0.0001104806360672,0.991549015045166,0.0146188475191593,39.56713834070177,0.0179423689842224,0.018144953995943,0.0178950782865285,0.0098390830680727,0.5001816749572754,0.1593691408634185,20.070453728116707,0.0036693897563964,0.7437818646430969,0.1236606910824775,24.3540615576594,0.0042729224078357,0.7184448838233948,0.1632014513015747,23.692749934815968,0.0042337989434599,0.7079398036003113,0.175003319978714,23.732697697977446,0.0091204745694994,0.5364219546318054,0.1866784840822219,20.399825632557175,0.008829397149384,0.5068313479423523,0.1762116253376007,20.540689480230853,0.0092822136357426,0.487094908952713,0.195845827460289,20.32348440252642,0.0088504133746027,0.4929124414920807,0.184133693575859,20.53036444317278,0.009063652716577,0.4767990112304687,0.2011893838644027,20.42696743277457,0.013809036463499,0.4873658418655395,0.2084451168775558,18.598366236070508,0.0121782394126057,0.4840859472751617,0.1830785274505615,19.14415492381057,0.0130090741440653,0.4555833339691162,0.2021870017051696,18.85753611081121,0.012917093001306,0.4570148289203644,0.2004958093166351,18.888352135501798,0.0135278711095452,0.4326549470424652,0.2096079438924789,18.687705432488677
000000519338__woman_with_hat_matisse,0.0001207788372994,0.9925534725189208,0.0171751994639635,39.18009155526408,0.0181900560855865,0.0183143150061368,0.0180605091154575,0.0098216580227017,0.501462459564209,0.1339880377054214,20.078151915075257,0.0036319596692919,0.7359970211982727,0.1201583594083786,24.39858982700841,0.0041925595141947,0.7154856324195862,0.1493818461894989,23.77520763783793,0.0041377339512109,0.7052549719810486,0.152382031083107,23.832374371201468,0.0085550872609019,0.644025981426239,0.1078303903341293,20.67775556346736,0.0096254870295524,0.5543249249458313,0.1372137665748596,20.165772868692304,0.0104190818965435,0.5297728776931763,0.1385102421045303,19.82170548294832,0.0102227376773953,0.5338109135627747,0.1410541087388992,19.90432783362884,0.0108129680156707,0.5139999389648438,0.1547106802463531,19.660550816335395,0.0075493506155908,0.575937807559967,0.1868331283330917,21.22090404158209,0.0078279124572873,0.4860647916793823,0.2300832420587539,21.06354039877813,0.0080369971692562,0.4713614284992218,0.2409144043922424,20.949061846367453,0.008109588176012,0.4614402055740356,0.2541303038597107,20.91001199725551,0.00828508567065,0.4492240846157074,0.2692506611347198,20.817029964663472
000000354072__antimonocromatismo,0.0001071344086085,0.995018184185028,0.0155957974493503,39.700710233899045,0.0083668082952499,0.0082254596054553,0.008288680575788,0.0053034941665828,0.3850829899311065,0.3576307296752929,22.754379045010573,0.0011191595112904,0.9071256518363952,0.0994918048381805,29.51108010043383,0.0012176458258181,0.9008541107177734,0.1083283498883247,29.14479015693855,0.0012773320777341,0.8982712626457214,0.1125736683607101,28.93696181218209,0.0077552683651447,0.3450911045074463,0.332916110754013,21.104031691611542,0.0051265549845993,0.4223610460758209,0.2132641971111297,22.901743802621585,0.0053041726350784,0.4148448705673218,0.2030765265226364,22.753823493766934,0.0054071727208793,0.4075895845890045,0.2173845022916793,22.67029757569421,0.0054672490805387,0.4083158075809479,0.2108426243066787,22.62231139783337,0.017524629831314,0.3732644021511078,0.3166734278202057,17.563511467658984,0.0180949158966541,0.2343185096979141,0.2553451061248779,17.424434311080837,0.0183727983385324,0.2256864756345749,0.2738900780677795,17.358246917928426,0.019270846620202,0.2130710631608963,0.2771309018135071,17.150992051989704,0.0194553732872009,0.2080536931753158,0.2766637802124023,17.10960432040076
000000354072__impronte_d_artista,9.080173185793684e-05,0.990549862384796,0.0237433146685361,40.41905868117983,0.0080172438174486,0.0081133591011166,0.0079727508127689,0.0045352573506534,0.4343874454498291,0.3153952956199646,23.433980641060728,0.0011603141902014,0.9078247547149658,0.0974865183234214,29.35424396467077,0.0012506450293585,0.9022403359413148,0.0965450853109359,29.028659386412063,0.0013328477507457,0.9021379351615906,0.1089739575982093,28.752194565781288,0.018421122804284,0.2704015076160431,0.2852140963077545,17.34683902214979,0.016900373622775,0.2572072446346283,0.2250546216964721,17.721036941723668,0.0172808580100536,0.2511864602565765,0.2364081889390945,17.62434698212399,0.0177175048738718,0.2442401796579361,0.2557527422904968,17.515974390972577,0.0176856983453035,0.2487320452928543,0.2527174055576324,17.523777867667395,0.0141488062217831,0.2828994989395141,0.3227543830871582,18.492802013526408,0.0099697327241301,0.3111152946949005,0.2706731557846069,20.0131648441566,0.0102824373170733,0.2960551679134369,0.2802044749259949,19.87903929320089,0.0107677606865763,0.2854554057121277,0.2800755202770233,19.67874605205376,0.0108201233670115,0.2903775870800018,0.2790187001228332,19.65767787537497
000000354072__picasso_self_portrait,0.0001036694520735,0.9956771731376648,0.0118847973644733,39.84349196844841,0.0083102080971002,0.0082058040425181,0.0082334363833069,0.0049126925878226,0.4087659418582916,0.32404825091362,23.08680411030925,0.0011850782902911,0.9055743217468262,0.1055805683135986,29.262529577397103,0.0013530637370422,0.8990170955657959,0.1135624721646308,28.68681745166034,0.0013557352358475,0.8966002464294434,0.1202244907617569,28.678251163963687,0.0102541530504822,0.3936293423175812,0.2515954673290252,19.891002046951268,0.0085754198953509,0.3734926283359527,0.2440394759178161,20.66744605539509,0.0088139316067099,0.3623562753200531,0.2628498673439026,20.548303237992908,0.0088741453364491,0.3665446043014526,0.2534969449043274,20.51873462896789,0.0090186251327395,0.3654975891113281,0.2567225694656372,20.448596645395725,0.0119818365201354,0.371079683303833,0.3448099493980407,19.21476610207801,0.0088450517505407,0.3138951063156128,0.2609565258026123,20.53299621780993,0.0088674472644925,0.3112448453903198,0.2860832214355469,20.52201385636737,0.0095720812678337,0.2968218326568603,0.2822545766830444,20.189936228436075,0.0099033853039145,0.2839191257953644,0.3140534460544586,20.04216323837161
000000354072__trial,0.0001025819801725,0.992301881313324,0.0178917497396469,39.88928921865029,0.0081285061314702,0.0081293173134326,0.0080608781427145,0.0067206392996013,0.3509603440761566,0.4240714609622955,21.725894127968765,0.0011955925729125,0.9078428149223328,0.0989355891942977,29.22416791485805,0.001337144523859,0.901643931865692,0.1074925884604454,28.738216499389424,0.0013561820378527,0.9013628363609314,0.1107265055179596,28.676820119964027,0.011903622187674,0.3142639696598053,0.3299513459205627,19.24320865771,0.0077081206254661,0.3535076677799225,0.2320145070552826,21.13051497627845,0.0081072589382529,0.3384239375591278,0.2459145188331604,20.911259558024447,0.0084390584379434,0.3266709744930267,0.2631358504295349,20.737060057459573,0.0087715098634362,0.3158853352069855,0.2856844365596771,20.569256439293238,0.0201303977519273,0.2843317091464996,0.3532536327838897,16.961476439011797,0.0165909118950366,0.2616788148880005,0.2589587271213531,17.801297429630605,0.0168785993009805,0.2521779537200928,0.2659558653831482,17.72663596874778,0.0177542939782142,0.2355136275291443,0.2902142703533172,17.506965932841997,0.0183224361389875,0.2239277958869934,0.3102344870567322,17.37016783322059
000000354072__woman_with_hat_matisse,0.00010581958486,0.9909443855285645,0.0244653671979904,39.75433946577961,0.0081229330971837,0.0081578874960541,0.0080533372238278,0.0041971155442297,0.4369930922985077,0.3025632202625274,23.77049074741173,0.0011363407829776,0.909870147705078,0.0880454257130622,29.44491406325494,0.0012189387343823,0.9045588970184326,0.092264249920845,29.140181220996723,0.0013035261072218,0.9015862941741944,0.1007097736001014,28.84880266291708,0.0128219202160835,0.4327498972415924,0.2561110556125641,18.92046929824965,0.0139635652303695,0.3391051292419433,0.2128392904996872,18.550036818423106,0.0143189216032624,0.3312907516956329,0.2358803302049636,18.440896886893384,0.0145475650206208,0.3236278593540191,0.231816828250885,18.372096930426988,0.0148721225559711,0.3121363818645477,0.2398784458637237,18.27627044352169,0.0090054748579859,0.3334162533283233,0.3509266078472137,20.454933819265463,0.0057725231163203,0.4032072722911834,0.2154693603515625,22.38634319256125,0.0059220059774816,0.3976474702358246,0.2208075374364853,22.275311585836725,0.0063966275192797,0.3839514255523681,0.2536336481571197,21.940489378600883,0.0064863990992307,0.3800220191478729,0.272053062915802,21.87996333297756
000000186282__antimonocromatismo,0.0001080673173419,0.9940781593322754,0.0106177870184183,39.6630562930444,0.0146964266896247,0.0145745947957038,0.0146079277619719,0.005422044545412,0.4877572059631347,0.1656660288572311,22.65836918746093,0.0018446338362991,0.8605647087097168,0.0855756178498268,27.34089829318949,0.0019733794033527,0.8480268120765686,0.1043357551097869,27.04789408948606,0.0019383962498977,0.8552334308624268,0.094912052154541,27.125574390739537,0.0063166264444589,0.4658225476741791,0.1661220490932464,21.99514805851741,0.004484249278903,0.5120736360549927,0.1078636199235916,23.483102530255746,0.0045418464578688,0.5088629722595215,0.1123483404517173,23.427675516723028,0.0048445793800055,0.5041254162788391,0.1298086196184158,23.1474392364364,0.0049353153444826,0.4934789836406708,0.1368902325630188,23.06685092641091,0.01400897372514,0.4388698041439056,0.1731222867965698,18.53593679263405,0.0140303624793887,0.3544573783874511,0.1716846078634262,18.529311086747928,0.0142656974494457,0.3511317074298858,0.1825876533985138,18.457069908459363,0.0151379154995083,0.3353113234043121,0.1992168575525283,18.19933923342384,0.0155721083283424,0.3227218687534332,0.2097726166248321,18.076525837467276
000000186282__impronte_d_artista,0.0001015349480439,0.9883505702018738,0.0154561456292867,39.93384449077954,0.014674013480544,0.0147000877186656,0.0146292708814144,0.004664980340749,0.516166627407074,0.1420718431472778,23.31150182125885,0.0020003023091703,0.8549985289573669,0.0809890478849411,26.98904363694577,0.0020748889073729,0.8560051321983337,0.1030444949865341,26.830051510995947,0.0021077038254588,0.8500019907951355,0.1093842759728431,26.76190416232638,0.0136342467740178,0.3889902830123901,0.1679908484220504,18.65368849722606,0.0122264130041003,0.3994962275028229,0.1417921185493469,19.127009379775902,0.0128033682703971,0.3787340819835663,0.1538251191377639,18.926757624761205,0.0128444777801632,0.3843035995960235,0.1597210466861724,18.912835482138146,0.0134033309295773,0.3678698241710663,0.1651022285223007,18.72787259503201,0.0100778946653008,0.4051198959350586,0.1759190410375595,19.966301852259004,0.0071977004408836,0.4527975022792816,0.145485371351242,21.4280623208967,0.0074246414005756,0.4408084452152252,0.147131860256195,21.29324517298576,0.0079978052526712,0.4377772510051727,0.1606592833995819,20.9702917518624,0.0083120483905076,0.4205949604511261,0.1722795069217682,20.8029193709798
000000186282__picasso_self_portrait,0.0001051833896781,0.994538962841034,0.010042967274785,39.78052837565276,0.0147570371627807,0.014555936679244,0.014676297083497,0.0054121031425893,0.5000980496406555,0.1497662961483001,22.66633935313411,0.0018806081498041,0.8597994446754456,0.0868139490485191,27.257016861646846,0.0021534191910177,0.846119225025177,0.1191652938723564,26.6687142088469,0.0019910270348191,0.8513701558113098,0.0920202955603599,27.009228429394145,0.0073826988227665,0.4919435977935791,0.1368708312511444,21.317848482616085,0.0057486169971525,0.4980166256427765,0.1157334819436073,22.40436625353705,0.0058576110750436,0.4955875873565674,0.1118128076195716,22.322794673368595,0.0062733399681746,0.484544962644577,0.1342681646347046,22.02501176307468,0.0063257147558033,0.4859590828418731,0.1291140764951706,21.988903955334177,0.0098226247355341,0.449167251586914,0.2363249659538269,20.077724474629377,0.0070528872311115,0.442265123128891,0.149697944521904,21.51633060051261,0.0072009656578302,0.4280450046062469,0.1752423197031021,21.426092602706536,0.0077129192650318,0.4236903190612793,0.1911741197109222,21.12781214590373,0.0080322287976741,0.4104211032390594,0.2120916694402694,20.951639291641776
000000186282__trial,0.0001049405618687,0.990466833114624,0.0154499616473913,39.790566148486604,0.014540197327733,0.0145474206656217,0.0144709702581167,0.0055094207637012,0.4911061227321625,0.1940089762210846,22.588940585623227,0.0018250878201797,0.858037531375885,0.0914778113365173,27.387162331791,0.0019752737134695,0.8513476252555847,0.1106231585144996,27.04372715727146,0.001889600418508,0.8527118563652039,0.1048625260591507,27.236300235431568,0.0083775231614708,0.4211001098155975,0.2010878175497055,20.768843627902022,0.0060509797185659,0.459323525428772,0.1216885447502136,22.181743027161687,0.0061482232995331,0.4524222314357757,0.1372393816709518,22.11250367588372,0.006325140595436,0.4515268504619598,0.1513943672180175,21.98929816532626,0.0064070988446474,0.4469012320041656,0.1625031679868698,21.933385759373103,0.0150746563449501,0.370023638010025,0.1997465789318084,18.2175257963179,0.0135106807574629,0.3470873534679413,0.1593114882707595,18.693227677980158,0.0137717658653855,0.3404536247253418,0.1705912053585052,18.61010369371041,0.0142300734296441,0.3441359102725982,0.1789213418960571,18.4679285887517,0.0148012535646557,0.3280214965343475,0.2029775381088256,18.297015012835622
000000186282__woman_with_hat_matisse,0.0001061106522683,0.9900019764900208,0.0169650986790657,39.74241015823747,0.0149485692381858,0.01494344137609,0.0148472245782613,0.0038898542989045,0.5570159554481506,0.1015015766024589,24.10066665606639,0.0019140299409627,0.8584036827087402,0.0803793147206306,27.18051272884557,0.0019609127193689,0.8590695858001709,0.1023274213075637,27.07541736439318,0.0019647921435534,0.8545715808868408,0.088900439441204,27.066833871117,0.009893856011331,0.4966979920864105,0.1227333098649978,20.046344143619127,0.0106065720319747,0.4349553883075714,0.1323624700307846,19.744249542841303,0.0110328691080212,0.4216127693653106,0.1342166662216186,19.573115341825726,0.0112072480842471,0.422423392534256,0.1326255202293396,19.50501014394,0.0117462612688541,0.4074923098087311,0.1433716267347335,19.30100343493085,0.007266002241522,0.4540920257568359,0.193586066365242,21.38704472495804,0.0053026638925075,0.4973698854446411,0.1394901573657989,22.755058996125925,0.0054720602929592,0.49403777718544,0.1376000940799713,22.618491260622044,0.0060228109359741,0.4822926819324493,0.1563173234462738,22.20200769695419,0.0059740827418863,0.4780654013156891,0.1584551483392715,22.23728766650567
000000255824__antimonocromatismo,0.0001091376179829,0.9937339425086976,0.0213524587452411,39.62025529278924,0.0083690173923969,0.0081134326756,0.0081966631114482,0.0043823812156915,0.4622586965560913,0.1633189022541046,23.58289846613248,0.0009196274913847,0.7981767058372498,0.1836878657341003,30.36388054390324,0.001021081698127,0.7867189049720764,0.2025735974311828,29.909395080342488,0.0009332729969173,0.7935407757759094,0.1859265267848968,30.299912997555168,0.0061533222906291,0.4261946976184845,0.18418949842453,22.108903374105594,0.0039902837015688,0.4728414118289947,0.1324168443679809,23.989962257052937,0.0041484707035124,0.4580632150173187,0.1361361593008041,23.821119725481346,0.0043262168765068,0.4554413855075836,0.1436182856559753,23.63891712842083,0.0043909079395234,0.447048932313919,0.1489671170711517,23.574456682875702,0.0142961563542485,0.3916865587234497,0.2241383641958236,18.4478071068316,0.0129515156149864,0.3466668426990509,0.1951127648353576,18.87679406508565,0.0131202051416039,0.3389802277088165,0.1966729611158371,18.82059374474833,0.0141102373600006,0.3152405619621277,0.2115882039070129,18.50465680556676,0.0144445737823843,0.2992816269397735,0.2221570611000061,18.402952684054167
000000255824__impronte_d_artista,0.0001060677095665,0.9842790961265564,0.032299093902111,39.74416809232085,0.0081144534051418,0.0080968011170625,0.0080594196915626,0.0037613355088979,0.4871388673782348,0.1591993272304535,24.246579260393965,0.0010581087553873,0.7849936485290527,0.1636565774679184,29.75469692001008,0.0010802741162478,0.781728208065033,0.1771610826253891,29.664660296346668,0.0010951471049338,0.7779884934425354,0.2202009260654449,29.60527540577231,0.0135404057800769,0.3643215596675873,0.2204239517450332,18.683683204804414,0.0114353643730282,0.3975683152675628,0.1667069047689438,19.41749992607353,0.0118387481197714,0.3783800303936004,0.1776064932346344,19.266942193546544,0.0121335042640566,0.3746180832386017,0.1829175353050232,19.16013752904641,0.0125640332698822,0.3547192513942718,0.1795215010643005,19.00870922249088,0.0092983990907669,0.3934626281261444,0.2057112604379654,20.315918176712955,0.0068698953837156,0.4276716411113739,0.1830366253852844,21.630498764223944,0.0068560899235308,0.4259466230869293,0.1958465576171875,21.639234949009143,0.0076741427183151,0.3995658457279205,0.200639545917511,21.1497012835892,0.0078021273948252,0.3928482830524444,0.2111565470695495,21.0778696271201
000000255824__picasso_self_portrait,9.871102520264684e-05,0.9943225979804992,0.0154913840815424,40.05634337530351,0.0086409263312816,0.0083323772996664,0.0084991911426186,0.0034423440229147,0.5118699669837952,0.1055567935109138,24.63145729073098,0.000934018054977,0.8233426213264465,0.1453289687633514,30.29644728586694,0.000934847339522,0.8116064667701721,0.1644231081008911,30.29259303583337,0.0009539146558381,0.8124215006828308,0.1536151319742202,30.20490478709458,0.0066066780127584,0.4709602892398834,0.1514785289764404,21.800168587266864,0.0054855928756296,0.4774937927722931,0.1571082472801208,22.60776427578837,0.0056596938520669,0.4675230085849762,0.1604824513196945,22.47207060323022,0.0059472094289958,0.4623678922653198,0.177616000175476,22.256867676961534,0.0059972549788653,0.4531340897083282,0.1657897979021072,22.220474863364437,0.0100592467933893,0.3838132321834564,0.2450552582740783,19.974345367473965,0.0063430913724005,0.4009767472743988,0.1842388659715652,21.976990325338733,0.0064380555413663,0.3974120914936065,0.1773540079593658,21.912452809581296,0.006996352225542,0.3842147290706634,0.2111233919858932,21.551283344479813,0.0071178991347551,0.3754870891571045,0.2110731601715088,21.47648170522905
000000255824__trial,0.0001085336771211,0.9885796904563904,0.0297324899584054,39.64435482842926,0.0081065986305475,0.0079962089657783,0.0079909963533282,0.005575394257903,0.4088261425495147,0.2078171074390411,22.5372441653493,0.00104820728302,0.7727939486503601,0.1718307733535766,29.795528271134696,0.0011264292988926,0.7661487460136414,0.1862998306751251,29.482960618756977,0.0010719842975959,0.7671201229095459,0.1994010657072067,29.69811576133352,0.0090962117537856,0.361858606338501,0.2229808270931244,20.41139438114717,0.0056912116706371,0.41449174284935,0.1580523997545242,22.447952615749188,0.005855185445398,0.4080945551395416,0.1620912402868271,22.3245934540158,0.0058891135267913,0.4084515273571014,0.1718973070383072,22.299500735316144,0.0060462900437414,0.3992408812046051,0.1746724545955658,22.185110233217657,0.0163346137851476,0.3299861848354339,0.2270219922065735,17.868911295057824,0.0136585682630538,0.3024532496929168,0.2071156948804855,18.64594822473186,0.0136845679953694,0.3079084753990173,0.1973907947540283,18.63768908168991,0.0139137767255306,0.3112365901470184,0.2128352671861648,18.565549700489463,0.0141656966879963,0.3017104864120483,0.2205966711044311,18.487620614321443
000000255824__woman_with_hat_matisse,0.0001046173492795,0.9890359044075012,0.026773665100336,39.803962880156746,0.0084357364103198,0.0084129236638545,0.0083657121285796,0.0028540350031107,0.5303235650062561,0.094184510409832,25.445407048147025,0.0008794910390861,0.8023224472999573,0.1458038240671157,30.557685811016544,0.0009157414897345,0.8031110167503357,0.1665128618478775,30.38227108675997,0.0008886319701559,0.7985840439796448,0.1713990122079849,30.512780662779445,0.0105971628800034,0.4527229368686676,0.1550272554159164,19.748103904410836,0.0105399973690509,0.4171126782894134,0.1553371548652649,19.77159497530188,0.0111150043085217,0.3937269151210785,0.159885287284851,19.540903646188944,0.0111661730334162,0.3952617645263672,0.1750678122043609,19.52095646512849,0.0116959288716316,0.3759881556034088,0.1671725958585739,19.319652815243664,0.0075255874544382,0.4102800786495209,0.2120677977800369,21.23459592974936,0.0045388163998723,0.450321227312088,0.1606748700141906,23.430573845924734,0.004691501148045,0.4387334883213043,0.1628357172012329,23.286881730631453,0.0051094461232423,0.4318050146102905,0.1839364171028137,22.916261759233876,0.00510462699458,0.4220307767391205,0.1889804005622863,22.920359871939347
000000479099__antimonocromatismo,0.0001202151252073,0.9943471550941468,0.019189978018403,39.20040886902121,0.0147056281566619,0.0144445681944489,0.0145705658942461,0.0121637508273124,0.4562732279300689,0.1956786960363388,19.149324848968305,0.006070464849472,0.4838134944438934,0.4669026434421539,22.16778051291987,0.0066235847771167,0.4552535712718963,0.5240405797958374,21.78906900658428,0.0064882445149123,0.4514513909816742,0.4903633594512939,21.878727917383,0.0079573346301913,0.5003893375396729,0.2296787947416305,20.99232378147317,0.0069243852049112,0.4098241031169891,0.2149359583854675,21.59618780237139,0.007332345470786,0.3916921615600586,0.2268882095813751,21.347570810091312,0.0073137604631483,0.3951838910579681,0.2487511932849884,21.35859267574188,0.007545446511358,0.382502406835556,0.2513884603977203,21.223150552016943,0.0147693865001201,0.4785894155502319,0.240816593170166,18.306375443052577,0.0146749764680862,0.3895291984081268,0.2309625148773193,18.33422586488422,0.015219678170979,0.3643963634967804,0.2430301010608673,18.175945308798784,0.0156587921082973,0.3663578927516937,0.2689931988716125,18.05241741699103,0.0161446500569582,0.3505512475967407,0.2592233419418335,17.919713640862202
000000479099__impronte_d_artista,0.0001280424330616,0.987549364566803,0.0357072502374649,38.92646081988046,0.0143192466348409,0.01424759067595,0.0142443105578422,0.0143085876479744,0.3766995966434479,0.2597920894622803,18.444032318560414,0.0064554084092378,0.4676354229450226,0.415122389793396,21.90076276361545,0.0070727411657571,0.4278552234172821,0.5083519220352173,21.50412235080319,0.0071686101146042,0.4055874645709991,0.5277423858642578,21.44565039321104,0.0132929012179374,0.493740826845169,0.2365852296352386,18.763802225611503,0.0121076619252562,0.4675555229187011,0.197390004992485,19.169397140819576,0.0129814716055989,0.4350369274616241,0.2108926773071289,18.8667607225334,0.012335049919784,0.4627955853939056,0.2102948427200317,19.08859088586658,0.0134454714134335,0.4214918613433838,0.2282400876283645,18.71423966318049,0.011316261254251,0.4903102815151214,0.2549180090427398,19.46297034706576,0.0090975686907768,0.4130870401859283,0.2044916301965713,20.410746566087003,0.009405200369656,0.3967999517917633,0.2058740556240081,20.266319477468787,0.0102326152846217,0.3868098556995392,0.2565471529960632,19.900133537246653,0.0103385094553232,0.3781569004058838,0.2422383725643158,19.85542070718903
000000479099__picasso_self_portrait,0.0001180229955934,0.9944989085197448,0.01923125423491,39.280333665381214,0.0146259162575006,0.0143815223127603,0.0144688580185174,0.0099125867709517,0.5272056460380554,0.1678595840930938,20.03812998011732,0.005609817802906,0.5263746380805969,0.4621489942073822,22.510512436417837,0.006562031339854,0.4779943525791168,0.5229153633117676,21.82961699781554,0.0060641388408839,0.4893198907375335,0.479139894247055,22.17230863916324,0.007646644487977,0.5899692177772522,0.1832883059978485,21.1652910080086,0.0072339219041168,0.483796626329422,0.158621996641159,21.40626184099997,0.0075426385737955,0.4713766574859619,0.163009226322174,21.22476702196141,0.0077372067607939,0.4691303670406341,0.1782197505235672,21.114157973685764,0.0082186525687575,0.4502738416194916,0.2069986164569854,20.851993783140152,0.0108338482677936,0.4714058935642242,0.3233802616596222,19.65217251167257,0.0080039585009217,0.4101126492023468,0.198702186346054,20.96695171768388,0.0086074294522404,0.3797539472579956,0.226992517709732,20.651265281502404,0.0088305212557315,0.3840845823287964,0.2642306685447693,20.54013659751274,0.0091544510796666,0.3666206300258636,0.2771595120429992,20.38367691801272
000000479099__trial,0.0001281853037653,0.9899594187736512,0.0248733945190906,38.92161763112605,0.01429408416152,0.0142108853906393,0.0142264366149902,0.0172570925205945,0.3335482180118561,0.2874511778354645,17.63032372504137,0.006423957645893,0.4564909934997558,0.4759271740913391,21.921973310879608,0.006987149361521,0.4195722341537475,0.5325090885162354,21.556999729055168,0.0070483461022377,0.4057311117649078,0.5468313097953796,21.51912778460718,0.0091716051101684,0.4936376810073852,0.2681455016136169,20.375546523902823,0.0072571504861116,0.4349025785923004,0.1748473495244979,21.392338711846463,0.0080301510170102,0.4032135903835296,0.1995781362056732,20.952762871948565,0.0079110413789749,0.4100173413753509,0.2109285742044448,21.017663438886885,0.0081658605486154,0.3980344235897064,0.2205934822559356,20.87998040955261,0.0158735383301973,0.4346517622470855,0.2750391066074371,17.993262549717613,0.0142666427418589,0.3707117140293121,0.2063544988632202,18.45678214007005,0.0146718891337513,0.3607218563556671,0.2144330292940139,18.335139633522108,0.0150291500613093,0.3522605001926422,0.2427155375480651,18.230655792348205,0.0153356827795505,0.3486988544464111,0.2582125067710876,18.142968834708647
000000479099__woman_with_hat_matisse,0.0001237110845977,0.9902067184448242,0.0260647069662809,39.0759138554501,0.0144242644309997,0.0143567631021142,0.0143280215561389,0.0110128661617636,0.4652510583400726,0.1724818497896194,19.580996386807094,0.005959681700915,0.5094607472419739,0.3867319524288177,22.24776934761038,0.0066480166278779,0.46637824177742,0.4920084774494171,21.773079029744554,0.0068420991301536,0.4340117871761322,0.4927965700626373,21.648106379313056,0.0100193126127123,0.5678162574768066,0.1610100865364074,19.991620727548177,0.0114305121824145,0.4625397622585296,0.1644916236400604,19.4193430914866,0.0121594415977597,0.4370795786380768,0.1805941760540008,19.150863688609817,0.0117204710841178,0.4513492286205292,0.1865460872650146,19.31054932249558,0.0125299766659736,0.4184064865112304,0.1946698278188705,19.02049737772675,0.0086111016571521,0.5362418293952942,0.2450813800096511,20.64941283736112,0.0077236890792846,0.3778772354125976,0.2507207691669464,21.12175217268201,0.0080036493018269,0.3633629381656647,0.2480621486902237,20.967119492235003,0.008173075504601,0.3673292100429535,0.2759594917297363,20.87614488958343,0.0084995310753583,0.3487303555011749,0.2927592098712921,20.706050339329973
000000533493__antimonocromatismo,9.001308353617787e-05,0.994060516357422,0.0202570743858814,40.45694360620737,0.0084556834772229,0.0084605915471911,0.008427657186985,0.0067516495473682,0.3778056204319,0.2597461938858032,21.70590108383898,0.0011438350193202,0.8650789856910706,0.0652711018919944,29.416366113522688,0.001231363043189,0.8663484454154968,0.067098930478096,29.096138849981656,0.0012627427931874,0.8557544350624084,0.0694662779569625,28.986851014438702,0.0070061292499303,0.3243651688098907,0.2787109613418579,21.54521855026637,0.0039129634387791,0.4037446081638336,0.1597564816474914,24.07494209960465,0.0040406710468232,0.3987911641597748,0.1601583808660507,23.93546504262762,0.0038845099043101,0.4065501689910888,0.1975564509630203,24.106637668965767,0.004027719143778,0.3977362215518951,0.1842812001705169,23.94940820779783,0.0164589583873748,0.3156735002994537,0.3054964542388916,17.83597652776798,0.0152298128232359,0.207851767539978,0.2113860994577407,18.173054341777643,0.0155171677470207,0.2039105147123336,0.2101615369319915,18.09187544939202,0.0162088479846715,0.1928248852491378,0.2206650376319885,17.90247850770192,0.015948986634612,0.1981946676969528,0.199972778558731,17.97266905896914
000000533493__impronte_d_artista,8.534435619367287e-05,0.9872780442237854,0.0324532240629196,40.68825193412604,0.0088948588818311,0.0090942848473787,0.0089371539652347,0.0047322022728621,0.4281143844127655,0.2095064520835876,23.24936700199977,0.0013124878751114,0.868401050567627,0.0713065713644027,28.81904699957461,0.0014529101317748,0.8728145956993103,0.0795441269874572,28.37761247698755,0.0014248340157791,0.8591699600219727,0.0780958831310272,28.46235725290418,0.0167849082499742,0.2192389816045761,0.3136206567287445,17.750810283592994,0.0146388998255133,0.2296869754791259,0.1966767907142639,18.34491561096107,0.0146937929093837,0.2250703573226928,0.1989645510911941,18.32866085285549,0.0152933867648243,0.2191808968782425,0.2130691260099411,18.154963281651582,0.0153201157227158,0.2114775776863098,0.2175900638103485,18.14737954184674,0.0120181804522871,0.2872709929943084,0.2929487824440002,19.20161279367196,0.0070025189779698,0.3261227905750274,0.2275552451610565,21.547457054938363,0.0072399755008518,0.3167140185832977,0.222936749458313,21.40262903397169,0.0078187398612499,0.3033066689968109,0.2351542860269546,21.068632361223536,0.0078655472025275,0.2985974550247192,0.2378889173269271,21.0427105832086
000000533493__picasso_self_portrait,8.894357597455382e-05,0.9950339198112488,0.0124774426221847,40.50885413735791,0.0087790982797741,0.0087989456951618,0.0087482966482639,0.0071279569528996,0.3719913959503174,0.2633261978626251,21.470349317510045,0.0013487684773281,0.849325954914093,0.075275145471096,28.700625926914785,0.00137767160777,0.8464093208312988,0.0710188001394271,28.608542918114782,0.0015127090737223,0.841873824596405,0.0794275924563407,28.202445880547504,0.008404734544456,0.3755298554897308,0.2249487191438675,20.754759987859053,0.0059842769987881,0.3705208599567413,0.1905134916305542,22.22988312158812,0.0059730429202318,0.3720764219760895,0.1994320005178451,22.23804364550957,0.0063809822313487,0.3591419160366058,0.2052205055952072,21.95112464723782,0.006551572587341,0.3584333658218384,0.2244516164064407,21.83654442904229,0.01208798866719,0.325638085603714,0.307895302772522,19.17645955831433,0.0061964676715433,0.3454079627990722,0.1865000128746032,22.078558117802,0.0064786002039909,0.3337771594524383,0.1983673125505447,21.88518819646873,0.0073540252633392,0.3081089556217193,0.229632556438446,21.334748825294355,0.0071699037216603,0.3181602954864502,0.2221034318208694,21.444866760521943
000000533493__trial,9.278029756387696e-05,0.9898508191108704,0.0253315139561891,40.32544238950881,0.0087105967104434,0.0088590774685144,0.0087337410077452,0.0072992690838873,0.3492325842380523,0.3314516544342041,21.367206260065423,0.0011541416170075,0.8596367239952087,0.0671580508351326,29.37740898536068,0.0012496941490098,0.867919921875,0.0686310082674026,29.031962635122195,0.0012576985172927,0.8546980023384094,0.0720821991562843,29.00423451074992,0.0090541457757353,0.3189728558063507,0.2691282331943512,20.43152517452009,0.005735317710787,0.3623737096786499,0.1809694170951843,22.41442519136758,0.0056996806524693,0.3631801307201385,0.1746007204055786,22.44149476740777,0.0064009963534772,0.3351286947727203,0.2022147178649902,21.937524202132337,0.0062637939117848,0.3420517742633819,0.2022392302751541,22.03162539654932,0.0167762916535139,0.2690087854862213,0.3473758995532989,17.753040323274828,0.0129525540396571,0.2596815824508667,0.2084283530712127,18.8764458710678,0.0130929546430706,0.2559480965137481,0.2082548588514328,18.82962336613136,0.0139754461124539,0.242755115032196,0.2133719176054,18.54634320036548,0.0139422500506043,0.2366268634796142,0.2164902687072754,18.55667132571837
000000533493__woman_with_hat_matisse,9.342574048787355e-05,0.9886645674705504,0.028922252357006,40.2953345126775,0.0087459338828921,0.0088906595483422,0.0087694022804498,0.0041623595170676,0.4679843485355377,0.2004663199186325,23.806604110212117,0.0012109149247407,0.8746449947357178,0.0713103413581848,29.16886368015914,0.0014039528323337,0.8788037300109863,0.075974017381668,28.52647482662966,0.0013330811634659,0.8720367550849915,0.0786025747656822,28.751434081462783,0.0115131614729762,0.3536309897899627,0.2586466372013092,19.38805404281664,0.0107150124385952,0.331756442785263,0.1717428565025329,19.700073204681477,0.0109695075079798,0.3215358555316925,0.1752088218927383,19.598128702710525,0.0113479914143681,0.3199158608913421,0.1808501929044723,19.450810014533747,0.011585135012865,0.3085460960865021,0.1918558925390243,19.360989005878068,0.0089588174596428,0.3115741312503814,0.351266086101532,20.477493122848863,0.0044453688897192,0.3913093507289886,0.2003645300865173,23.5209219417136,0.0045247413218021,0.3918603360652923,0.2032408267259597,23.44406244243342,0.0046234275214374,0.3952394723892212,0.2130776196718216,23.350359461430187,0.0046812924556434,0.3924407958984375,0.2220132052898407,23.296342262289706
000000290768__antimonocromatismo,0.0001099711880669,0.9947323203086852,0.0127356853336095,39.58721083046597,0.0141436159610748,0.0143171744421124,0.0140351373702287,0.0059044356457889,0.5487342476844788,0.1895523965358734,22.288216065403308,0.0014586368342861,0.8709506988525391,0.0839035063982009,28.36052823595427,0.0023306219372898,0.8430402278900146,0.1320950835943222,26.325281700080524,0.0015684524551033,0.8647271990776062,0.0879211202263832,28.04528641645353,0.0067142988555133,0.5412961840629578,0.2202288508415222,21.729993320764244,0.0055734501220285,0.5285952687263489,0.1945800185203552,22.538758811104778,0.0056995400227606,0.5214115977287292,0.2127928137779235,22.441601923341068,0.0058859684504568,0.5087219476699829,0.2254662364721298,22.301820701040963,0.0059106512926518,0.507256269454956,0.2283462733030319,22.28364661721025,0.0141661977395415,0.4872876703739166,0.246594950556755,18.48746700375242,0.0134563855826854,0.4304975271224975,0.2049705237150192,18.71071576983632,0.0142146972939372,0.4121241867542267,0.2279832512140274,18.472623843008325,0.0147689701989293,0.3924553096294403,0.2514551281929016,18.306497858332374,0.0151870474219322,0.3866010010242462,0.271075427532196,18.18526650956285
000000290768__impronte_d_artista,0.0001102184542105,0.9901177287101746,0.0205056592822074,39.57745684151906,0.0141341472044587,0.0145370438694953,0.0140997190028429,0.0060880444943904,0.5354887247085571,0.2169995307922363,22.15522182190563,0.0015863146400079,0.8660826086997986,0.0847425535321235,27.996106676699565,0.0030819785315543,0.8244022727012634,0.1306435167789459,25.111703908155093,0.0018054145621135,0.8602789044380188,0.1101005524396896,27.434230589295225,0.0128495581448078,0.4922579228878021,0.2339596897363662,18.91111806073625,0.0116950077936053,0.4795948266983032,0.1722709238529205,19.31999484438953,0.0123484469950199,0.4585672318935394,0.1776921898126602,19.083876581049907,0.0122433928772807,0.4615130424499511,0.1962577998638153,19.12098214241652,0.0128964474424719,0.4413007795810699,0.2106543779373169,18.895299074228625,0.0088158175349235,0.5033836364746094,0.2005993574857711,20.547374071941853,0.0063338465988636,0.5242824554443359,0.1511225402355194,21.98332459131743,0.0065842759795486,0.5189983248710632,0.1542081832885742,21.81491973986067,0.0069147660396993,0.5072365403175354,0.1753178834915161,21.602225096091168,0.0069897598586976,0.5046951770782471,0.1723241209983825,21.555377446883675
000000290768__picasso_self_portrait,0.0001118565924116,0.995016634464264,0.0117313880473375,39.51338415111135,0.0140202995389699,0.0142654618248343,0.0139936096966266,0.0059075024910271,0.5499435067176819,0.184193730354309,22.285960865658257,0.0017267555231228,0.8521721363067627,0.0983762964606285,27.62769146204723,0.0023586435709148,0.8346226811408997,0.1530271768569946,26.2733768305688,0.0019275333033874,0.8449645042419434,0.1094681322574615,27.14998109592204,0.0065460987389087,0.5830050110816956,0.1535690277814865,21.8401744824283,0.0052130022086203,0.5719583034515381,0.1164791136980056,22.82912091073094,0.0053362757898867,0.5668206810951233,0.1254239082336425,22.72761733264891,0.0055733094923198,0.5577859282493591,0.1331736147403717,22.53886839399456,0.0055882520973682,0.5608241558074951,0.1336170136928558,22.52724010212408,0.0103206289932131,0.5011774301528931,0.305548757314682,19.862938337206955,0.0086308633908629,0.4643800258636474,0.2110715210437774,20.639457573401824,0.0087502803653478,0.4516960680484772,0.2372654527425766,20.579780316436505,0.0091425431892275,0.4393397271633148,0.2511034309864044,20.38932979384896,0.009454421699047,0.4206848442554474,0.2904612123966217,20.243650306046355
000000290768__trial,0.0001076908083632,0.9906268119812012,0.0156167950481176,39.678213630666335,0.0139883793890476,0.0142457308247685,0.0139694213867187,0.0055194250307977,0.5665397644042969,0.2201866656541824,22.581061612123847,0.0014799833297729,0.8826203942298889,0.0873918980360031,28.29743176380984,0.0023039376828819,0.8558782935142517,0.12639981508255,26.37529271926997,0.0017114673973992,0.8718253970146179,0.1105641648173332,27.666313695406902,0.0098366690799593,0.4702935218811035,0.2797780632972717,20.071519386714563,0.0079449051991105,0.4949776232242584,0.1821403503417968,20.999112805521108,0.0079546319320797,0.4851792156696319,0.2043208181858062,20.993799107458536,0.0078812986612319,0.4838058054447174,0.2006677091121673,21.034022146250415,0.0081858225166797,0.4623974561691284,0.2520053684711456,20.869376758723057,0.0148437330499291,0.4324817359447479,0.2448742538690567,18.28456864615979,0.0120435757562518,0.4443117678165436,0.1954458951950073,19.1924455123001,0.0127699999138712,0.4235102236270904,0.2231200635433197,18.93809105665733,0.013161901384592,0.4111453592777252,0.233814388513565,18.80681367470679,0.0142047218978405,0.385672926902771,0.2537196576595306,18.475672645398188
000000290768__woman_with_hat_matisse,0.000114264570584,0.9922156929969788,0.0252316258847713,39.42088408144068,0.0142304496839642,0.014537775889039,0.0141727607697248,0.0056903418153524,0.5499916672706604,0.1820037066936493,22.4486164501746,0.0015714768087491,0.8637435436248779,0.0840770304203033,28.03692023750184,0.0025222799740731,0.8357858657836914,0.1254901140928268,25.982067082282544,0.001757658435963,0.8568758368492126,0.1003680229187011,27.55065517082972,0.0088946772739291,0.5943788290023804,0.1414727419614792,20.5086980482507,0.0094240186735987,0.5202599167823792,0.1596166342496872,20.25763862005948,0.0100645897909998,0.5001116394996643,0.1568966209888458,19.972039212358972,0.010136623866856,0.4991785585880279,0.1734457314014434,19.941066682908343,0.0109237739816308,0.4755854904651642,0.1831127703189849,19.61627294210263,0.0073211300186812,0.532901406288147,0.2162327319383621,21.35421880280237,0.0061853299848735,0.5069906711578369,0.2312161177396774,22.086371259804004,0.0062519926577806,0.5002453923225403,0.2405458688735962,22.039815406795977,0.0066271000541746,0.4819162786006927,0.2427187114953994,21.786764724980948,0.006880986969918,0.4741840064525604,0.2651776671409607,21.623492645483267
000000193348__antimonocromatismo,9.403474541613832e-05,0.9950301051139832,0.014338694512844,40.26711646885825,0.0062931012362241,0.0061037330888211,0.0061413315124809,0.005826664622873,0.3446984589099884,0.3571280837059021,22.345799787568225,0.0004537252534646,0.920717179775238,0.072496511042118,33.43207048075554,0.0005279550678096,0.9213777184486388,0.0779694616794586,32.77403036997755,0.000486761011416,0.9208222031593324,0.0731630027294159,33.126842151686795,0.0085634319111704,0.2739284038543701,0.3234275579452514,20.673521510491558,0.0044879126362502,0.3723987638950348,0.2109629064798355,23.479556058436337,0.0044744345359504,0.3775825500488281,0.1923891752958297,23.49261841562248,0.0046109026297926,0.369530588388443,0.2283815443515777,23.36214048847657,0.0047125685960054,0.3682519495487213,0.2338342070579528,23.26742315162846,0.0179387144744396,0.3081227242946625,0.2887234985828399,17.462086826219764,0.0169809702783823,0.193658709526062,0.2498244792222976,17.70037498161072,0.0171140283346176,0.1900345832109451,0.2534256279468536,17.666477533121405,0.0175922382622957,0.1880189925432205,0.2605991959571838,17.546789016952676,0.0178538430482149,0.1773861199617386,0.26679527759552,17.482682873953486
000000193348__impronte_d_artista,9.171116835204884e-05,0.9876978993415833,0.0300985928624868,40.37577773835727,0.0061696558259427,0.0061171567067503,0.0060896994546055,0.0034163210075348,0.4556063413619995,0.2495926320552826,24.664413284833063,0.0004870626144111,0.9188432097434998,0.0750016123056411,33.1241520440086,0.0004874688747804,0.9205142855644226,0.0766892284154892,33.120531090785434,0.000484491320094,0.9200155735015868,0.093725249171257,33.14713999147799,0.0190989505499601,0.1760441809892654,0.2985314130783081,17.189904957304382,0.0163376703858375,0.1993024945259094,0.2476931512355804,17.8680987012337,0.0166619662195444,0.1912259310483932,0.2430928647518158,17.78273750353455,0.0169010981917381,0.1911434680223465,0.2578669190406799,17.720850750835776,0.017087647691369,0.186644896864891,0.2580801546573639,17.673177187287642,0.0133832404389977,0.2442077845335006,0.3185425698757171,18.734387195735074,0.008729345165193,0.2728285491466522,0.2603681981563568,20.590183338213244,0.0089560588821768,0.268311470746994,0.253973126411438,20.478830597870186,0.0096861375495791,0.256673127412796,0.2865588665008545,20.13849367975929,0.0097683491185307,0.2541917264461517,0.277075707912445,20.10178827201793
000000193348__picasso_self_portrait,8.890582103049383e-05,0.9956514835357666,0.0110696339979767,40.51069803049359,0.00632004160434,0.0061106216162443,0.0062232920899987,0.0045614317059516,0.3818338215351105,0.3065666258335113,23.40898823036372,0.0005468887393362,0.9220933318138124,0.0741621404886245,32.62101018835021,0.0005661075701937,0.92433899641037,0.0813263207674026,32.47101037534816,0.0005779233761131,0.9194871783256532,0.0755592882633209,32.381297386333934,0.0093295248225331,0.3540925085544586,0.2418661117553711,20.30140475461121,0.0071450690738856,0.3561239242553711,0.2138435542583465,21.459935683758253,0.0071517988108098,0.356416791677475,0.2184981405735016,21.455847112960424,0.0077375476248562,0.3302753269672394,0.2392336130142212,21.11396664866997,0.0076531004160642,0.337470144033432,0.2247151434421539,21.161625882703778,0.0116459503769874,0.3095265626907348,0.3032189607620239,19.338250647385927,0.0080479988828301,0.2823634445667267,0.2432093173265457,20.94312092574025,0.0079239420592784,0.2817161679267883,0.2474670708179474,21.01058708730112,0.008427538909018,0.2804955542087555,0.2669286131858825,20.742992337126186,0.0087011465802788,0.2668659389019012,0.2609956264495849,20.60423515119519
000000193348__trial,0.0001002512362902,0.9910221099853516,0.0205212570726871,39.98910262990039,0.0061494535766541,0.0060746357776224,0.0060699181631207,0.0066230115480721,0.3158986866474151,0.4382232129573822,21.789444877041888,0.0005842242971993,0.9158199429512024,0.0933551415801048,32.33420385191644,0.0006136890151537,0.9191126823425292,0.0968429297208786,32.12051650385268,0.0006230794242583,0.9161787033081056,0.1021903604269027,32.05456590068645,0.0107100391760468,0.2645083963871002,0.3292138278484344,19.70208940567785,0.0073472359217703,0.3003007769584656,0.2232595980167389,21.3387601461622,0.0073104077018797,0.2997848391532898,0.213114857673645,21.360584017371952,0.0078534567728638,0.2871870696544647,0.23651984333992,21.04939142371282,0.0078697875142097,0.2852369844913482,0.2358234971761703,21.04036993517935,0.020688273012638,0.2377894669771194,0.3592840433120727,16.842757612620247,0.0160099100321531,0.2230203598737716,0.2520097494125366,17.95611108595955,0.0163844134658575,0.2161331623792648,0.2578507959842682,17.855691010073244,0.0167796555906534,0.2097914367914199,0.2761973440647125,17.752169574890686,0.0169400852173566,0.2070178836584091,0.2798077762126922,17.71084409274811
000000193348__woman_with_hat_matisse,9.342292469227688e-05,0.9911460876464844,0.0270947348326444,40.29546540839342,0.0060992827638983,0.0060572363436222,0.0060130762867629,0.0032506978604942,0.4815519750118255,0.2122696936130523,24.880233945820017,0.0004197381495032,0.9330284595489502,0.0572781190276145,33.770215564835404,0.0004943201784044,0.9350305199623108,0.0633828118443489,33.05991661052795,0.0004712473892141,0.9320592880249025,0.0607468523085117,33.267510428403575,0.0151307946071028,0.3184541463851928,0.2703371047973633,18.20138264017893,0.0132996141910552,0.3062130510807037,0.2178614437580108,18.76160957313067,0.013679452240467,0.290917307138443,0.2208947837352752,18.63931292506643,0.0140544800087809,0.2853748202323913,0.2244409918785095,18.52185217896787,0.0141919655725359,0.2816299200057983,0.224156454205513,18.479574510408,0.0117115154862403,0.2622235715389251,0.3492245078086853,19.31386902986912,0.0048767072148621,0.3650784194469452,0.2187681645154953,23.11873317565441,0.0049113263376057,0.3638298213481903,0.22260582447052,23.08801207812457,0.00523610599339,0.3519444465637207,0.2447559535503387,22.809915707006333,0.0053233001381158,0.3522239625453949,0.2370791882276535,22.738190467611503
000000572555__antimonocromatismo,0.0001089559009415,0.9928903579711914,0.0111650601029396,39.62749243830423,0.0181641988456249,0.0180471055209636,0.0179644562304019,0.0055573447607457,0.5292333960533142,0.0795201063156127,22.551326600717307,0.0020976345986127,0.7688026428222656,0.0816232189536094,26.78270162294584,0.0023950412869453,0.7592567801475525,0.1082883328199386,26.20686995594726,0.0022301154676824,0.7626752257347107,0.0964413434267044,26.516726501002257,0.0058106798678636,0.5213922262191772,0.0994152873754501,22.357730508131816,0.0045864135026931,0.5239427089691162,0.1021829023957252,23.38526792640911,0.0046389820054173,0.5175106525421143,0.1012236550450325,23.33577312103596,0.0048997527919709,0.5093070864677429,0.1041343957185745,23.09825830949282,0.004936387296766,0.5033478140830994,0.110155239701271,23.06590773964712,0.013205274939537,0.4459634125232696,0.149324283003807,18.79252552163929,0.0126395812258124,0.3941999971866607,0.1205145269632339,18.98267314845696,0.0129509838297963,0.384630411863327,0.1377649903297424,18.87697238870585,0.0135434223338961,0.3750767409801483,0.136022612452507,18.682715784188733,0.0140140475705266,0.3524477183818817,0.1563048362731933,18.534364126322156
000000572555__impronte_d_artista,0.000112859539513,0.987372636795044,0.0197812058031559,39.47461726061073,0.0183024853467941,0.0184636265039443,0.0181879363954067,0.0060197026468813,0.4940321445465088,0.0939192250370979,22.204249609029844,0.0024075210094451,0.7546255588531494,0.0910176038742065,26.18429914277653,0.0036712239962071,0.717047393321991,0.1255548298358917,24.35189116626788,0.0027019493281841,0.7437395453453064,0.1289368718862533,25.68322799909241,0.0112833818420767,0.4550739228725433,0.1423937678337097,19.475607146053544,0.0106272166594862,0.4490126073360443,0.1009291559457779,19.735804652704605,0.0111269345507025,0.4254849851131439,0.1091321036219596,19.53624466490445,0.0110028320923447,0.4330055713653564,0.1045083329081535,19.584955144990555,0.0114965429529547,0.4123902320861816,0.1186224818229675,19.39432733747879,0.0081307245418429,0.4713830649852752,0.1428781598806381,20.898707520069465,0.0060708275996148,0.5030706524848938,0.1086763069033622,22.16752100119813,0.0061374637298285,0.4917140901088714,0.1123061925172805,22.120110613833283,0.00692541571334,0.4738310575485229,0.122972697019577,21.595541519976926,0.0067611788399517,0.4733644425868988,0.1221023425459861,21.699775763879515
000000572555__picasso_self_portrait,0.0001122473040595,0.9938203692436218,0.0100440606474876,39.49824081024993,0.0179608426988124,0.0179620161652565,0.0177420675754547,0.0064176549203693,0.4930320680141449,0.0893715620040893,21.92623638784376,0.002439676085487,0.7637007832527161,0.0965897440910339,26.12667830884145,0.0043607279658317,0.7058703303337097,0.1373517662286758,23.604410049622352,0.0025733800139278,0.7561390995979309,0.1067037731409072,25.89496076298154,0.0058585708029568,0.5454425811767578,0.0963884741067886,22.322083171034343,0.0045210304670035,0.5515605807304382,0.0754622966051101,23.44762566266535,0.0046074483543634,0.5441539287567139,0.0815593302249908,23.365395241589543,0.00482775317505,0.5398885607719421,0.0830093324184417,23.16254941858441,0.0048323501832783,0.5338823795318604,0.0871810987591743,23.158416014658044,0.0099471928551793,0.4675306975841522,0.1979093998670578,20.022994619187088,0.0079567097127437,0.434173971414566,0.1320352852344513,20.99266486158256,0.0077401944436132,0.4339460134506225,0.1344906240701675,21.11248129145584,0.0086384639143943,0.4142082035541534,0.1483184546232223,20.635634765965197,0.008472972549498,0.4107358455657959,0.1497917771339416,20.719642006060784
000000572555__trial,0.0001104635375668,0.9883438944816588,0.0179203189909458,39.567810527187824,0.0180630423128604,0.0181598793715238,0.0179582089185714,0.0064335749484598,0.4907635152339935,0.1343000531196594,21.915476353265326,0.0023756127338856,0.7572486996650696,0.0970327854156494,26.242243554604112,0.0029013955499976,0.7439570426940918,0.129100352525711,25.373930593838363,0.0026224686298519,0.7479800581932068,0.1284228414297104,25.81289698163455,0.0081787956878542,0.4467346966266632,0.1525859236717224,20.87310640659335,0.0065791006200015,0.4742610156536102,0.1047226786613464,21.818334715026047,0.006593411322683,0.4629495441913605,0.1129016727209091,21.80889830429594,0.006662243977189,0.4632279872894287,0.1101327762007713,21.763794671106535,0.0068875420838594,0.4440725147724151,0.1197128668427467,21.61935734531143,0.0137279210612177,0.3974634110927582,0.1773732155561447,18.62395226783838,0.0113320657983422,0.4024697840213775,0.1272627562284469,19.45690912463109,0.0116912005469203,0.3938222825527191,0.1334256827831268,19.32140889682341,0.0122768441215157,0.3857033252716064,0.1341101974248886,19.10913258337889,0.0126108946278691,0.370875209569931,0.1506101489067077,18.992541031045395
000000572555__woman_with_hat_matisse,0.0001178351740236,0.9897503852844238,0.0216002725064754,39.28725052467374,0.018174722790718,0.0182729139924049,0.0180516391992568,0.0064241816289722,0.4859764575958252,0.094114251434803,21.92182188877363,0.0023868246935307,0.758215606212616,0.0919209271669387,26.22179477695424,0.0029701087623834,0.742205798625946,0.1236857324838638,25.272276469662497,0.0026197237893939,0.7472278475761414,0.1177845820784568,25.817444961098992,0.0087699433788657,0.5385277271270752,0.1060297489166259,20.570032105479346,0.0085266651585698,0.4915295839309692,0.0978127270936966,20.69220791389952,0.0089018354192376,0.4848551750183105,0.0988862961530685,20.50520439392709,0.008857293985784,0.4828182160854339,0.0932004302740097,20.526989402510857,0.009294020012021,0.4687040746212005,0.0978096723556518,20.317963967268557,0.0075930873863399,0.5006679892539978,0.1496067643165588,21.195816019412813,0.0057850908488035,0.4905131161212921,0.1192880347371101,22.37689816517892,0.0057248920202255,0.4895378351211548,0.1220990940928459,22.422327003352294,0.0065176263451576,0.4743055999279022,0.1370023190975189,21.85910541214804,0.0063608940690755,0.4733615815639496,0.1328493654727935,21.9648183687104
000000572956__antimonocromatismo,0.0001158255035988,0.9939016699790956,0.0129119670018553,39.36195802847256,0.0183073952794075,0.0182198341935873,0.0181621462106704,0.0054486789740622,0.6410415768623352,0.093178778886795,22.63708779157816,0.00261867698282,0.8354478478431702,0.0780331715941429,25.819180690549533,0.0027971558738499,0.8301975727081299,0.0850281119346618,25.53283331530974,0.0031023521441966,0.8190467357635498,0.1009235680103302,25.08308907489077,0.0058352835476398,0.5992247462272644,0.1181263178586959,22.339380359025164,0.0053317756392061,0.5778419375419617,0.1162269711494445,22.731281339590023,0.0054957461543381,0.5725107789039612,0.1267222315073013,22.599733353219086,0.0055880569852888,0.5652868151664734,0.137093961238861,22.527391737335336,0.0057426523417234,0.5578979253768921,0.1389439851045608,22.40887474967541,0.0125703550875186,0.5176108479499817,0.1621057540178299,19.00652454185813,0.011305714957416,0.5044532418251038,0.1444291472434997,19.46701968281689,0.0116967149078845,0.4890614449977875,0.1504251509904861,19.31936095322876,0.012407504953444,0.4752233028411865,0.1568942219018936,19.063155427473653,0.0127687798812985,0.4629229009151459,0.1736934334039688,18.93850599693149
000000572956__impronte_d_artista,0.0001201637496706,0.9901344776153564,0.02219033613801,39.20226528110823,0.0183511935174465,0.0184844732284545,0.0182470679283142,0.0060624964535236,0.6089865565299988,0.1099217534065246,22.17348502445856,0.0028715708758682,0.8261578679084778,0.0833672508597374,25.41880460031051,0.0035703079774975,0.8099158406257629,0.095897153019905,24.47294319697676,0.0033471516799181,0.8117234110832214,0.1099115014076232,24.753246066565996,0.0104708531871438,0.5483044981956482,0.1402340233325958,19.800179296514145,0.0095540778711438,0.5503453612327576,0.1107291653752327,20.1981122329233,0.0101432735100388,0.5331364870071411,0.1365303695201873,19.9382186374861,0.0099503211677074,0.538394033908844,0.1258105784654617,20.02162901253063,0.0106184473261237,0.5149216055870056,0.1382372975349426,19.73938982971597,0.0075597562827169,0.5589358806610107,0.150715097784996,21.214922053952613,0.0051930351182818,0.6158495545387268,0.0962513536214828,22.84578740446645,0.0054293256253004,0.6073132753372192,0.1081982776522636,22.652541106319827,0.005806507077068,0.5909960865974426,0.122418537735939,22.36085040299652,0.0059656202793121,0.5853350758552551,0.1286333203315735,22.24344393590064
000000572956__picasso_self_portrait,0.0001110266675823,0.9944987893104552,0.0107271466404199,39.54572695151646,0.0180526673793792,0.0180005207657814,0.017927685752511,0.0054726935923099,0.6412083506584167,0.0901576429605484,22.61798866656354,0.0024455152451992,0.8403477668762207,0.0694814845919609,26.116296254678257,0.0026901215314865,0.8361175656318665,0.083579696714878,25.70228099454201,0.0029374565929174,0.8249285817146301,0.0936897844076156,25.32028542284706,0.0052559473551809,0.6267428398132324,0.0844078585505485,22.79348993423333,0.0042494540102779,0.6392940878868103,0.0724103674292564,23.716668665510905,0.0045088361948728,0.6276744604110718,0.0825856924057006,23.45935542239461,0.0045473165810108,0.6256585717201233,0.090642437338829,23.42244809463244,0.0047834548167884,0.6157923340797424,0.0967777743935585,23.20258323909394,0.0094818454235792,0.530433177947998,0.1927778422832489,20.23107128982658,0.0074826651252806,0.5361886620521545,0.1555977761745453,21.25943690497538,0.0075731636025011,0.5271903276443481,0.1711302101612091,21.20722661042017,0.0080005945637822,0.5116491913795471,0.1661103963851928,20.968777372361977,0.0081172855570912,0.4965881407260895,0.1965681165456771,20.9058917576659
000000572956__trial,0.0001115294580813,0.9905989170074464,0.0127324908971786,39.52610408019688,0.0180611349642276,0.0183606967329978,0.018006220459938,0.0050482526421546,0.6577333807945251,0.0948267504572868,22.968589187504293,0.002573813078925,0.8500648140907288,0.0607905611395835,25.89422996568819,0.0049083051271736,0.7909665107727051,0.0791404694318771,23.09068446978289,0.0030642226338386,0.8347308039665222,0.0922919511795044,25.136796838387067,0.0076668723486363,0.5368059873580933,0.1480505168437957,21.15381767569947,0.0067868423648178,0.5591017007827759,0.1253428310155868,21.683322378697973,0.0069566313177347,0.5464890599250793,0.1445531100034713,21.576010124417152,0.0068626864813268,0.5498073697090149,0.1358634531497955,21.635058411996507,0.0070710130967199,0.5317135453224182,0.1563491374254226,21.50518358367957,0.0126737998798489,0.4779497683048248,0.1598869860172271,18.97093154695668,0.0107607552781701,0.4969730377197265,0.139857143163681,19.681572452467687,0.0114210182800889,0.4778642952442169,0.1570532172918319,19.422951733486087,0.0116923293098807,0.4716966152191162,0.167589396238327,19.32098961408169,0.0119107961654663,0.4658755362033844,0.1615618765354156,19.24059207559027
000000572956__woman_with_hat_matisse,0.0001206366287078,0.9914600253105164,0.0233057644218206,39.18520808029562,0.0183639544993639,0.0185431912541389,0.0182502083480358,0.0058043007738888,0.6228190064430237,0.1012991368770599,22.362500908835543,0.0026275441050529,0.8336380124092102,0.0720280781388282,25.804499853205165,0.004207860212773,0.7943639159202576,0.0819974839687347,23.75938696095208,0.0031007898505777,0.8179283142089844,0.0954364538192749,25.085276661480684,0.0079212393611669,0.6213837265968323,0.0973901823163032,21.012068631571683,0.0083550764247775,0.5738163590431213,0.1032799333333969,20.78049573214354,0.008814918808639,0.5596666932106018,0.1213556677103042,20.547816834919907,0.008853075094521,0.5585344433784485,0.1196888983249664,20.529058519446394,0.0092887403443455,0.5420786142349243,0.1246664375066757,20.32043177135737,0.0066899522207677,0.5791296362876892,0.1361193805932998,21.74576983925902,0.005975451786071,0.5564964413642883,0.1397828757762909,22.23629253429177,0.0062717143446207,0.5485602617263794,0.1521052867174148,22.02613730518155,0.0065734363161027,0.5322044491767883,0.1594190597534179,21.82207540184732,0.0067382925190031,0.5321239233016968,0.1725110709667205,21.714501395954148
000000197658__antimonocromatismo,0.0001102340538636,0.9937343597412108,0.0112799424678087,39.57684221088118,0.0147978384047746,0.0148034691810607,0.0147317796945571,0.0056821280159056,0.5614904761314392,0.1299487799406051,22.454889860345688,0.0018027297919616,0.8522648811340332,0.0933097749948501,27.44069364045364,0.0022415025159716,0.8388382792472839,0.1300981044769287,26.494607693246245,0.0021495539695024,0.8407778739929199,0.1103735268115997,26.676516464470154,0.005432965233922,0.5318347215652466,0.1264174580574035,22.649630740504204,0.0041546453721821,0.5375890135765076,0.1107996553182601,23.814660403461225,0.0044005108065903,0.5271683931350708,0.1183314621448516,23.564969081484733,0.004540201742202,0.5211624503135681,0.1410804688930511,23.429248489978512,0.0046581192873418,0.5169076323509216,0.1458783596754074,23.31789394038569,0.0133985169231891,0.4616900980472564,0.1701675355434417,18.729432708681045,0.0130375260487198,0.4080554544925689,0.1607935130596161,18.84804810852737,0.0134983463212847,0.3966482579708099,0.1859577000141143,18.6971943354435,0.0141594558954238,0.3826262950897217,0.197520300745964,18.489534349340392,0.0145162185654044,0.3716326057910919,0.215672418475151,18.381465014087595
000000197658__impronte_d_artista,0.0001052247462212,0.9881505966186525,0.0194394811987876,39.77882113000807,0.0146910492330789,0.0149112623184919,0.0146852061152458,0.0056521445512771,0.5573553442955017,0.1175175681710243,22.477867397783164,0.0020083091221749,0.8483725190162659,0.0965860486030578,26.97169439075672,0.0023006603587418,0.8433975577354431,0.1220512613654136,26.38147490506305,0.0023001311346888,0.8374655842781067,0.1295024454593658,26.38247403352719,0.0123019991442561,0.451290488243103,0.1755633652210235,19.100243075223883,0.0112821385264396,0.4585919678211212,0.1519707292318344,19.47608572143066,0.012060378678143,0.4339190721511841,0.1590145677328109,19.186390557741397,0.0119349844753742,0.44037064909935,0.1676499843597412,19.23178141572492,0.0126396315172314,0.4176604747772217,0.1857213675975799,18.9826558684206,0.0077437311410903,0.4806355535984039,0.1544248312711715,21.1104973394964,0.0053458628244698,0.5258016586303711,0.1069167405366897,22.719821894889755,0.0055466876365244,0.513947069644928,0.1190436482429504,22.559662908641812,0.0060713621787726,0.4957721531391144,0.1253377646207809,22.167138591134087,0.0061588189564645,0.4949740469455719,0.1328275948762893,22.10502562164669
000000197658__picasso_self_portrait,0.0001079035573638,0.9944821000099182,0.0093480069190263,39.669642372629305,0.0148593755438923,0.0149005409330129,0.0148309711366891,0.0061775078065693,0.5422470569610596,0.1332138925790786,22.091866971038925,0.0019331201910972,0.844623863697052,0.088961660861969,27.13741143018745,0.0023552570492029,0.8341903686523438,0.1444913148880005,26.279616877035167,0.0023002524394541,0.8315121531486511,0.1046492308378219,26.382245000493832,0.005954919848591,0.5491581559181213,0.1134244874119758,22.25124079613423,0.004536660388112,0.5546214580535889,0.0752363130450248,23.432637305619195,0.0047809113748371,0.5467732548713684,0.0851065665483474,23.20489306874368,0.0047877603210508,0.543159544467926,0.0867965966463089,23.19867598835892,0.0050597060471773,0.535942792892456,0.0952585041522979,22.95874713554893,0.0092910453677177,0.4883443117141723,0.1944951713085174,20.319354192797697,0.0071183959953486,0.4790853559970855,0.1348215043544769,21.47617855920381,0.0073789111338555,0.4614713490009308,0.1601208746433258,21.320077199448644,0.0075458348728716,0.4550926685333252,0.1700499504804611,21.222927027906447,0.0078338468447327,0.4411798417568207,0.1864316463470459,21.06024923359716
000000197658__trial,0.0001048138656187,0.989461362361908,0.013184075243771,39.79581261594626,0.0145571557804942,0.0148240542039275,0.0145787000656127,0.006018478423357,0.5464224219322205,0.1448556184768676,22.20513292108499,0.0019393876427784,0.8558421730995178,0.0878735035657882,27.12335375916865,0.0026651090011,0.8386672139167786,0.1261740624904632,25.742850239326405,0.0023123242426663,0.8438140749931335,0.118876114487648,26.359512676012443,0.0086055416613817,0.4604705572128296,0.1699224263429641,20.65221788538562,0.0061647370457649,0.5134548544883728,0.112265795469284,22.100854433194776,0.0064307656139135,0.4942251741886139,0.1341858506202697,21.9173731912801,0.0063800816424191,0.4920122325420379,0.1406377851963043,21.951737638140663,0.0066974773071706,0.4764696657657623,0.1550974994897842,21.740887492221454,0.0146082593128085,0.3984881937503814,0.2042910456657409,18.354015305325124,0.0116717964410781,0.4221564531326294,0.1489677280187606,19.32862295248205,0.0119454488158226,0.4092449843883514,0.1616351902484893,19.227975282436677,0.0124546373263001,0.4023812711238861,0.1668444871902465,19.04668914412487,0.0129154669120907,0.3884953558444977,0.1873198747634887,18.88889888857356
000000197658__woman_with_hat_matisse,0.0001081704394891,0.9909825325012208,0.0166676808148622,39.6589140577964,0.0149568431079387,0.0151184033602476,0.0149463014677166,0.0060764974914491,0.5451006293296814,0.1312175244092941,22.163466770498,0.0018172039417549,0.8546762466430664,0.0888283401727676,27.405963298143853,0.0020840077195316,0.8503689765930176,0.1178885400295257,26.811006766662796,0.002089905552566,0.8459474444389343,0.1078938543796539,26.79873340169437,0.0091058667749166,0.5450068116188049,0.120968647301197,20.40678708007821,0.0091487802565097,0.4974435865879059,0.1259650141000747,20.386368035486385,0.0097004072740674,0.4771908819675445,0.1291496604681015,20.132100313866488,0.0098417857661843,0.4741717875003814,0.1348303854465484,20.06926092825268,0.0104325367137789,0.4537146091461181,0.1426305770874023,19.816100782612512,0.0065557453781366,0.5071820616722107,0.1759649515151977,21.83377922553896,0.0047178207896649,0.523162305355072,0.1332559883594513,23.262585601731445,0.0048883287236094,0.514497697353363,0.1413348317146301,23.10839596945251,0.0053110648877918,0.5017314553260803,0.1654765754938125,22.74818392567343,0.0054149921052157,0.4988462626934051,0.1588828712701797,22.66402172217556
000000084650__antimonocromatismo,0.0001043823140207,0.9920461773872375,0.016964940354228,39.81373079627416,0.0129537601023912,0.0126141496002674,0.0127601288259029,0.0053926310501992,0.4977410733699798,0.1420745700597763,22.681992919951284,0.0015349822351709,0.7737460732460022,0.1581552922725677,28.138966463834688,0.0019622768741101,0.7376329302787781,0.1955544650554657,27.07239714379812,0.001709462609142,0.7561416625976562,0.1795903295278549,27.671403940313915,0.005667058750987,0.471832662820816,0.1641232967376709,22.46642284959135,0.0036921964492648,0.5269317626953125,0.1308540403842926,24.32715199693265,0.00387470331043,0.5168110728263855,0.1397917568683624,24.117615462095543,0.0039854394271969,0.5069923996925354,0.1566298604011535,23.995237871196675,0.0041819089092314,0.4956150949001312,0.1636327803134918,23.78625431262248,0.0124065177515149,0.4271914958953857,0.196810781955719,19.06350098720466,0.0107393898069858,0.4049700200557709,0.1674454361200332,19.690203937749462,0.0112467780709266,0.3832894265651703,0.1834785938262939,19.489718745682968,0.0118207531049847,0.3722473680973053,0.1950608938932418,19.273548534953648,0.012144811451435,0.3576374053955078,0.2090523838996887,19.15609223241473
000000084650__impronte_d_artista,0.0001113916878239,0.9816723465919496,0.0285566784441471,39.531472155077765,0.012929618358612,0.0127840004861354,0.0127629358321428,0.0050977980718016,0.4771089255809784,0.1789598912000656,22.92617371306751,0.0018371380865573,0.7420403361320496,0.1819774210453033,27.358581991781094,0.0021185651421546,0.7224130630493164,0.2265027463436126,26.73958177665649,0.0021464021410793,0.7089131474494934,0.2308162599802017,26.682889071184206,0.0110396826639771,0.4264365434646606,0.1720626354217529,19.57043410235841,0.0090950643643736,0.4695367813110351,0.1371104717254638,20.41194223154273,0.0100972419604659,0.4298464357852936,0.1558926105499267,19.957972366058765,0.0097576761618256,0.4458493292331695,0.157548502087593,20.106535993684464,0.0106780482456088,0.4123058617115021,0.1722283065319061,19.715081212422657,0.0085044326260685,0.4357284307479858,0.1788660287857055,20.703546550775084,0.0053423182107508,0.4921069145202636,0.1383672058582306,22.72270247153792,0.0057594473473727,0.474102258682251,0.1696685999631881,22.39619187670785,0.0061879674904048,0.4562625885009765,0.1844770610332489,22.08451976610497,0.0065115173347294,0.4351666271686554,0.1998156756162643,21.86317798940785
000000084650__picasso_self_portrait,0.0001018147668219,0.993118941783905,0.013739051297307,39.9218922903087,0.0126637537032365,0.0123527627438306,0.0124808456748723,0.0052428841590881,0.5146615505218506,0.1221544668078422,22.80429737866018,0.0015311321476474,0.775240421295166,0.154747650027275,28.14987324966414,0.001944375806488,0.7428355813026428,0.1978973746299743,27.112197914105412,0.0017075919313356,0.7569757103919983,0.1618780940771103,27.676159059790606,0.0057234037667512,0.5313721299171448,0.1097199544310569,22.42345615006059,0.0043696262873709,0.5370973944664001,0.1117384433746337,23.59555704510779,0.0045294156298041,0.5317838788032532,0.1244857385754585,23.43957825607972,0.0048762620426714,0.5124780535697937,0.1318460702896118,23.11912964122491,0.0049140793271362,0.5073881149291992,0.1426804959774017,23.08557837058323,0.0096787875518202,0.411487340927124,0.2462331354618072,20.14179042746705,0.0059832367114722,0.4395236074924469,0.2113032639026641,22.230638150665904,0.0059922724030911,0.4393699169158935,0.2131319642066955,22.224084522394406,0.0065850242972373,0.4202221930027008,0.2697697281837463,21.8144261825168,0.0067258607596158,0.4114284813404083,0.2617342472076416,21.72252127796943
000000084650__trial,0.0001064784228219,0.9865309596061708,0.0209102071821689,39.72738390335695,0.0127178970724344,0.0125123159959912,0.0125731974840164,0.0068557388149201,0.4163800477981567,0.2174909710884094,21.639457362131548,0.0017774072475731,0.7519688010215759,0.1865332126617431,27.50213053280721,0.0020114218350499,0.7328168749809265,0.2194109857082367,26.964968396853383,0.0020433904137462,0.7261543869972229,0.235135480761528,26.896486483763997,0.0077433777041733,0.4182011783123016,0.2160967588424682,21.11069556332804,0.0052634249441325,0.4706276357173919,0.1860851347446441,22.787315656768502,0.0052077239379286,0.4713969230651855,0.1858107596635818,22.83352045832325,0.0053348490037024,0.4663157761096954,0.1839922964572906,22.728778682333,0.0052603152580559,0.4723396301269531,0.1867957860231399,22.78988227190133,0.0139468507841229,0.3667846620082855,0.2168059200048446,18.555238455429865,0.01069076359272,0.3835175931453705,0.1731283664703369,19.709912739997115,0.0110400775447487,0.3783062696456909,0.1830273270606994,19.57027876141401,0.0116266794502735,0.3581591844558716,0.197423830628395,19.345443009493685,0.0117572918534278,0.3540084660053253,0.203559011220932,19.29692701096267
000000084650__woman_with_hat_matisse,0.0001061020520864,0.9861934185028076,0.0301688238978385,39.74276216464122,0.0129025783389806,0.0127669870853424,0.0127514181658625,0.0040792557410895,0.5271262526512146,0.0934189036488533,23.89419066572495,0.0015594462165609,0.7482717037200928,0.1508981585502624,28.070295989469827,0.0018289145082235,0.7408876419067383,0.1893569976091385,27.378065949470567,0.001793997711502,0.7257773280143738,0.1767801642417907,27.461781152956505,0.008893028832972,0.4922411739826202,0.1150994002819061,20.50950299612779,0.0085064768791198,0.4659032821655273,0.130874902009964,20.702502740832077,0.0092098144814372,0.4417456388473511,0.1319987773895263,20.357491179572868,0.0090931532904505,0.4416534900665283,0.142211377620697,20.41285487606692,0.0098448414355516,0.4185881614685058,0.1533415466547012,20.06791274367865,0.0069861081428825,0.4537264406681061,0.1929155737161636,21.55764695896532,0.0043453946709632,0.4943063259124756,0.168288454413414,23.61970772578394,0.0045109898783266,0.4855153262615204,0.176678329706192,23.457281473629,0.0047759502194821,0.474659651517868,0.2032280266284942,23.209402085781985,0.0049354848451912,0.4615050852298736,0.2053637504577636,23.06670177290561
000000224119__antimonocromatismo,9.351782500743866e-05,0.9930412769317628,0.0214188862591981,40.29105602340783,0.0107187684625387,0.0104582104831933,0.0105837760493159,0.0057003176771104,0.4428028762340545,0.2141911685466766,22.44100940543012,0.0015064378967508,0.8361545205116272,0.1507432013750076,28.22048767511596,0.0019341679289937,0.8154817223548889,0.1689095199108123,27.13505822151042,0.0016162766842171,0.82485032081604,0.1575615555047989,27.914842919877444,0.0068412362597882,0.4055891335010528,0.2882552444934845,21.64865411102919,0.0040373401716351,0.4795075356960296,0.1653891801834106,23.939046569706424,0.0042274561710655,0.467676967382431,0.1636611819267273,23.739208863353166,0.004442501347512,0.4583524763584137,0.1870915591716766,23.52372431791217,0.0045538647100329,0.4533509016036987,0.1897247731685638,23.41619875907728,0.0139610143378376,0.3467483818531036,0.2576974332332611,18.550830268903457,0.012273876927793,0.2916263043880462,0.2442016750574112,19.110182357733137,0.0126286232843995,0.2833535373210907,0.2617789208889007,18.98643991691497,0.0134446881711483,0.2689310312271118,0.2704142034053802,18.71449266116029,0.0137861967086792,0.2563783824443817,0.2763552367687225,18.605555290563657
000000224119__impronte_d_artista,9.584679355612025e-05,0.984750747680664,0.0321757718920707,40.18422411363656,0.0108739770948886,0.0107162669301033,0.010715402662754,0.0036698419135063,0.5150805711746216,0.1839930713176727,24.353526435328085,0.0016141048399731,0.8210851550102234,0.1559366583824157,27.92068260231604,0.0020437536295503,0.8139679431915283,0.1734609901905059,26.895714587211263,0.001623909920454,0.8230836391448975,0.1890990883111953,27.894380650793057,0.0123512530699372,0.3180095851421356,0.2364313006401062,19.082889797522625,0.0108625693246722,0.331010490655899,0.226721316576004,19.640674388768527,0.011131971143186,0.3233312964439392,0.2274123579263687,19.534279281349125,0.0116403447464108,0.3083249628543854,0.2502044439315796,19.34034157207887,0.0117882443591952,0.307241290807724,0.2678734064102173,19.28550870213514,0.0101782800629735,0.3490825593471527,0.2621107697486877,19.92325603361467,0.0064023020677268,0.4066614806652069,0.2375034689903259,21.93663839212173,0.0066139581613242,0.3973152339458465,0.2316190600395202,21.79538556680174,0.0070593357086181,0.3889116048812866,0.2414236366748809,21.5123616462172,0.0072080292738974,0.3802603781223297,0.2444693744182586,21.421834582295634
000000224119__picasso_self_portrait,8.838388748699799e-05,0.9940270781517028,0.0175943374633789,40.53626900295544,0.0106660472229123,0.010461937636137,0.0105094257742166,0.0049964715726673,0.4726781845092773,0.1808607578277588,23.013365791565388,0.0015116644790396,0.8407812118530273,0.1336524486541748,28.20544591818618,0.0023277522996068,0.8124537467956543,0.1607012450695037,26.330632356361317,0.0015126959187909,0.8343822360038757,0.1353932470083236,28.20248364814633,0.00698794843629,0.4383381307125091,0.2012574225664138,21.55650308313796,0.0049164108932018,0.4699026644229889,0.1843175888061523,23.08351827739815,0.00513261789456,0.4579534828662872,0.1752941310405731,22.896610662401063,0.0054285861551761,0.4536387026309967,0.1961958110332489,22.653132652468813,0.0054906536825001,0.44643035531044,0.1979323923587799,22.6037594811768,0.0107046710327267,0.3580782115459442,0.3080608248710632,19.70426674550461,0.0067078568972647,0.3916250765323639,0.2725706398487091,21.73416211031844,0.0067460048012435,0.3880634009838104,0.2611251473426819,21.709533540521196,0.007549709174782,0.3564628064632416,0.3103653192520141,21.220697776714776,0.0074479184113442,0.3563883006572723,0.3080312013626098,21.279650895048334
000000224119__trial,9.82321216724813e-05,0.9870384335517884,0.0317399688065052,40.077464757160286,0.0108894407749176,0.0106261866167187,0.0107538364827632,0.00532564567402,0.4374732971191406,0.2975385189056396,22.73627731426332,0.0016296437242999,0.8251567482948303,0.15556201338768,27.87907331475091,0.0019953439477831,0.8183097243309021,0.1731239557266235,26.999822319324764,0.0017397677293047,0.8198520541191101,0.1713140904903412,27.59508729082133,0.0082879299297928,0.3641687333583832,0.2817492187023163,20.81553929320963,0.005730293225497,0.4201330840587616,0.2227839231491089,22.418231541308607,0.0058347848244011,0.4106467068195343,0.2120702713727951,22.33975155265281,0.0062440359033644,0.393656849861145,0.2715960443019867,22.04534608398182,0.0063063907437026,0.3885733187198639,0.2623612284660339,22.00219123886789,0.0151772042736411,0.3042394518852234,0.2829554975032806,18.188082205585918,0.012283269315958,0.3006286323070526,0.2628584504127502,19.106860259546025,0.0125328181311488,0.2924210131168365,0.2851326167583465,19.019512625099303,0.0133350184187293,0.2743898332118988,0.3082334995269775,18.750063801130644,0.0136951198801398,0.267469584941864,0.3062739968299866,18.634341617995524
000000224119__woman_with_hat_matisse,9.65319268289022e-05,0.9869441986083984,0.0340796932578086,40.153290249731775,0.0109047312289476,0.010696243494749,0.0107311736792325,0.0031945153605192,0.5417854189872742,0.1501535773277282,24.95595019263653,0.0013515144819393,0.8427948355674744,0.1428699046373367,28.69179296326587,0.0017466455465182,0.8356824517250061,0.1598400771617889,27.57795219121067,0.0014046911383047,0.8394621014595032,0.1559855639934539,28.52419157378657,0.0099989520385861,0.4063321650028229,0.2080553919076919,20.000455147708568,0.0097490344196558,0.3672724962234497,0.220952033996582,20.110383962995584,0.0102429846301674,0.3531980514526367,0.2196659743785858,19.895734789512566,0.0105112651363015,0.3462430238723755,0.2446461617946624,19.78345009124197,0.0109957093372941,0.3327064216136932,0.2729552984237671,19.587767489011124,0.0083465408533811,0.3856347799301147,0.2902611494064331,20.78493476558362,0.0048186196945607,0.4540416002273559,0.2038976997137069,23.17077348666889,0.0050267833285033,0.4422203302383423,0.2151959389448166,22.987098339410792,0.0055027268826961,0.4314377605915069,0.2314556539058685,22.594220420282944,0.005621523130685,0.4233656823635101,0.2372192144393921,22.50145998019923
000000137106__antimonocromatismo,0.0001068894271156,0.9948396682739258,0.0200978647917509,39.7106525056678,0.0067394440993666,0.0063772196881473,0.0066083939746022,0.004584108479321,0.3987192213535309,0.363766074180603,23.387451136817937,0.000509804172907,0.8783075213432312,0.1464090943336486,32.92596614015678,0.0005186852067708,0.8785482048988342,0.1588852405548095,32.85096138182211,0.0004938389756716,0.8828837275505066,0.1479583233594894,33.06414636860239,0.0083342073485255,0.3194290995597839,0.3288955688476562,20.79135698839112,0.0049087987281382,0.42354217171669,0.2192260921001434,23.090247745921136,0.0049585299566388,0.4218456447124481,0.2286194562911987,23.046470586605533,0.0049445428885519,0.4274884164333343,0.210191398859024,23.058738517221347,0.0049365772865712,0.426609069108963,0.2242109924554824,23.065740593247803,0.0180103238672018,0.3508751392364502,0.271395742893219,17.444784774928507,0.0160983521491289,0.2867668867111206,0.2154310345649719,17.932185767114227,0.0166141670197248,0.2679943740367889,0.2184385657310485,17.79521427951661,0.017297713086009,0.2583523690700531,0.2124326825141906,17.620113107312388,0.017065018415451,0.2601546943187713,0.2334586679935455,17.67893238722907
000000137106__impronte_d_artista,9.780019172467291e-05,0.9879319071769714,0.0353695079684257,40.09660293833197,0.0062877358868718,0.006247173063457,0.0062111499719321,0.0030866574961692,0.5096035599708557,0.27527716755867,25.10511558330069,0.0004856248560827,0.8982572555541992,0.097071848809719,33.13699092560264,0.0004718132549896,0.9021788239479064,0.104036659002304,33.26229862331274,0.0005038251983933,0.895878791809082,0.1239734515547752,32.9772011542167,0.019474558532238,0.23273865878582,0.2961136698722839,17.105323785430016,0.0171147529035806,0.249540627002716,0.2222988754510879,17.666293666625972,0.0171051416546106,0.2476615756750106,0.2229015231132507,17.66873324895405,0.0173820983618497,0.2465127259492874,0.2237071990966797,17.59897796819238,0.0172152686864137,0.2463441640138626,0.2229587137699127,17.640861946777946,0.0133604826405644,0.2866749167442322,0.278165191411972,18.74177852912281,0.0094482023268938,0.3199443519115448,0.2277546525001526,20.2465081517093,0.009569626301527,0.3120423257350921,0.2470660656690597,20.191050212987594,0.009800654835999,0.3102975487709045,0.2434347718954086,20.08744905719768,0.0098750190809369,0.3040476739406585,0.2455528378486633,20.054620565382
000000137106__picasso_self_portrait,0.0001017222020891,0.9954115748405457,0.0148425670340657,39.92584246758081,0.006694845855236,0.0063873492181301,0.0065902019850909,0.0039394972845911,0.4279811680316925,0.3302696347236633,24.04559194534232,0.0004214525688439,0.900287926197052,0.119794487953186,33.75251294700987,0.0004670088819693,0.8950398564338684,0.1341510415077209,33.30674859576057,0.0004220107512082,0.9016029834747314,0.1212776005268096,33.74676484746958,0.0101559786126017,0.3652932941913605,0.2210734784603119,19.93278222374804,0.0075881727971136,0.3945425748825073,0.2125842720270156,21.19862787960169,0.007742331828922,0.3878339529037475,0.2046872079372406,21.111282191729032,0.0076993443071842,0.392029196023941,0.219292402267456,21.135462587102356,0.007938646711409,0.3849565088748932,0.2160035818815231,21.00253524759169,0.0115239173173904,0.3655661344528198,0.2920944690704345,19.383998663869303,0.0073078423738479,0.3694839477539062,0.245652750134468,21.362108287122624,0.007449559867382,0.3573702573776245,0.2254728823900222,21.278693853475215,0.0078466571867465,0.3492935597896576,0.2188292145729065,21.053153209037667,0.0078615937381982,0.3510600626468658,0.2241998761892318,21.044894028737865
000000137106__trial,0.0001030803323374,0.9911391735076904,0.0210755616426467,39.868241899264106,0.0063139796257019,0.0061739142984151,0.0062370551750063,0.0053982655517756,0.3809223175048828,0.4277992248535156,22.677457554159982,0.0004744363541249,0.8905306458473206,0.1195873767137527,33.2382204015195,0.000461133866338,0.8959071636199951,0.1247750148177146,33.3617298139447,0.0004621726984623,0.8936982154846191,0.1314211636781692,33.35195712810468,0.0113841081038117,0.2960269749164581,0.3137458860874176,19.437009888315377,0.0074385977350175,0.355928510427475,0.2124646306037902,21.2850892646245,0.0075225695036351,0.3468681275844574,0.2197529673576355,21.23633790971627,0.0078117973171174,0.3470964431762695,0.2117166072130203,21.07249033330853,0.0079841082915663,0.3371002972126007,0.2136028558015823,20.977735811757498,0.0200441889464855,0.266375869512558,0.3175011575222015,16.98011512034666,0.0160949025303125,0.2678529918193817,0.2511850595474243,17.933116490296626,0.0160824339836835,0.2686300277709961,0.2579202353954315,17.936482226467476,0.0165298227220773,0.2720680236816406,0.2546710073947906,17.81731804095607,0.0166150908917188,0.2613382041454315,0.2574995160102844,17.794972786004983
000000137106__woman_with_hat_matisse,0.0001048432823154,0.9905965328216552,0.0266316123306751,39.7945939111004,0.006518805399537,0.0064283525571227,0.0064208917319774,0.0023743740748614,0.5135870575904846,0.2717764973640442,26.24450858317383,0.0003851372457575,0.9088449478149414,0.073546290397644,34.14384479702952,0.0003735256905201,0.9143920540809632,0.079554483294487,34.27679522717513,0.0003652533341664,0.9114055037498474,0.0754899755120277,34.37405810976155,0.0143728321418166,0.3852425515651703,0.2768537104129791,18.42457646453673,0.0135100251063704,0.3574772775173187,0.2359532713890075,18.69343843905577,0.013839597813785,0.3455099165439605,0.2312350869178772,18.58876530528956,0.0138636017218232,0.3585284650325775,0.2332469820976257,18.58123926671735,0.0141135631129145,0.3408212959766388,0.2402364611625671,18.50363330333022,0.0096102999523282,0.3028085827827453,0.3666680157184601,20.172630571173,0.0053531136363744,0.4099538326263428,0.2519455850124359,22.713935372766556,0.0052846106700599,0.4127483367919922,0.2494637817144394,22.769870026939003,0.0053308489732444,0.4166301488876343,0.2364773154258728,22.73203621173341,0.0053582587279379,0.409060388803482,0.2393392920494079,22.70976319954589
000000084170__antimonocromatismo,0.0001060433787642,0.9928021430969238,0.0123756285756826,39.74516443186086,0.0138941016048192,0.0139148700982332,0.0137658677995204,0.0062749162316322,0.5061936378479004,0.1207938939332962,22.02392067517476,0.001441974658519,0.8266417384147644,0.1019482761621475,28.41042371906504,0.0018403663998469,0.808049738407135,0.1442123502492904,27.35095704386952,0.0016978670610114,0.8129281997680664,0.1217597275972366,27.700963169950835,0.0064005539752542,0.5065996050834656,0.1874845176935196,21.93782435706089,0.0046291607432067,0.5294644236564636,0.1583009958267212,23.344977384922736,0.0048183728940784,0.5181281566619873,0.1735607683658599,23.17099592969065,0.0049313460476696,0.5084136128425598,0.1902413815259933,23.07034520624359,0.0050975047051906,0.5010899901390076,0.1970970034599304,22.926423646793182,0.0134248808026313,0.4492720663547516,0.2413825094699859,18.720895616425047,0.0121858678758144,0.4068180620670318,0.2067570239305496,19.14143534985207,0.0125915491953492,0.3949241638183594,0.2374106645584106,18.99920833386926,0.013148377649486,0.3788342177867889,0.231582686305046,18.811278305462626,0.0138112604618072,0.3547506630420685,0.2585115432739258,18.59766684446172
000000084170__impronte_d_artista,0.0001098996654036,0.9846549034118652,0.0243832133710384,39.5900362981101,0.0138106048107147,0.0139099648222327,0.0137037523090839,0.006284583825618,0.4780708253383636,0.1623817533254623,22.017234766450045,0.0015605014050379,0.8165159225463867,0.1128836795687675,28.067358359701643,0.0019792120438069,0.7971401214599609,0.144433319568634,27.035076749588068,0.0018641176866367,0.7969622611999512,0.1525182425975799,27.295266729672715,0.0117681669071316,0.4537319242954254,0.2246804982423782,19.292911806669785,0.010179060511291,0.4792598485946655,0.164951354265213,19.922923038843923,0.0111078126356005,0.4472229182720184,0.1831640899181366,19.54371454453924,0.0106626199558377,0.4589827060699463,0.1787528395652771,19.721360699284908,0.0114666568115353,0.4273489415645599,0.1958086788654327,19.405631854066485,0.0094504738226532,0.4597108662128448,0.2210062444210052,20.245464165272416,0.0064055542461574,0.5030365586280823,0.182315707206726,21.93443286585364,0.0067713595926761,0.4790639877319336,0.1895063817501068,21.6932412240576,0.0068684867583215,0.4817852675914764,0.1867620050907135,21.63138934687268,0.0071206768043339,0.4678442180156708,0.1938455402851104,21.47478725686416
000000084170__picasso_self_portrait,0.0001018986513372,0.9937294125556946,0.0129095204174518,39.91831563988332,0.013683071359992,0.0137300081551074,0.0135788843035697,0.0062894318252801,0.5062795281410217,0.1180973798036575,22.01388586079519,0.0015087150968611,0.8148186802864075,0.1103264614939689,28.213927638977108,0.0023096387740224,0.7769410610198975,0.1537640839815139,26.364559381667164,0.0017967807361856,0.7944085597991943,0.1290479600429535,27.455049172564475,0.006850718986243,0.5433223247528076,0.1671079099178314,21.64263846701466,0.0053525958210229,0.5405703783035278,0.136498287320137,22.71435549317215,0.0056043341755867,0.5301514267921448,0.1535326391458511,22.51475976475793,0.0056466250680387,0.526053249835968,0.1545778661966323,22.48211048156106,0.0057456786744296,0.5234366655349731,0.1595148295164108,22.40658665469753,0.010354415513575,0.4401719570159912,0.2839820086956024,19.848744111494103,0.0069351661950349,0.4623929262161255,0.1956740617752075,21.589431269884223,0.0070804483257234,0.4546885192394256,0.2113499194383621,21.499392424199225,0.0073059978894889,0.4423062801361084,0.2284509688615799,21.36320457580363,0.0074362033046782,0.4294165670871734,0.2612950801849365,21.286487451921097
000000084170__trial,0.0001087347627617,0.9876829981803894,0.0178307890892028,39.63631588737757,0.0138239078223705,0.0138396751135587,0.0136967971920967,0.0067870803177356,0.4781838953495025,0.1887240707874298,21.683170113738772,0.0016111697768792,0.8092185854911804,0.1357918381690979,27.928586934250625,0.0019543669186532,0.7953910827636719,0.1664685755968094,27.089938972257485,0.0018619857728481,0.7961568236351013,0.1678423881530761,27.30023641720496,0.0083196191117167,0.4559932947158813,0.2346778064966201,20.79896556097035,0.0058756596408784,0.5069121718406677,0.1624833941459655,22.309433695137663,0.0062034926377236,0.4889341592788696,0.1749406456947326,22.07363728854451,0.0060431356541812,0.4902095794677734,0.1810961067676544,22.18737656752517,0.0063315876759588,0.4769223034381866,0.1928400844335556,21.984873749035494,0.0141673693433403,0.4083088636398315,0.2399582266807556,18.48710783890486,0.0113081932067871,0.4220256805419922,0.1633163541555404,19.46606779955715,0.0117620853707194,0.4093055725097656,0.1874299347400665,19.295156727576664,0.0118541391566395,0.4067901372909546,0.1804674565792083,19.2612997885118,0.0126853575929999,0.379663348197937,0.209191620349884,18.96697285755794
000000084170__woman_with_hat_matisse,0.0001098810826078,0.9882383942604064,0.0217750128358602,39.59077070326099,0.0137224979698657,0.0139075191691517,0.0136207984760403,0.0052418676204979,0.5308228135108948,0.1068109422922134,22.80513951037875,0.0014244406484067,0.8253023028373718,0.0982711240649223,28.463556416203176,0.00243447185494,0.7819817066192627,0.1362491697072982,26.13595241990908,0.0016823266632854,0.810917317867279,0.1284909099340438,27.740896718627628,0.0088936444371938,0.5451610684394836,0.1405274271965026,20.50920237384433,0.0086864046752452,0.5163173079490662,0.1273469030857086,20.611599419399287,0.0095847081393003,0.4805068075656891,0.1315682083368301,20.18421107138677,0.0091779185459017,0.4957528114318847,0.1318282485008239,20.372558009911486,0.0101113449782133,0.4575566947460174,0.1579724997282028,19.951910721275,0.0078281061723828,0.4741505682468414,0.2271951138973236,21.06343292650304,0.0051961331628263,0.5060335993766785,0.1753726303577423,22.843197276645192,0.0054246070794761,0.4916328489780426,0.2008664160966873,22.65631713589165,0.0056462618522346,0.4826289117336273,0.2210932672023773,22.482389847892502,0.005954538937658,0.4688822329044342,0.2329495549201965,22.25151860475565
000000344614__antimonocromatismo,0.000118802236102,0.9951367378234864,0.0191927216947078,39.25175384963879,0.0138509087264537,0.0137608181685209,0.0137352598831057,0.0077799670398235,0.5363812446594238,0.1854558140039444,21.090222429143065,0.0019510505953803,0.7899855971336365,0.1195868104696273,27.09731468171043,0.0023826377000659,0.7658543586730957,0.1447267532348632,26.229419907313183,0.0021367429289966,0.7777223587036133,0.1403341144323349,26.702477245527724,0.0082317106425762,0.5725905895233154,0.2582892477512359,20.845099041033865,0.0082076573744416,0.485160619020462,0.2816281318664551,20.85780781313049,0.0084037547931075,0.4739235639572143,0.2880988121032715,20.7552662803595,0.0083397664129734,0.4645745456218719,0.3091962337493896,20.788461132684205,0.0084791416302323,0.4550020694732666,0.3208935558795929,20.716481104935216,0.0153698213398456,0.5342072248458862,0.239624336361885,18.133311807481487,0.0153897516429424,0.4469571113586426,0.2452543973922729,18.127683886785896,0.0162131395190954,0.4221309721469879,0.2416444569826126,17.901328800436232,0.0161855518817901,0.4185227453708648,0.2616907358169555,17.90872487788755,0.0168921425938606,0.395875483751297,0.264677882194519,17.723152611646388
000000344614__impronte_d_artista,0.0001233596849488,0.9917553067207336,0.0285082068294286,39.088267484465575,0.0138241611421108,0.0140119139105081,0.0137708252295851,0.0087322182953357,0.4951656758785248,0.2399191409349441,20.5887541596854,0.0021235989406704,0.7767983078956604,0.1269833445549011,26.72927499972939,0.0030040983110666,0.7337093353271484,0.1583878248929977,25.22285858866567,0.0023700662422925,0.7626251578330994,0.1622348129749298,26.25239515483536,0.0123166451230645,0.5914503931999207,0.2035244852304458,19.09507571632313,0.0129042565822601,0.521939754486084,0.2098482251167297,18.892670102229477,0.0137008912861347,0.4949629008769989,0.2067970782518386,18.63251179700569,0.0131868747994303,0.5105381608009338,0.2158231437206268,18.79858117128385,0.0139143662527203,0.4857014417648315,0.201450914144516,18.565365693668976,0.0104115791618824,0.5417681932449341,0.2393740564584732,19.824833944780877,0.0084831183776259,0.4985430240631103,0.2500557899475097,20.714444725962355,0.0087359389290213,0.4912561178207397,0.2402427494525909,20.58690410683493,0.008914491161704,0.4769998490810394,0.273325651884079,20.49903441268313,0.0090701160952448,0.4687519967556,0.2516213953495025,20.4238715404227
000000344614__picasso_self_portrait,0.0001149787858594,0.995695412158966,0.0152985583990812,39.39382281681849,0.0137880984693765,0.0136804310604929,0.0136794801801443,0.007382879499346,0.5459078550338745,0.1730459630489349,21.3177421991509,0.0019879357423633,0.7848642468452454,0.1318664848804474,27.01597657759654,0.0022187444847077,0.7653021812438965,0.1596433073282241,26.53892709156429,0.0022213794291019,0.7661669850349426,0.1481750011444091,26.53377254197476,0.0074758757837116,0.6110407710075378,0.1894077509641647,21.26337923304008,0.0071831424720585,0.53946852684021,0.1947730481624603,21.436855195871352,0.0072879097424447,0.5397416949272156,0.1953468173742294,21.37397014547808,0.0073737148195505,0.5266971588134766,0.2030773013830185,21.32313662863688,0.0075243753381073,0.5249207019805908,0.2080868482589721,21.23529548687427,0.0115458397194743,0.5185106992721558,0.3418722450733185,19.37574475715876,0.0107927983626723,0.4352400004863739,0.2700205147266388,19.668659366053408,0.0110998526215553,0.4264565408229828,0.2740726768970489,19.546827875259723,0.0109110996127128,0.4218123257160187,0.2935397326946258,19.621314793228628,0.0109441643580794,0.4116489887237549,0.3131047785282135,19.608173933952525
000000344614__trial,0.0001190042312373,0.991571009159088,0.0233961995691061,39.244375968397385,0.0136772245168685,0.0137422010302543,0.0136365592479705,0.0075533925555646,0.532680094242096,0.2181337773799896,21.21857944101273,0.0019261076813563,0.7949672341346741,0.1219512224197387,27.153194367797017,0.0021996519062668,0.7818548083305359,0.1472002565860748,26.576460406089645,0.0020843190141022,0.781810998916626,0.1541923284530639,26.810358096233948,0.0107397669926285,0.5127957463264465,0.3043373227119446,19.69005140881657,0.0098964674398303,0.4719453752040863,0.2336530089378357,20.045197998639253,0.0101613868027925,0.4575843513011932,0.2383044362068176,19.93047016491128,0.0097450306639075,0.4643934667110443,0.246925413608551,20.112167899845453,0.0099027827382087,0.4543062150478363,0.2500735223293304,20.042427490356676,0.0159786883741617,0.4688043594360351,0.2754227817058563,17.96458873034708,0.0142657756805419,0.4421116411685943,0.2555872499942779,18.45704609242065,0.014983675442636,0.4198298156261444,0.2619676887989044,18.24381642666909,0.0147663047537207,0.4197572767734527,0.2757166922092438,18.307281726538037,0.0152644729241728,0.4057770669460296,0.2843277156352997,18.163181871121413
000000344614__woman_with_hat_matisse,0.0001255765819223,0.9929878115653992,0.0268057323992252,39.01091342208235,0.0138575183227658,0.0139499669894576,0.0137834809720516,0.0076260673813521,0.522839367389679,0.1859354376792907,21.17699361766235,0.0021538010332733,0.7734785676002502,0.1312404870986938,26.667944190243908,0.0026026915293186,0.752335786819458,0.1548182666301727,25.845773013695545,0.0023175573442131,0.761991560459137,0.1505144834518432,26.349695111350428,0.0096383830532431,0.640758752822876,0.1777956634759903,20.15995817752179,0.01133743673563,0.5289899110794067,0.2060509622097015,19.4548512334472,0.0120238857343792,0.5048350691795349,0.1979666650295257,19.19955159597158,0.0116277411580085,0.5154497623443604,0.2120096385478973,19.34504644505648,0.0122452257201075,0.4947201311588287,0.2025651037693023,19.12033204978331,0.0092925652861595,0.5567709803581238,0.3167981207370758,20.318643790275853,0.0090594356879591,0.4559299647808075,0.3325705528259277,20.428988536739787,0.0091038197278976,0.4461311995983124,0.3387643992900848,20.4077635068038,0.0091950092464685,0.4320061504840851,0.3634411692619324,20.364478297007,0.0093151414766907,0.421396255493164,0.3766814768314361,20.30810544731289
000000315187__antimonocromatismo,0.000109768785478,0.9952512383461,0.0114590767771005,39.59521140959853,0.0166147761046886,0.0170159488916397,0.0164801701903343,0.0081586223095655,0.5960139036178589,0.1468253135681152,20.8838317137702,0.0023835392203181,0.8858577609062195,0.0618868954479694,26.227776975117937,0.0060629309155046,0.8268645405769348,0.1059102565050125,22.17317380336043,0.0026938403025269,0.8749191761016846,0.074392631649971,25.69628153894053,0.0092891929671168,0.5599210262298584,0.2021996527910232,20.32022015301567,0.0077500375919044,0.5563103556632996,0.163013070821762,21.10696190923748,0.0080812340602278,0.544792890548706,0.1494303196668625,20.925223143957204,0.0086275227367877,0.5297090411186218,0.175633817911148,20.64113887504634,0.0088484426960349,0.5235369205474854,0.1738643646240234,20.53133157328306,0.0153597490862011,0.4989286959171295,0.268655002117157,18.136158787946314,0.0133075462654232,0.4864795506000519,0.1649620234966278,18.759020152710736,0.0140165956690907,0.468664139509201,0.1801869571208953,18.5335745439074,0.0150480791926383,0.45266854763031,0.2154143750667572,18.22518931915721,0.0156942531466484,0.4424470961093902,0.2081086337566375,18.042593465460925
000000315187__impronte_d_artista,0.0001045093522407,0.9939221739768982,0.0112000908702611,39.80844844052474,0.0165128130465745,0.0168227553367614,0.0164179392158985,0.0084943212568759,0.5704777240753174,0.1913973093032837,20.70871317933267,0.002455462468788,0.8861186504364014,0.0691712349653244,26.09866699578733,0.0028707629535347,0.8772373795509338,0.1051744893193245,25.420026668633167,0.0028068537358194,0.8758495450019836,0.0928719490766525,25.5178021771167,0.011123601347208,0.5454379916191101,0.2114158570766449,19.53754583976353,0.0110810985788702,0.5253466963768005,0.1448151171207428,19.55417181566942,0.0118338316679,0.5060510635375977,0.1489007472991943,19.26874612701568,0.0119780069217085,0.5048819184303284,0.1748026907444,19.21615440286793,0.012665887363255,0.4931370913982391,0.1680546253919601,18.97364378438363,0.0116488486528396,0.5187433362007141,0.2205409407615661,19.337169972498344,0.0087188519537448,0.531955361366272,0.1487903147935867,20.59540696601585,0.0089164366945624,0.5269363522529602,0.1591755151748657,20.49808669510509,0.0099716382101178,0.5040488839149475,0.1845133155584335,20.012334869071104,0.0103002274408936,0.4942784309387207,0.1890213638544082,19.87153185466234
000000315187__picasso_self_portrait,0.0001029768027365,0.9955357909202576,0.010633454658091,39.87260596441996,0.0164759270846843,0.0169811677187681,0.0163512788712978,0.0079382183030247,0.6010848879814148,0.1509624719619751,21.00276962055788,0.0023674983531236,0.887141227722168,0.0615056119859218,26.257103144279853,0.0074357972480356,0.8068764805793762,0.1098183691501617,21.286724606510504,0.0026751346886157,0.8768683075904846,0.0740648508071899,25.726543470819895,0.0086730690672993,0.582293689250946,0.1556417942047119,20.618271951261605,0.0072996537201106,0.5605330467224121,0.1371378004550933,21.36697741388052,0.0074809989891946,0.5600563883781433,0.1326114237308502,21.26040403936933,0.0079430332407355,0.5478336215019226,0.1375588178634643,21.00013619971343,0.0081387897953391,0.5399243831634521,0.1516507267951965,20.894401681182245,0.0146972872316837,0.4710190594196319,0.3099959194660187,18.327628182472004,0.0106463814154267,0.5214747786521912,0.1620811522006988,19.727979789252505,0.0111244469881057,0.5084505677223206,0.1576883792877197,19.53721569199488,0.012039978057146,0.4920532703399658,0.1969113200902938,19.193743045789468,0.0124247157946228,0.4796241521835327,0.1934785097837448,19.057135366178624
000000315187__trial,0.0001056539767887,0.9940366744995116,0.0120486738160252,39.76114151570464,0.0164767578244209,0.0169081687927246,0.016395628452301,0.0085834423080086,0.5588095188140869,0.1980165541172027,20.663385075405422,0.0024112050887197,0.887190043926239,0.0668221041560173,26.17765848473137,0.0043243784457445,0.8546846508979797,0.1079334244132042,23.640763059984383,0.0027243311051279,0.8765594959259033,0.0905176699161529,25.64740111006187,0.0110940253362059,0.5103194713592529,0.2660190761089325,19.549108466271964,0.0089811896905303,0.555718183517456,0.1349182277917862,20.46666130837116,0.0095067853108048,0.5400254130363464,0.1376698762178421,20.219663135356623,0.0095794005319476,0.5398752093315125,0.1469883471727371,20.186616677286715,0.0101274736225605,0.5239065289497375,0.1445636749267578,19.944988792815096,0.0163062699139118,0.4591284692287445,0.2665924429893493,17.876453731764485,0.0131229879334568,0.4822424352169037,0.1471167206764221,18.819672705035597,0.0138689680024981,0.4674623906612396,0.1546748876571655,18.579558538146056,0.0145109891891479,0.447939783334732,0.1919732093811035,18.38302981446092,0.0152007741853594,0.4341259002685547,0.1944505870342254,18.181342925902683
000000315187__woman_with_hat_matisse,0.0001073098756023,0.9942620396614076,0.0132016269490122,39.69360308581525,0.0165324471890926,0.0167433526366949,0.0164259485900402,0.0080008031800389,0.5888436436653137,0.1548099517822265,20.9686641311432,0.0023328859824687,0.8850719928741455,0.0645606815814971,26.321064864075787,0.0029584013391286,0.8728280663490295,0.0996835455298423,25.289429096002497,0.00269091501832,0.8719647526741028,0.0830781236290931,25.70100017456396,0.0087181068956851,0.610354483127594,0.1532969772815704,20.595778102527685,0.0106815127655863,0.5371264815330505,0.1300384402275085,19.713672361443827,0.0115729188546538,0.5126153230667114,0.1300596594810485,19.365570919905608,0.0114148082211613,0.5146194100379944,0.1424224823713302,19.42531380642517,0.0122314011678099,0.5004776120185852,0.1502918601036071,19.1252378952199,0.0110287563875317,0.5268880724906921,0.2449410557746887,19.574734562345316,0.0089033106341958,0.5307366847991943,0.1873287558555603,20.504484739378334,0.0091733848676085,0.5212314128875732,0.1939977407455444,20.374703853681996,0.0105383628979325,0.4888161122798919,0.2411211729049682,19.77226850187606,0.0107344416901469,0.4847389161586761,0.2411825358867645,19.692205387632576
000000314182__antimonocromatismo,0.0001054596505127,0.994135320186615,0.0114378407597541,39.76913672229101,0.0141215566545724,0.0141961332410573,0.0140401432290673,0.0055440138094127,0.6117417216300964,0.1743406057357788,22.561756966241944,0.0021051696967333,0.8665878176689148,0.0761934742331504,26.76712890144504,0.0028028225060552,0.8366765379905701,0.1091231629252433,25.524044038742105,0.0024774975609034,0.844489336013794,0.0905789881944656,26.05986764405433,0.005964599084109,0.5432014465332031,0.1671395450830459,22.24418742506745,0.0043857120908796,0.5813190340995789,0.1037987470626831,23.57959881880184,0.004601027816534,0.5654714703559875,0.1178911700844764,23.371451411036624,0.0047096312046051,0.5583590269088745,0.1318559497594833,23.27013099681256,0.0048763542436063,0.5437701940536499,0.1499484628438949,23.11904752509099,0.0120692700147628,0.4946402013301849,0.18051677942276,19.183189965263104,0.0096983024850487,0.5095261931419373,0.1176986992359161,20.133042745885213,0.0104757584631443,0.4861589670181274,0.1340825110673904,19.79814523547006,0.0109188156202435,0.4727374017238617,0.1377907693386078,19.618244676284338,0.0114369923248887,0.4536894857883453,0.1465774327516555,19.41688170336888
000000314182__impronte_d_artista,0.000111031004053,0.9898409843444824,0.018481720238924,39.54555732843622,0.0141866458579897,0.0144381280988454,0.0141730066388845,0.0064813629724085,0.5682522654533386,0.1998931914567947,21.88333656297197,0.0029425227548927,0.8332752585411072,0.0766202360391616,25.31280170018554,0.0033674975857138,0.8132690787315369,0.0880350172519683,24.72692706966973,0.0034003173932433,0.800112783908844,0.1160130277276039,24.684805430457693,0.0108958827331662,0.4917150437831878,0.155001699924469,19.627375794963488,0.0084183560684323,0.5459874868392944,0.1012081205844879,20.74772708988929,0.009087273851037,0.523149847984314,0.111463613808155,20.41566383997424,0.008795560337603,0.5341259837150574,0.1052344292402267,20.557364877838616,0.009439936839044,0.5085404515266418,0.1155451387166976,20.250309114801503,0.0076794843189418,0.5174623727798462,0.1586005240678787,21.146679420722958,0.0055923950858414,0.5680235028266907,0.1054952815175056,22.52402154583596,0.0059798476286232,0.548292338848114,0.1233426332473754,22.23309882046907,0.0063224802725017,0.5444647669792175,0.1250738203525543,21.991125170736357,0.0065101222135126,0.536342203617096,0.133983165025711,21.864108584124597
000000314182__picasso_self_portrait,9.801267879083753e-05,0.9944538474082948,0.0083946185186505,40.08717740912231,0.0140124466270208,0.0141203291714191,0.013953979127109,0.0044143819250166,0.6692848205566406,0.136391207575798,23.55130095109182,0.001948018441908,0.8860694766044617,0.051607146859169,27.10406935968186,0.0024752102326601,0.8618502616882324,0.0822156518697738,26.063879082428564,0.0022859182208776,0.8644137978553772,0.0617446042597293,26.4093931062353,0.0054442225955426,0.5837053656578064,0.1067744046449661,22.640641262975866,0.0045163668692111,0.607421875,0.0894948244094848,23.45210787118508,0.0047595580108463,0.5914360880851746,0.0905732214450836,23.224333755070145,0.0049200598150491,0.5850484371185303,0.0985837876796722,23.08029617316404,0.005205397028476,0.5707874894142151,0.1014907956123352,22.83546140178345,0.0086666252464056,0.4935435354709625,0.2256561666727066,20.62149982360437,0.0058039291761815,0.5533702373504639,0.1060482338070869,22.362778957830965,0.0061110933311283,0.5292640328407288,0.1227972358465194,22.13881083505748,0.0066383047960698,0.5132454633712769,0.1421645879745483,21.77942810949364,0.006856104824692,0.4967059195041656,0.158877283334732,21.6392255099774
000000314182__trial,0.000107832289359,0.9907270073890686,0.0156771931797266,39.67251174300335,0.0139299947768449,0.0141263147816061,0.0139203984290361,0.0071278996765613,0.5474134087562561,0.2407399713993072,21.470384215164152,0.0025896911974996,0.8448721766471863,0.0737615376710891,25.867520194004086,0.0031064033973962,0.8222202658653259,0.0926964730024337,25.07742147484666,0.0031474775169044,0.8089917302131653,0.1008587405085563,25.02037363466072,0.0075247348286211,0.5018966794013977,0.2035666853189468,21.235087999860436,0.0049252547323703,0.5812230706214905,0.0856225937604904,23.07571303033999,0.0052325394935905,0.5598604083061218,0.1019393950700759,22.812874850564068,0.0053044608794152,0.5548682808876038,0.1112969368696212,22.753587491788373,0.0056112445890903,0.5315027832984924,0.1228285580873489,22.509408003792124,0.0133916465565562,0.4328010976314544,0.1963805854320526,18.73166021459754,0.0099892867729067,0.4896496832370758,0.1334491223096847,20.004655189460536,0.010722124017775,0.4657468795776367,0.1471699476242065,19.697191738012663,0.0110122328624129,0.4626245498657226,0.1526359170675277,19.581246136797496,0.0118836453184485,0.4293673038482666,0.1775969266891479,19.25050318711129
000000314182__woman_with_hat_matisse,0.0001054158565239,0.991121470928192,0.0163745395839214,39.77094058166298,0.0142576526850461,0.0145706012845039,0.0142528964206576,0.0044635999947786,0.6590983271598816,0.1168360263109207,23.50314731598277,0.0024372602347284,0.861071765422821,0.0661340504884719,26.13098097211392,0.0030157051514834,0.8362390398979187,0.0904136300086975,25.20611122133625,0.0029235435649752,0.8310372233390808,0.0921289920806884,25.34090430170329,0.0082289464771747,0.5674842000007629,0.1059693545103073,20.846557624106797,0.0075067058205604,0.5682474970817566,0.1019581705331802,21.24550603317129,0.0084622660651803,0.5342673659324646,0.1080822870135307,20.725133239795436,0.0081905527040362,0.5427356958389282,0.1106408983469009,20.86686790765348,0.0090097086504101,0.5115697979927063,0.1190377026796341,20.452892527018456,0.0066108121536672,0.5298694968223572,0.1936998814344406,21.79745183148341,0.0052331606857478,0.5507550835609436,0.1273201406002044,22.81235929914984,0.005451891105622,0.5363024473190308,0.1299356520175933,22.634528272136937,0.0059194858185946,0.5208670496940613,0.1562416106462478,22.277160155482303,0.0061745457351207,0.5047778487205505,0.1812805980443954,22.093949881877087
000000578500__antimonocromatismo,0.0001085094190784,0.9940446019172668,0.0113956425338983,39.6453256157345,0.0136682223528623,0.0134706292301416,0.0135017177090048,0.0059731747023761,0.5510742664337158,0.1791273206472396,22.23794782897601,0.0020484875421971,0.8620808124542236,0.0796903669834137,26.885666728489905,0.0029090500902384,0.8302858471870422,0.0986141562461853,25.3624880067564,0.002480266848579,0.8398647308349609,0.1058622747659683,26.05501591500037,0.0059015327133238,0.5121223330497742,0.1689205169677734,22.2903518115581,0.0042433245107531,0.5589043498039246,0.1063211262226104,23.72293754035812,0.0043871798552572,0.5480427742004395,0.1219037622213363,23.578145610487443,0.004490986932069,0.5408560037612915,0.1200965791940689,23.47658208651058,0.0048349448479712,0.5210967063903809,0.1513877213001251,23.156084755330756,0.0128985522314906,0.4598294198513031,0.1928200721740722,18.89459033356575,0.0111697763204574,0.4484173059463501,0.1357790231704712,19.519555237298427,0.0117454901337623,0.4387590885162353,0.1502149999141693,19.30128855604383,0.0124520165845751,0.417278379201889,0.1672893911600113,19.04760309561584,0.0133713269606232,0.3917460739612579,0.1804924011230468,18.738254915353185
000000578500__impronte_d_artista,0.0001106866329791,0.9899580478668212,0.0162682048976421,39.55904823329889,0.013465940952301,0.0136023499071598,0.0134067414328455,0.0061585432849824,0.5380711555480957,0.2093503475189209,22.10522001814353,0.0026226220652461,0.8359188437461853,0.0849648416042327,25.81264289205285,0.0030262146610766,0.8199028372764587,0.0983245596289634,25.19100269037699,0.0030688792467117,0.8133831024169922,0.1185811981558799,25.13020199713664,0.0117672486230731,0.4573860168457031,0.1756836026906967,19.29325070504117,0.0099550038576126,0.4771978855133056,0.1200840398669242,20.019585673453065,0.0106127671897411,0.4573990404605865,0.1299655139446258,19.74171362701398,0.0106404870748519,0.4591409862041473,0.1362593621015548,19.73038491488445,0.011245640926063,0.4426991045475006,0.1429570615291595,19.49015787652068,0.0082368170842528,0.476211816072464,0.1617090851068496,20.84240578326344,0.0060399682261049,0.5281025767326355,0.1288617849349975,22.18965346025155,0.0062977452762424,0.5178423523902893,0.138656198978424,22.008149091741465,0.0066511663608253,0.5068275928497314,0.1547387987375259,21.77102189335469,0.0069445329718291,0.4887612760066986,0.1596543341875076,21.583569557690637
000000578500__picasso_self_portrait,0.0001056961409631,0.994737446308136,0.0088144512847065,39.75940868785458,0.0134543040767312,0.0132333515211939,0.0133052002638578,0.0052512264810502,0.573606014251709,0.1675133407115936,22.797392505475894,0.0020212512463331,0.8641653060913086,0.0865668505430221,26.94379699293122,0.0025350714568048,0.8443754315376282,0.1111365929245948,25.960097945717997,0.0024506030604243,0.8436459898948669,0.108923003077507,26.10727028457448,0.0058718961663544,0.555060088634491,0.1150515675544738,22.312216327203945,0.0049186483956873,0.5698985457420349,0.1043550223112106,23.08154221407016,0.0051790308207273,0.5576103925704956,0.1116334646940231,22.857515044615443,0.0052958545275032,0.5519084334373474,0.1171042472124099,22.760639530944744,0.0055014486424624,0.5439229011535645,0.1228315234184265,22.595229369442748,0.0087538585066795,0.4735385179519653,0.2523735165596008,20.57800477401329,0.0061116940341889,0.5100123286247253,0.1363057196140289,22.13838395693728,0.0064184218645095,0.4874340295791626,0.1618406921625137,21.92571741368367,0.0066938027739524,0.4748209416866302,0.1713757663965225,21.74327087832136,0.0071020503528416,0.4551879167556762,0.2004026770591735,21.486162529181343
000000578500__trial,0.0001118993968702,0.991566240787506,0.0141570875421166,39.51172254281416,0.0132408887147903,0.0132460612803697,0.0131809674203395,0.008344261907041,0.472315639257431,0.3172535300254822,20.78612072870404,0.002603787695989,0.837489902973175,0.0933856293559074,25.84394429558259,0.0027463238220661,0.8320228457450867,0.1037568897008895,25.61248255939404,0.0031108392868191,0.8118292689323425,0.1310254335403442,25.07122424973115,0.0082998350262641,0.4592282772064209,0.2541259527206421,20.80930539900453,0.0053226300515234,0.5349177718162537,0.1035359725356102,22.738737183407483,0.0056916042231023,0.5099665522575378,0.1253626048564911,22.447653070590675,0.0056143510155379,0.5086774826049805,0.1382028460502624,22.50700438273433,0.0062460615299642,0.4805150926113128,0.1594844162464141,22.04393741848967,0.0142842242494225,0.4084756374359131,0.2345678806304931,18.45143340394524,0.0106775285676121,0.4491147100925445,0.1530281007289886,19.71529257949396,0.0109242359176278,0.4378455579280853,0.1562865972518921,19.616089294937098,0.0114787155762314,0.4225141108036041,0.1608117967844009,19.401067050881128,0.0120108118280768,0.4087757170200348,0.169397696852684,19.20427637015219
000000578500__woman_with_hat_matisse,0.0001070267098839,0.9912541508674622,0.0141186360269784,39.70507825047237,0.0135727245360612,0.01364057790488,0.0135090462863445,0.0047980821691453,0.5966947078704834,0.1315755546092987,23.189323188315395,0.0021074507385492,0.8569971919059753,0.069565325975418,26.76242568174764,0.0023480360396206,0.8476380705833435,0.087671011686325,26.292952414583866,0.0025803567841649,0.8333165645599365,0.0957666113972663,25.883202402843736,0.0088309021666646,0.5385245084762573,0.1148875951766967,20.53994926548137,0.0086143864318728,0.5103015899658203,0.1096684858202934,20.64775650165046,0.0093814758583903,0.4871473312377929,0.1319265067577362,20.27728834676813,0.0088695948943495,0.5000103712081909,0.1156924962997436,20.52096215474508,0.0095317447558045,0.4795570075511932,0.1283770501613617,20.20827595850321,0.0067200381308794,0.498143583536148,0.187631219625473,21.72628262662911,0.0047533237375319,0.5363717079162598,0.1184388324618339,23.23002605937578,0.0049979360774159,0.5206359028816223,0.1421019285917282,23.012093027119803,0.0052746026776731,0.5155215859413147,0.1585467308759689,22.77810249090555,0.0056071006692945,0.4953806102275848,0.1704086065292358,22.512616465541427
000000010092__antimonocromatismo,0.0001030719358823,0.9939038157463074,0.0148422606289386,39.86859567020685,0.0087285954505205,0.0083664711564779,0.0086041083559393,0.0040813847444951,0.5577406883239746,0.2042663991451263,23.891924631695872,0.0010378514416515,0.8831103444099426,0.1435815989971161,29.83864807073597,0.0011417967034503,0.8693121075630188,0.1412269622087478,29.424112152051244,0.001098049338907,0.8734970092773438,0.1524524390697479,29.593781451922645,0.0064539848826825,0.4476007223129272,0.2697728276252746,21.9017205618889,0.0041714995168149,0.5189992785453796,0.1995094418525695,23.79707802384514,0.0044649019837379,0.5019291639328003,0.2057411819696426,23.5018807056916,0.0044010020792484,0.5042786598205566,0.209198459982872,23.56448426255072,0.0044496641494333,0.5008402466773987,0.1987373232841491,23.516727673454078,0.0140359280630946,0.432056576013565,0.2515756487846374,18.52758866295981,0.0117939924821257,0.4411511421203613,0.2057141810655594,19.28339153391546,0.0122713139280676,0.4191010892391205,0.2203221917152404,19.11108933511084,0.0128647545352578,0.400083065032959,0.2524547874927521,18.90598495889705,0.0130920587107539,0.3924177885055542,0.2419143319129943,18.82992055785414
000000010092__impronte_d_artista,0.0001125434428104,0.9847469329833984,0.0352694243192672,39.48679803499623,0.0084605868905782,0.0084348637610673,0.0083907879889011,0.0040493081323802,0.5502970814704895,0.2786233425140381,23.92619174305733,0.0012089230585843,0.8489608764648438,0.1447572112083435,29.17601338755093,0.0015812373021617,0.8312790393829346,0.1356703788042068,28.01002948988866,0.0013054372975602,0.8402244448661804,0.1509742736816406,28.84243983264666,0.0137184346094727,0.4077276885509491,0.2539122402667999,18.626954425107783,0.0107703730463981,0.4671854078769684,0.1942846477031707,19.67769254066324,0.0114931352436542,0.4413115680217743,0.1887922286987304,19.39561482775449,0.0113041503354907,0.4498335421085357,0.2068018615245819,19.46762075377483,0.011803712695837,0.4274594783782959,0.204490914940834,19.279813698372013,0.0090703144669532,0.4473846852779388,0.2573583126068115,20.423776557298645,0.0061062290333211,0.507436215877533,0.1889356672763824,22.14226910151656,0.0063327141106128,0.4978629052639007,0.1980840116739273,21.984101176865323,0.0064471825025975,0.4946776926517486,0.2014831751585006,21.90630035892628,0.0067229066044092,0.479066252708435,0.1996924579143524,21.72442921985117
000000010092__picasso_self_portrait,0.0001058374473359,0.9946072101593018,0.0155297508463263,39.75360643322472,0.0086544230580329,0.0082478113472461,0.0085418159142136,0.0039401478134095,0.5744122862815857,0.1909018456935882,24.04487485447525,0.0011600812431424,0.8778448104858398,0.1571466922760009,29.355115950722585,0.0011551001807674,0.869412899017334,0.1581129133701324,29.373803481807105,0.0012270814040675,0.8714430928230286,0.1681109815835952,29.11126625402854,0.0066227628849446,0.5309931635856628,0.1831096708774566,21.78960793738185,0.0048829815350472,0.5560320019721985,0.1500151008367538,23.11314917993622,0.0049311588518321,0.5541632771492004,0.1515136212110519,23.070510069267943,0.0049604498781263,0.5559706687927246,0.1596745550632476,23.04478934250172,0.0052114925347268,0.5417676568031311,0.1637093275785446,22.830378800081217,0.0098695429041981,0.4307824075222015,0.2827404141426086,20.057029606820688,0.0064098960720002,0.4593750536441803,0.2267725467681884,21.93149011935582,0.0063231717795133,0.4639790058135986,0.2355248779058456,21.990650196921763,0.0062880795449018,0.4608418941497803,0.2204125523567199,22.014819730606604,0.0065042302012443,0.449678897857666,0.2392254471778869,21.86804096356033
000000010092__trial,0.0001101809102692,0.9890159964561462,0.0254425704479217,39.57893643985883,0.0082989539951086,0.0082607250660657,0.00825010612607,0.0059315268881618,0.4743413031101227,0.3287805616855621,22.268334965605064,0.0011236373102292,0.8554436564445496,0.1318155825138092,29.493738485398296,0.0014778285985812,0.8378288149833679,0.1272242218255996,28.303759333342622,0.0011633503017947,0.8497462272644043,0.1351643353700637,29.34289493156989,0.0092556625604629,0.4094417095184326,0.2628757357597351,20.335924871159744,0.0057911998592317,0.4765473902225494,0.1711959987878799,22.372314469361235,0.005592031404376,0.486883133649826,0.2054233103990554,22.52430398294399,0.0055495253764092,0.4870037734508514,0.204272449016571,22.55744158358524,0.0060259322635829,0.4662780463695526,0.2027780413627624,22.199757544611167,0.0148512423038482,0.3844223320484161,0.276121586561203,18.28237216168997,0.0117002772167325,0.4028413295745849,0.2010282576084137,19.3180384831615,0.0116771757602691,0.4058151543140411,0.2056415826082229,19.32662182912448,0.0120059894397854,0.3937651216983795,0.2225285172462463,19.206020429762223,0.0122533552348613,0.3879685401916504,0.22587451338768,19.117449757511597
000000010092__woman_with_hat_matisse,0.0001084812683984,0.9889143109321594,0.0304966177791357,39.64645245534228,0.0085434652864933,0.008448576554656,0.0084722228348255,0.0026537023950368,0.6158823370933533,0.180968090891838,25.7614778359684,0.0009880638681352,0.8710314631462097,0.1230683401226997,30.05214981847393,0.001107208081521,0.859656572341919,0.1212513521313667,29.55770752956675,0.0010796174174174,0.8612759709358215,0.1223584562540054,29.66730117606372,0.0103942435234785,0.4732348024845123,0.1991108804941177,19.832071124444656,0.0094086667522788,0.4706678390502929,0.1647585779428482,20.264719135707587,0.009977244772017,0.4483186900615692,0.1802013218402862,20.00989373092662,0.0098269050940871,0.4547418653964996,0.1782964766025543,20.07583238240567,0.0102815851569175,0.4412238895893097,0.1837734282016754,19.879399231003944,0.0074535333551466,0.4372234344482422,0.2825347483158111,21.276378006925512,0.0048609566874802,0.4927506446838379,0.2254006415605545,23.13278248596749,0.0050253327935934,0.4836218357086181,0.2336311638355255,22.98835172586978,0.0051272949203848,0.4754009246826172,0.2201719135046005,22.90111701359667,0.0054342076182365,0.4625730514526367,0.2504430413246155,22.64863773034066
000000506656__antimonocromatismo,0.0001044789314619,0.9929067492485046,0.012959036976099,39.80971277709144,0.015154717490077,0.0152229284867644,0.0150961466133594,0.0048048663884401,0.5788058042526245,0.1263375878334045,23.183186844928247,0.0019457374000921,0.8425281047821045,0.0792705491185188,27.10915773207679,0.0028469702228903,0.8204236626625061,0.1207534968852996,25.45617075214136,0.0021864287555217,0.8302735686302185,0.1007286980748176,26.602646695141203,0.0056716329418122,0.5107185244560242,0.1677275449037552,22.46291883696599,0.0047318334691226,0.5219715237617493,0.1386570483446121,23.24970548218611,0.0048823193646967,0.5067240595817566,0.152186244726181,23.113738157035275,0.0051600439473986,0.5028822422027588,0.1574029177427292,22.873465995294836,0.0052455812692642,0.4948329925537109,0.1684311628341674,22.80206380102124,0.0122788632288575,0.4422031342983246,0.1930708289146423,19.108418381041844,0.0108774676918983,0.4186072051525116,0.1579219996929168,19.63472197968696,0.0116795552894473,0.3965897560119629,0.1760187447071075,19.32573693098272,0.0122662251815199,0.3815690577030182,0.1864793747663498,19.11289066862459,0.0130002051591873,0.3656015694141388,0.203649491071701,18.86049793939324
000000506656__impronte_d_artista,0.0001061922157532,0.9881284832954408,0.0214034263044595,39.73907317334695,0.0150908529758453,0.0153085142374038,0.0151075664907693,0.0057306853123009,0.5412933230400085,0.1559070646762848,22.417934391924945,0.0023239238653331,0.8270525932312012,0.0874622911214828,26.337781040817458,0.0029264420736581,0.8133131861686707,0.1258086115121841,25.336600679412648,0.0027054855599999,0.8090092539787292,0.1261612772941589,25.677547796870748,0.0110384449362754,0.4414826929569244,0.1754890978336334,19.570921044295908,0.009345187805593,0.4689805209636688,0.1316817849874496,20.29411966397172,0.0101366033777594,0.4392070770263672,0.151756078004837,19.941075461285365,0.0098902825266122,0.4509553015232086,0.153412327170372,20.047913021342502,0.0106080323457717,0.4251860082149505,0.1551836729049682,19.74365164696393,0.007380164694041,0.4832216203212738,0.1525247991085052,21.31933946454041,0.005362678784877,0.5222506523132324,0.1082571595907211,22.70618215741253,0.0056300940923392,0.5104995965957642,0.1222081184387207,22.494843469883925,0.0060826786793768,0.4979492723941803,0.1290066987276077,22.159051247600484,0.0063272812403738,0.4809829890727997,0.1428536176681518,21.987828612216013
000000506656__picasso_self_portrait,0.0001031671417877,0.9936286807060242,0.0109989987686276,39.86458601279798,0.0151457069441676,0.0153056606650352,0.0151013564318418,0.0052874940447509,0.5658009648323059,0.1358650028705597,22.767501087579447,0.002044208580628,0.8394955992698669,0.0795477107167244,26.89474793080283,0.002820553490892,0.8203569054603577,0.116405576467514,25.496656596049704,0.0023093086201697,0.8239704966545105,0.0963255167007446,26.365180233062148,0.0055134794674813,0.5458870530128479,0.1127621605992317,22.585742384245915,0.0045104357413947,0.5470734238624573,0.0875831097364425,23.457815000417757,0.0046934080310165,0.5390637516975403,0.0942830368876457,23.285116878680803,0.0049594887532293,0.5314247012138367,0.1051789298653602,23.04563090262826,0.0050786193460226,0.525240957736969,0.1027720719575882,22.942543373027554,0.0090181613340973,0.4705850183963775,0.229322612285614,20.448819994706223,0.0074860812164843,0.4501479864120483,0.1846070438623428,21.25745465535832,0.0077643715776503,0.4354518353939056,0.2146620899438858,21.09893688860485,0.0082789035513997,0.421811580657959,0.214935764670372,20.82027176875492,0.008570309728384,0.4064994752407074,0.25069060921669,20.67003482522846
000000506656__trial,0.0001017950780806,0.9898688793182372,0.0133834099397063,39.922732201731904,0.0149861667305231,0.0152519661933183,0.0149658722802996,0.0057517471723258,0.5448712110519409,0.1708013415336609,22.402002123464847,0.0022384345065802,0.8362994194030762,0.0873166844248771,26.50055607935398,0.0042471182532608,0.7840515971183777,0.1329585313796997,23.71905646703297,0.0026561738923192,0.8147469162940979,0.1298990249633789,25.757434963211274,0.0080123366788029,0.4561373293399811,0.2120137959718704,20.96240809918374,0.0065167727880179,0.4867803156375885,0.1595912277698516,21.859674207306877,0.0069089825265109,0.4623641669750213,0.1862466633319854,21.605859056877183,0.0069033713079988,0.4656368196010589,0.1869775652885437,21.609387668147644,0.0073358570225536,0.4388814866542816,0.2253563702106475,21.345491417493065,0.0128090484067797,0.4037050902843475,0.1939708888530731,18.924831330996,0.0103216776624321,0.4245056211948395,0.1452061235904693,19.86249707716451,0.0108424089848995,0.4080630242824554,0.157323732972145,19.64874214788775,0.0111611923202872,0.3987578153610229,0.160564512014389,19.5228940840365,0.011743395589292,0.3825981616973877,0.1716372370719909,19.302063091812528
000000506656__woman_with_hat_matisse,0.0001077970373444,0.9902893900871276,0.0196466483175754,39.67393174980899,0.0150978453457355,0.01529545430094,0.0151027403771877,0.0058061033487319,0.5428237915039062,0.1374403685331344,22.36115237986855,0.0022089693229645,0.8247427344322205,0.0794834345579147,26.55810315346187,0.0028494095895439,0.8133692145347595,0.1115372031927108,25.45245118435753,0.0025256725493818,0.8100683093070984,0.1082868725061416,25.97622955924331,0.0085577564314007,0.5289379954338074,0.1247795596718788,20.67640078450817,0.0079194987192749,0.5020471215248108,0.1035675331950187,21.01302307090128,0.0085103819146752,0.4825733602046966,0.1096260473132133,20.70050949937235,0.008499382995069,0.4827360212802887,0.1039406731724739,20.70612600351921,0.0092607354745268,0.4573872089385986,0.117618478834629,20.333545208942404,0.0068376436829566,0.4954592287540436,0.2087155878543853,21.650935345072,0.0055377376265823,0.4946261942386627,0.1680473387241363,22.56667624615506,0.0056353346444666,0.4860959351062774,0.1746816486120224,22.490802890358044,0.0061546601355075,0.4747461378574371,0.1789839565753936,22.10795924105353,0.006239432375878,0.4658531248569488,0.2001060992479324,22.04854917887581
000000516804__antimonocromatismo,0.0001013201763271,0.995100438594818,0.0224213916808366,39.9430406307972,0.0112339062616229,0.011005675420165,0.0111303189769387,0.0057216719724237,0.388845294713974,0.2709892392158508,22.42477044232585,0.0013650566106662,0.8738083243370056,0.088000364601612,28.64849337494913,0.0017999401316046,0.8507819771766663,0.1248434409499168,27.447419398667677,0.0015399744734168,0.862859308719635,0.0979198962450027,28.124864779597083,0.0079918252304196,0.3558973371982574,0.3225309252738952,20.973540220661427,0.0062746708281338,0.3403686583042145,0.3193699717521667,22.024090525202023,0.0062645920552313,0.3420815169811249,0.3239658176898956,22.031072046267894,0.0061999037861824,0.3571939170360565,0.2840198874473572,22.076150500911474,0.00635098060593,0.3509252369403839,0.2816180288791656,21.971592134694603,0.018021672964096,0.3767863810062408,0.3345023095607757,17.44204895634935,0.0176390688866376,0.1963446140289306,0.3173476457595825,17.53524343697851,0.0180990826338529,0.1840071678161621,0.3147430419921875,17.423434371281722,0.0193323791027069,0.1793891191482544,0.3397565484046936,17.13714697052742,0.0195220634341239,0.1728546470403671,0.3344051241874695,17.094742803838578
000000516804__impronte_d_artista,8.973682997748256e-05,0.9918231964111328,0.0251099094748497,40.47029276318472,0.0109793655574321,0.0109898075461387,0.0109374662861227,0.0055397041141986,0.4058489799499511,0.3344176411628723,22.565134311203927,0.0014864420518279,0.8644700646400452,0.0974002182483673,28.27852016874061,0.0018451455980539,0.846968412399292,0.1227509006857872,27.33969358536608,0.0015941340243443,0.8619257807731628,0.1150231063365936,27.974751687703037,0.0170389916747808,0.2929462492465973,0.3551099300384521,17.68556109277981,0.0157860610634088,0.2442967146635055,0.2777276635169983,18.017262215958876,0.0159741919487714,0.238270878791809,0.3190709352493286,17.96581101311372,0.0165100935846567,0.2296459227800369,0.3031534552574157,17.822504650058427,0.0166365895420312,0.2306193858385086,0.3118820190429687,17.789356981703826,0.0161654856055974,0.300640195608139,0.3072753250598907,17.91411244800416,0.0093009108677506,0.2889239490032196,0.254828929901123,20.31474517524906,0.0095685301348567,0.2829913198947906,0.2530021071434021,20.19154771037013,0.0105294911190867,0.261471539735794,0.2892502844333648,19.77592617372249,0.0106353238224983,0.2605242729187011,0.2792968451976776,19.732492822367472
000000516804__picasso_self_portrait,9.912337554851548e-05,0.995525598526001,0.0195935294032096,40.03823916911128,0.0109639335423707,0.0107880486175417,0.0108902640640735,0.0058851181529462,0.3969967067241668,0.2606025338172912,22.30244813592429,0.0014000158989802,0.8717964291572571,0.0898613110184669,28.538670323216465,0.0018762076506391,0.8437318801879883,0.1276019513607025,27.267190974409125,0.0015470227226614,0.8630799651145935,0.1011146456003189,28.105033073387524,0.0097024105489254,0.4462719857692718,0.2108066529035568,20.131203525340624,0.008109520189464,0.3536213338375091,0.2216064035892486,20.9100484063872,0.008097518235445,0.3523619472980499,0.228955864906311,20.916480652944163,0.0085081113502383,0.3393117487430572,0.2358295321464538,20.70166834886185,0.0087204920127987,0.3331738114356994,0.2639807760715484,20.59459011350057,0.0131203541532158,0.379665344953537,0.3724077045917511,18.8205444204027,0.0091731222346425,0.2848074734210968,0.3488650619983673,20.37482819347844,0.0093548251315951,0.2763682901859283,0.3643337190151214,20.28964326292576,0.0101754777133464,0.2581296265125274,0.4104476571083069,19.92445192579384,0.0103681152686476,0.2507265508174896,0.4102611243724823,19.84300183130567
000000516804__trial,9.875674732029438e-05,0.9922083020210266,0.0207232125103473,40.05433222548434,0.0110884010791778,0.0110303228721022,0.0110535351559519,0.0068081538192927,0.3421796858310699,0.3615406155586242,21.66970640626846,0.0014258489245548,0.8680277466773987,0.090195283293724,28.459264876033345,0.0017626518383622,0.8513698577880859,0.1145814359188079,27.5383346172802,0.0015798389213159,0.8597235679626465,0.1052553951740264,28.013871909884912,0.0109290229156613,0.3460644781589508,0.3417553007602691,19.614186634212714,0.0082966554909944,0.3054949045181274,0.2969238758087158,20.81096943109387,0.0084304148331284,0.3028973042964935,0.2991188168525696,20.741510546390785,0.0088155483826994,0.2919684946537018,0.3285515308380127,20.547506666689483,0.008865738287568,0.2907168567180633,0.3323141932487488,20.52285093016676,0.0187259372323751,0.3170388042926788,0.3902808129787445,17.275564366638722,0.0159333255141973,0.2290104180574417,0.300301730632782,17.976935712335965,0.0159539654850959,0.2355870455503463,0.3152765333652496,17.97131351839044,0.0171711202710866,0.2136558145284652,0.3057950735092163,17.652013698548128,0.0173014756292104,0.2092159837484359,0.3208807110786438,17.61916854657705
000000516804__woman_with_hat_matisse,0.0001018765251501,0.992009162902832,0.0296650733798742,39.91925876565247,0.0110435336828231,0.0109826885163784,0.0109819117933511,0.0051193237304687,0.4276747703552246,0.2244621515274047,22.907874061186885,0.0014386348193511,0.863258421421051,0.0888152867555618,28.420494326567653,0.0017906026914715,0.8421845436096191,0.1206098645925521,27.47000767050538,0.0015760492533445,0.8570923209190369,0.1012064516544342,28.02430214434341,0.0115356370806694,0.4498506486415863,0.2860000133514404,19.37958415622388,0.0129672475159168,0.3184787929058075,0.2592317461967468,18.87152199359949,0.0136377625167369,0.2993618547916412,0.2712690234184265,18.65256876478911,0.0138409240171313,0.2971069812774658,0.3030631840229034,18.58834915504563,0.0144398855045437,0.2779757678508758,0.2757586538791656,18.40436250321918,0.0106490328907966,0.3476593792438507,0.3725401163101196,19.72689831592547,0.0069017852656543,0.3198194205760956,0.3457580506801605,21.610385569819627,0.0068614673800766,0.3235715627670288,0.3489946126937866,21.635829969868222,0.007075501140207,0.3369117677211761,0.3101951479911804,21.50242794712667,0.0073885605670511,0.3229955434799194,0.3333237469196319,21.314401622380824
000000355677__antimonocromatismo,0.0001160729516413,0.9928452968597412,0.0230707451701164,39.3526897166081,0.012512881308794,0.0124717447906732,0.0124281654134392,0.006371980998665,0.4421498477458954,0.2774243354797363,21.957255279410887,0.0032179721165448,0.6777936816215515,0.2493331134319305,24.92417723345496,0.0036763891112059,0.6626743674278259,0.2615722417831421,24.345785288674477,0.0032970311585813,0.6658034920692444,0.2526713609695434,24.818769485389783,0.0071360780857503,0.4353687763214111,0.3305248022079468,21.46540406386285,0.0050586382858455,0.429407000541687,0.3057672083377838,22.95966373383981,0.0052703120745718,0.4269541501998901,0.3114563226699829,22.781636678516403,0.0053780027665197,0.4229769706726074,0.3007111549377441,22.69378978705509,0.0056403633207082,0.4112504720687866,0.3322643041610718,22.486929202902854,0.0153647735714912,0.4370746314525604,0.320209264755249,18.134738354971887,0.014652376063168,0.3621386587619781,0.2940922081470489,18.34091943402058,0.0156112173572182,0.3416618406772613,0.3031795918941498,18.065632294867,0.0158448331058025,0.3338746130466461,0.3133644163608551,18.001123308890005,0.0175174307078123,0.2993144094944,0.3283756375312805,17.56529591732162
000000355677__impronte_d_artista,0.0001197385208797,0.9781160354614258,0.0553590431809425,39.21766110961706,0.0123288007453084,0.0124306753277778,0.0122708650305867,0.0056110606528818,0.4747092723846435,0.2720286548137665,22.509550367555452,0.0029337510932236,0.6997227668762207,0.2183798551559448,25.32576735559204,0.0032923573162406,0.6787640452384949,0.2055369317531585,24.82493037356936,0.0029451504815369,0.6913474202156067,0.19090037047863,25.30892510170085,0.0154913095757365,0.3674241006374359,0.3288463056087494,18.099118671035622,0.0128044262528419,0.4101139605045318,0.2776529490947723,18.926398768446923,0.0135181741788983,0.3783341348171234,0.2697457075119018,18.69081962061258,0.0131999077275395,0.3991703689098358,0.2716087698936462,18.794291046699435,0.0147078288719058,0.355109304189682,0.3009073436260223,18.324514318640517,0.0128988558426499,0.3866369724273681,0.3201704919338226,18.89448810883777,0.0083747869357466,0.3954983055591583,0.2641881704330444,20.77026233103842,0.0086157321929931,0.3795008659362793,0.256802350282669,20.64707808887522,0.0091483453288674,0.3733358383178711,0.2780704498291015,20.386574501441107,0.009799781255424,0.3490530550479889,0.2742305994033813,20.087836182485816
000000355677__picasso_self_portrait,0.0001131294775404,0.9936738014221193,0.0228979513049125,39.46424218547865,0.0121402200311422,0.01200532913208,0.0120416274294257,0.0060745198279619,0.508034884929657,0.2414117753505706,22.1648804601086,0.0025341201107949,0.7352280616760254,0.1960983574390411,25.96172804519974,0.0026601946447044,0.7240816950798035,0.2062267810106277,25.75086585162772,0.0026635837275534,0.716975212097168,0.2097758054733276,25.745336469764126,0.0088070416823029,0.5014948844909668,0.2165579795837402,20.55169948206423,0.0064375144429504,0.4656345546245575,0.2093502432107925,21.91281783583893,0.0065841884352266,0.4594236314296722,0.2076959013938903,21.814977483899423,0.0066407979466021,0.4603615701198578,0.201277881860733,21.777797334354062,0.0069609642960131,0.4493955671787262,0.2071690410375595,21.573305938048275,0.0121760377660393,0.4140193462371826,0.3674669563770294,19.144940135336647,0.0074206963181495,0.3961366713047027,0.281532347202301,21.29555340955281,0.0066593289375305,0.4115797281265259,0.2659187614917755,21.76569532603152,0.0068823150359094,0.4067235291004181,0.2465123534202575,21.6226545156025,0.0072007928974926,0.3938380181789398,0.2493416965007782,21.426196796733983
000000355677__trial,0.0001238736585946,0.9849610328674316,0.0472865030169487,39.070210353771806,0.0123957395553588,0.0124125815927982,0.0123470928519964,0.0087762894108891,0.3802303969860077,0.377548336982727,20.56689063705937,0.0031296063680201,0.6808406710624695,0.2446862757205963,25.045102832034555,0.0031674734782427,0.6711933016777039,0.2442401945590973,24.992870128457977,0.0031842740718275,0.6679427027702332,0.244138017296791,24.969895594143296,0.0095820287242531,0.4121347367763519,0.3592823147773742,20.18542531582032,0.0064508114010095,0.4219838380813598,0.2170853912830352,21.903856551603877,0.0061617498286068,0.4252724349498749,0.2167145311832428,22.102959383237103,0.0059340223670005,0.4391414225101471,0.2367062419652938,22.266508210379463,0.0062995017506182,0.4169988334178924,0.2388323247432708,22.0069379904075,0.016976187005639,0.3700260818004608,0.3408164381980896,17.701598493316478,0.0140642458572983,0.3470154106616974,0.2609495222568512,18.518835502954204,0.0139533681795001,0.3471509218215942,0.2674929499626159,18.553209461389454,0.0143737448379397,0.3416803181171417,0.275474488735199,18.424300689866,0.0147054111585021,0.329764187335968,0.2859375178813934,18.32522828255019
000000355677__woman_with_hat_matisse,0.0001153144767158,0.9853865504264832,0.0305446162819862,39.381161674394576,0.0124293584376573,0.0124840959906578,0.0123409982770681,0.0041478495113551,0.5135111212730408,0.1785037070512771,23.82177008689368,0.0027443300932645,0.7060756683349609,0.2044723331928253,25.61563652053731,0.0028985838871449,0.7062397003173828,0.1969113200902938,25.37814126310302,0.0028322236612439,0.6990149021148682,0.1787754744291305,25.478724533097516,0.0107555901631712,0.4965425729751587,0.2417022287845611,19.683657547254427,0.0104580717161297,0.4556500017642975,0.2206379026174545,19.805483843257708,0.0110836895182728,0.4276314675807953,0.2330452352762222,19.553156483886703,0.0109506072476506,0.4382511675357818,0.2310400605201721,19.605617970803483,0.0115577830001711,0.4142651557922363,0.2428245544433593,19.371254637641613,0.0088363448157906,0.415560245513916,0.3796820342540741,20.537273452368545,0.0058227106928825,0.4164516031742096,0.3242191076278686,22.34874787705133,0.0060701840557157,0.3977136313915252,0.3456559777259826,22.16798140362985,0.0065147276036441,0.4000495672225952,0.3239632844924927,21.86103738463663,0.0064808740280568,0.3885171711444855,0.2962836027145386,21.883664200607328
000000540502__antimonocromatismo,0.0001135333732236,0.9944239258766174,0.0153755694627761,39.44876458502411,0.0134813887998461,0.0135730784386396,0.0133676882833242,0.0095444442704319,0.4264383018016815,0.2331401407718658,20.202493535260547,0.0026183351874351,0.7785148620605469,0.1344524174928665,25.81974757809908,0.002750527113676,0.7706896662712097,0.1786708235740661,25.605840695791983,0.0029559119138866,0.7579996585845947,0.1526843011379242,25.29308512050876,0.0078681297600269,0.4912607669830322,0.2681565582752228,21.041284863735736,0.0071039646863937,0.4186344146728515,0.2567059397697449,21.48499206089598,0.0072313831187784,0.414785623550415,0.2689284086227417,21.40778628928887,0.0074857156723737,0.4023827612400055,0.2788557708263397,21.25766672581493,0.0075319916941225,0.4013148248195648,0.274291455745697,21.230901675718272,0.0144145870581269,0.4582758843898773,0.3006259202957153,18.411977945484477,0.0157030876725912,0.3223911225795746,0.2822640538215637,18.040149445764776,0.0162693429738283,0.3080208301544189,0.291315346956253,17.886299853915023,0.0171637870371341,0.2937358617782593,0.3185784816741943,17.653868826951374,0.017269916832447,0.2951532304286957,0.3266040086746216,17.627097538799234
000000540502__impronte_d_artista,0.0001079099893104,0.9919893741607666,0.0211702305823564,39.66938350483068,0.0135687347501516,0.0138084627687931,0.0135802831500768,0.0084453430026769,0.4387223422527313,0.2383422553539276,20.733827071178634,0.0025518795009702,0.7823960781097412,0.1346701979637146,25.931398367295703,0.0026208839844912,0.7793044447898865,0.1737004071474075,25.815522030176965,0.0028373170644044,0.764245331287384,0.1590649038553238,25.470921299682715,0.0120534338057041,0.4732028543949127,0.2624942064285278,19.188892128045264,0.0127253932878375,0.3989659249782562,0.2299616336822509,18.953287865866294,0.0134393172338604,0.3813324868679046,0.2366132587194442,18.71622794459193,0.0133175728842616,0.3861631453037262,0.2602077424526214,18.75574917734721,0.0138584030792117,0.3740549087524414,0.2703864276409149,18.58286811127043,0.0101227136328816,0.4530473947525024,0.2328492552042007,19.94703048977665,0.0091493297368288,0.392458438873291,0.2343603372573852,20.38610720388069,0.009456967934966,0.3903876841068268,0.2484400421380996,20.24248083491036,0.0099602025002241,0.3766756951808929,0.2694261074066162,20.017318318739004,0.0100299417972564,0.3777562081813812,0.2759667038917541,19.98701587139471
000000540502__picasso_self_portrait,0.000109811873699,0.994752824306488,0.0144186038523912,39.59350698108266,0.0136204957962036,0.0137700214982032,0.0135166300460696,0.008589282631874,0.4452035427093506,0.2226206660270691,20.66043106486376,0.0025862522888928,0.7830365300178528,0.1427518427371978,25.87329111965416,0.0029940381646156,0.7572882175445557,0.1908034086227417,25.237426680623276,0.002955115167424,0.7623500823974609,0.154480904340744,25.29425589029043,0.0077349729835987,0.5273467898368835,0.1719387918710708,21.115411988481934,0.0075835604220628,0.4382688999176025,0.1956005245447158,21.201268486400924,0.0078831883147358,0.4282820224761963,0.2004148215055465,21.032980988241743,0.007862894795835,0.4314765632152557,0.2041512131690979,21.04417535079506,0.0080952271819114,0.4230553805828094,0.2044155895709991,20.91770958835735,0.0121031813323497,0.4385505616664886,0.3233799636363983,19.17100459973908,0.0103442119434475,0.3589464724063873,0.2676464915275574,19.853025897395348,0.0103709157556295,0.3602087795734405,0.2739113569259643,19.84182893557217,0.0108566796407103,0.3440493643283844,0.3244592249393463,19.64302977160112,0.0110952360555529,0.3311774134635925,0.3318079113960266,19.548634535461225
000000540502__trial,0.0001106928102672,0.9919700026512146,0.0185581669211387,39.55880586552895,0.0135444859042763,0.0137273762375116,0.0135271120816469,0.0094715468585491,0.4120922088623047,0.2797567844390869,20.235790878106805,0.002665450097993,0.7828176021575928,0.1331929266452789,25.742294438346235,0.0028385508339852,0.7758998870849609,0.1796834468841552,25.46903323837164,0.0029389678966253,0.7655608057975769,0.1642345786094665,25.318051578520517,0.0103211970999836,0.435155302286148,0.2998616695404053,19.862699283128585,0.0086986571550369,0.4127272069454193,0.2200184613466262,20.60547785906651,0.008769049309194,0.4084494411945343,0.2367358356714248,20.570474878370657,0.0089395409449934,0.3939473628997803,0.2599153816699981,20.486847821185044,0.0090494323521852,0.3853245973587036,0.2761277556419372,20.43378662125784,0.0164798144251108,0.3913693428039551,0.3121644854545593,17.830476830881825,0.0145680075511336,0.3402122259140014,0.2597474455833435,18.36599842102289,0.0149807790294289,0.3272141218185425,0.2641302347183227,18.24465601897886,0.0157869216054677,0.3179322779178619,0.2888227701187134,18.01702547642009,0.0159888248890638,0.3081882894039154,0.3037494719028473,17.961834538865865
000000540502__woman_with_hat_matisse,0.0001143323970609,0.9925999641418456,0.0214290563017129,39.41830691116553,0.0135932266712188,0.0137522527948021,0.013540793210268,0.0087012620642781,0.4325358867645263,0.222509354352951,20.60417751082523,0.002578035229817,0.7779924273490906,0.1276364624500274,25.887111521453026,0.0027999326121062,0.7677553296089172,0.166594997048378,25.52852420994425,0.0029010649304836,0.7571430206298828,0.1440982520580291,25.37442550881856,0.0094747114926576,0.5511959791183472,0.1944872736930847,20.23434005534498,0.0116362841799855,0.4097782075405121,0.228972315788269,19.341856810058893,0.0121375881135463,0.3955150842666626,0.2340756356716156,19.158676042857454,0.0121056856587529,0.3980830013751983,0.2427944839000702,19.17010607347426,0.0124794105067849,0.3855204880237579,0.2483379244804382,19.038059290523957,0.009552420116961,0.4733915328979492,0.3049458563327789,20.19886585454062,0.0081796227023005,0.4090960025787353,0.293121874332428,20.872667283687694,0.0084004523232579,0.398368626832962,0.2974260747432709,20.75697328675481,0.0089646829292178,0.3866082727909088,0.3258246779441833,20.474650663389685,0.0089698377996683,0.381493479013443,0.3194267451763153,20.47215410171729
000000530457__antimonocromatismo,0.0001217041281051,0.994448184967041,0.0135551132261753,39.14694690603949,0.0155112482607364,0.0154267996549606,0.0153999235481023,0.0061972015537321,0.5743407607078552,0.1304485350847244,22.07804378910798,0.0018339686794206,0.8038153648376465,0.0818220525979995,27.36608085498567,0.0020193762611597,0.7979008555412292,0.1010385751724243,26.947827534085384,0.0019867422524839,0.7970145344734192,0.0906669721007347,27.018584718860147,0.0070425481535494,0.5686265826225281,0.1441757977008819,21.522701748357203,0.005884847138077,0.5188836455345154,0.1550624072551727,22.30264813695968,0.006047751288861,0.5079386830329895,0.1688385903835296,22.18406077311119,0.0060131284408271,0.5086880326271057,0.1737538874149322,22.2089951949614,0.0061903581954538,0.4968443810939789,0.1892356276512146,22.082842204777343,0.0138316415250301,0.5091889500617981,0.1704862713813781,18.591262752083043,0.01272813975811,0.4574785232543945,0.1605136692523956,18.952350646748968,0.0132902413606643,0.4330757558345794,0.1724305748939514,18.76467131874961,0.0136507051065564,0.4325593411922455,0.1769564300775528,18.64844915218265,0.0142731331288814,0.4134201109409332,0.1968082040548324,18.454806834215766
000000530457__impronte_d_artista,0.0001254973467439,0.9905233383178712,0.0220769420266151,39.01365455909207,0.0161150563508272,0.0163548439741134,0.01614292524755,0.0063309171237051,0.5453391075134277,0.1293540298938751,21.98533371670934,0.0020814940799027,0.7835776805877686,0.0926138311624527,26.81624819977404,0.0029425995890051,0.7530112266540527,0.1285394728183746,25.312688300228523,0.0022756843827664,0.7727295756340027,0.1173289492726326,26.428879708919588,0.0113555565476417,0.5487894415855408,0.147637203335762,19.44791575698186,0.0112320771440863,0.5070077776908875,0.142829030752182,19.49539922385213,0.0116844847798347,0.4920779466629028,0.1513217240571975,19.32390432797461,0.0113903759047389,0.5025770664215088,0.1503817290067672,19.434619431149333,0.0118265338242053,0.4849208295345306,0.1523333638906479,19.27142521779132,0.0078213233500719,0.5374906659126282,0.1470144838094711,21.06719759087192,0.0051420596428215,0.564988374710083,0.1063696220517158,22.88862890276188,0.0053097452037036,0.5554868578910828,0.1163705736398696,22.749263187077005,0.005602431949228,0.5473853945732117,0.1125807613134384,22.51623409983305,0.0056605781428515,0.5443422794342041,0.1191509291529655,22.47139209902272
000000530457__picasso_self_portrait,0.0001170310133602,0.9950480461120604,0.0116961207240819,39.31699034438272,0.0156700685620307,0.0156043181195855,0.0155622791498899,0.0060607423074543,0.5648624897003174,0.1270002722740173,22.17474181066673,0.0018633013824,0.8030126094818115,0.081102430820465,27.297168938276755,0.0020408029668033,0.7978069186210632,0.1119543984532356,26.90198923045184,0.0020511250477284,0.7938864231109619,0.0939656868577003,26.880078618730032,0.0060169878415763,0.5838449001312256,0.1140426695346832,22.20620866078835,0.004335387609899,0.5989317893981934,0.0849698483943939,23.62972067895984,0.0045127323828637,0.5889249444007874,0.0839975699782371,23.455604205440423,0.0046107377856969,0.5849432349205017,0.0817511826753616,23.36229575560459,0.0047264220193028,0.5796530842781067,0.0834637656807899,23.254675030862717,0.0101540405303239,0.5275453329086304,0.1898780465126037,19.93361107421376,0.0089414762333035,0.4637810885906219,0.1653767973184585,20.4859077348031,0.0087180668488144,0.457732230424881,0.1866631060838699,20.59579805201341,0.0091339983046054,0.4479415714740753,0.1796026676893234,20.39339073339983,0.0091261817142367,0.4391883611679077,0.202697068452835,20.397108881050396
000000530457__trial,0.0001154526471509,0.9905409812927246,0.0135492403060197,39.375961049306525,0.0154087878763675,0.0155197270214557,0.0154586154967546,0.0051703071221709,0.6077145934104919,0.1182190179824829,22.864836585496707,0.0016748179914429,0.8193790912628174,0.0727579370141029,27.760323824222933,0.0018242029473185,0.8164054751396179,0.0913286060094833,27.389268469300028,0.0018703116802498,0.8086808323860168,0.0894219353795051,27.28086013926969,0.0096086161211133,0.4853223264217376,0.1666336059570312,20.173391569976644,0.0081440797075629,0.4949854910373688,0.1467481702566146,20.89157984468841,0.0080955130979418,0.4799853861331939,0.1672744303941726,20.917556202221625,0.0079971030354499,0.4873315393924713,0.1536677330732345,20.97067308454527,0.0080330250784754,0.4727283716201782,0.1787440925836563,20.951208772011025,0.0147838862612843,0.4358116686344147,0.1787400543689727,18.30211387323008,0.0121146412566304,0.4433391988277435,0.1725964695215225,19.16689441829621,0.0125914216041564,0.4234559535980224,0.1717704236507415,18.99925234150552,0.0128226056694984,0.4239548146724701,0.1795770227909088,18.92023713280654,0.0131563069298863,0.41070556640625,0.189229130744934,18.80866003203896
000000530457__woman_with_hat_matisse,0.0001267867628484,0.9920411109924316,0.022825313732028,38.96926086532725,0.0162813402712345,0.0163936745375394,0.0162677746266126,0.0062109953723847,0.554571807384491,0.1243745684623718,22.068387943333416,0.0019784418400377,0.7932958602905273,0.0841133967041969,27.036767121009863,0.0023845601826906,0.7812111973762512,0.1063970550894737,26.225917121562578,0.0020996013190597,0.7881741523742676,0.0959871113300323,26.77863163061364,0.0092817572876811,0.6027560830116272,0.1191062405705452,20.32369792305586,0.0095710894092917,0.5298179984092712,0.1352511346340179,20.19038626745965,0.0103251608088612,0.50376296043396,0.136959359049797,19.86103175714444,0.0100238099694252,0.5129051804542542,0.1370822042226791,19.989671752553583,0.0104875564575195,0.4949179589748382,0.1357031464576721,19.79325688225394,0.0083112865686416,0.5518658757209778,0.1802210658788681,20.80331743193888,0.0066218269057571,0.4928572475910187,0.1941838860511779,21.790221758728386,0.0067224707454442,0.4825193881988525,0.2072759270668029,21.724710790443797,0.0068692439235746,0.4805586338043213,0.2196239084005355,21.63091061759885,0.0070460815913975,0.4711855351924896,0.2239016443490982,21.52052332132841
000000369675__antimonocromatismo,0.0001067051198333,0.9945243000984192,0.0138335404917597,39.71814742131031,0.0153593458235263,0.0146120823919773,0.0151498802006244,0.0060400585643947,0.5224854350090027,0.1344939470291137,22.18958850440101,0.0018231151625514,0.8537197113037109,0.0840952098369598,27.39185896961641,0.002247309545055,0.8455007076263428,0.1100262627005577,26.483371036154036,0.0019221993861719,0.8491509556770325,0.0939899235963821,27.16201565770969,0.0070426533930003,0.5177907943725586,0.1763765811920166,21.52263685058109,0.0059989150613546,0.4926110506057739,0.1812933981418609,22.21927287195089,0.0062411059625446,0.4841698110103607,0.1891037225723266,22.047384438319067,0.0064282701350748,0.4805029630661011,0.196849912405014,21.91905881176379,0.0066066444851458,0.4701562225818634,0.2103322446346283,21.800190626927492,0.0140609852969646,0.4605996906757355,0.245257943868637,18.519842458850448,0.0144722620025277,0.3741378784179687,0.220463365316391,18.394635837089083,0.0151287587359547,0.3552606105804443,0.223095566034317,18.201967029245623,0.0155881280079483,0.3511934280395508,0.2384801656007766,18.0720603648742,0.0158413723111152,0.3473397195339203,0.2329801172018051,18.002071989252254
000000369675__impronte_d_artista,0.0001048283083946,0.9911333918571472,0.0161907710134983,39.79521422319437,0.0149563699960708,0.0146505385637283,0.0146824121475219,0.0061930827796459,0.5175048112869263,0.1601778268814087,22.080931149681184,0.0019838125444948,0.8463038802146912,0.0986795052886009,27.024993678359337,0.0029531437903642,0.8334973454475403,0.1186557188630104,25.29715406458076,0.0020786321256309,0.8433917164802551,0.1142518669366836,26.822223648990597,0.012386068701744,0.4597620964050293,0.2085717171430587,19.070665154207795,0.0128410160541534,0.4120324552059173,0.1919194757938385,18.91400611060473,0.0132934302091598,0.4026013910770416,0.1877988576889038,18.763629401489823,0.0132090114057064,0.3994716107845306,0.2005403339862823,18.791296848164045,0.0135056311264634,0.3954588174819946,0.2073776125907898,18.6948511615361,0.0094778332859277,0.4645791947841644,0.1991599202156067,20.23290934762847,0.0081943431869149,0.4380352795124054,0.1781681478023529,20.864858513345105,0.0082631139084696,0.4394184648990631,0.1760364919900894,20.8285626037694,0.0087259802967309,0.4300297796726227,0.1828982234001159,20.591857719853053,0.0087512293830513,0.4341351687908172,0.1868134588003158,20.579309324895547
000000369675__picasso_self_portrait,0.0001041759751387,0.9947919845581056,0.0114639140665531,39.82232425639945,0.015145911835134,0.0143479667603969,0.0149481100961565,0.0059363674372434,0.5272841453552246,0.1343231052160263,22.26479225817199,0.0018532295944169,0.8503735661506653,0.0819476768374443,27.32070773119574,0.0024802784901112,0.8372262120246887,0.1129917502403259,26.054995530736782,0.0019736236426979,0.8453874588012695,0.0875843316316604,27.04735660928258,0.0071440911851823,0.5496434569358826,0.1313405185937881,21.460530108708,0.0066829533316195,0.4871003925800323,0.1385866105556488,21.750315716296956,0.0067133572883903,0.4926804602146148,0.1411034911870956,21.73060238820256,0.0067710266448557,0.4926362931728363,0.1416928619146347,21.693454771948883,0.0070572611875832,0.482587605714798,0.1473551392555236,21.513638091313965,0.011093471199274,0.4665301144123077,0.2673472166061401,19.54932539801224,0.0091212447732687,0.4380474090576172,0.1834021210670471,20.399458896022296,0.009208126924932,0.4339456856250763,0.1887656152248382,20.35828703016658,0.0096373334527015,0.426375538110733,0.2020106464624405,20.16043114123624,0.0098130358383059,0.4165198504924774,0.2081530392169952,20.081966150603705
000000369675__trial,0.0001053194282576,0.9917388558387756,0.0124031463637948,39.77491507192481,0.0148244779556989,0.0144162997603416,0.0146653586998581,0.0067530907690525,0.4966348111629486,0.2174223512411117,21.704974128396127,0.0020291183609515,0.8451382517814636,0.0956711769104003,26.92692619300373,0.0026573862414807,0.834611713886261,0.1185268461704254,25.75545317869445,0.0021288867574185,0.8413872122764587,0.1095950827002525,26.71847439518124,0.0096481470391154,0.464609146118164,0.2466098219156265,20.155560864446112,0.0080615123733878,0.4569727182388305,0.1696422696113586,20.935834750928755,0.0083337454125285,0.4540879726409912,0.1751575469970703,20.791597709321184,0.0082517266273498,0.4527168571949005,0.1916407644748687,20.83455168265544,0.0084884269163012,0.446245402097702,0.1924909353256225,20.71172786183606,0.0153362182900309,0.4048261642456054,0.2627148926258087,18.14281718499764,0.0133743314072489,0.3815658986568451,0.1773141175508499,18.73727919467489,0.0137973194941878,0.3689930438995361,0.1902077198028564,18.60205278958004,0.0141998706385493,0.3665639460086822,0.2026311606168747,18.477156120408942,0.0147569142282009,0.3532162010669708,0.2114330530166626,18.310044469689768
000000369675__woman_with_hat_matisse,0.0001080404108506,0.9922688603401184,0.0176671855151653,39.66413772968144,0.0150202084332704,0.0146395377814769,0.0147865507751703,0.0059234905056655,0.5361102223396301,0.1298743635416031,22.274223033064278,0.0019278754480183,0.8499181866645813,0.0974687188863754,27.149210274796904,0.0023132206406444,0.8465479016304016,0.114664077758789,26.35782941183424,0.0020365696400403,0.8445615172386169,0.1064741909503936,26.911007347220245,0.0090996073558926,0.5440372824668884,0.1498805582523346,20.409773468929853,0.0110419727861881,0.4359511435031891,0.1494248807430267,19.56953327547528,0.0115499617531895,0.4206684529781341,0.1548978984355926,19.37419453902246,0.0113889994099736,0.4289077818393707,0.1656345576047897,19.43514429548244,0.0117609426379203,0.415704607963562,0.1739469766616821,19.295578682223937,0.0081040831282734,0.4992324113845825,0.216146171092987,20.9129611281494,0.0069556292146444,0.4677624702453613,0.2143638283014297,21.57663577089948,0.0069669126532971,0.4682619571685791,0.2130121141672134,21.56959634338237,0.0076890531927347,0.4499538838863373,0.2329692244529724,21.14127134644116,0.007645555306226,0.4522105157375335,0.2326305210590362,21.16590965755729
000000454798__antimonocromatismo,0.0001042430885718,0.9936339259147644,0.0128695620223879,39.819527295879965,0.0103255901485681,0.0103840548545122,0.010272778570652,0.00395313417539,0.5628660917282104,0.0952425599098205,24.03058444791216,0.0010051227873191,0.8377603888511658,0.0879576802253723,29.97780880932222,0.0011517599923536,0.8256905674934387,0.1238755285739898,29.38638011239196,0.0011103462893515,0.8266770243644714,0.1139145493507385,29.545415544562204,0.0054901577532291,0.4950298070907593,0.1526301056146621,22.604151764292133,0.0038062669336795,0.531532347202301,0.1209290400147438,24.195007578884702,0.0038860358763486,0.5206631422042847,0.1290280371904373,24.10493194259059,0.0039497944526374,0.5184499621391296,0.1320459097623825,24.03425504476843,0.0040378286503255,0.5090446472167969,0.1434181481599807,23.938521147626226,0.012915720231831,0.4446865618228912,0.1570600867271423,18.888813708310835,0.0106934159994125,0.445069819688797,0.1241810396313667,19.7088353775561,0.0114358095452189,0.4211976826190948,0.1360499858856201,19.417330861007947,0.0117787914350628,0.4109781980514526,0.1337035149335861,19.288992681235893,0.0122355772182345,0.4007871150970459,0.1540866941213607,19.123755378135414
000000454798__impronte_d_artista,0.0001134503472712,0.9846024513244628,0.0266039073467254,39.45194170402485,0.0102550461888313,0.0104293636977672,0.0102400351315736,0.0040969927795231,0.5240793824195862,0.1357399225234985,23.875348014400775,0.0012821761192753,0.8117425441741943,0.0913857296109199,28.92052316177528,0.0015456761466339,0.7945019602775574,0.1279411911964416,28.1088149519338,0.0014392370358109,0.7944497466087341,0.1459042280912399,28.41867673841649,0.0117312436923384,0.4484881162643432,0.1445342600345611,19.306559435462106,0.0095868976786732,0.4881775677204132,0.1163440197706222,20.18321907845646,0.0103233559057116,0.4575211107730865,0.1236824169754982,19.861790997617813,0.0100647853687405,0.4742085933685303,0.1279947012662887,19.97195481993955,0.0108236484229564,0.441208004951477,0.1338755190372467,19.656263230669165,0.0072091589681804,0.4826468527317047,0.153005450963974,21.421153978025067,0.0049462113529443,0.5288245677947998,0.1156509295105934,23.057273300579496,0.0050799357704818,0.5204872488975525,0.1173283457756042,22.94141778799085,0.0055129206739366,0.499713271856308,0.1328229457139969,22.58618256590105,0.0055310651659965,0.4978741705417633,0.129897803068161,22.57191224722664
000000454798__picasso_self_portrait,0.0001042019939632,0.994364321231842,0.0106066558510065,39.82123970490082,0.0102220987901091,0.0102602569386363,0.0101407170295715,0.0036264464724808,0.5727131962776184,0.0953719019889831,24.405187284814964,0.0010356559650972,0.8340082168579102,0.0854318067431449,29.847844890635532,0.0013279350241646,0.8111505508422852,0.1272522360086441,28.76823174468846,0.0011566036846488,0.8193778395652771,0.1066361665725708,29.36815428477069,0.0051346994005143,0.5535709857940674,0.1021977812051773,22.894849761210637,0.0040471353568136,0.5638585686683655,0.0868714302778244,23.928522703467028,0.0042564310133457,0.5538917183876038,0.0989105403423309,23.709544010983628,0.0043718735687434,0.5465438365936279,0.0968051925301551,23.59332406006644,0.0045983912423253,0.5346230268478394,0.1042908281087875,23.373940806625644,0.0085938749834895,0.4530700147151947,0.2236455380916595,20.65810968359302,0.0059648104943335,0.4699114263057709,0.1394138485193252,22.24403349574966,0.0061876433901488,0.4529492855072021,0.1561717391014099,22.08474723762801,0.0066172908991575,0.4390539228916168,0.1715880334377288,21.7931977315118,0.0068286713212728,0.4232329130172729,0.1715678870677948,21.656637903117225
000000454798__trial,0.0001095776315196,0.9874480366706848,0.0212807804346084,39.602780909159705,0.0100719090551137,0.0102287521585822,0.0100424401462078,0.005468254443258,0.4855101406574249,0.1588637232780456,22.621512854846152,0.0012255074689164,0.8126932978630066,0.0925303846597671,29.116840375744275,0.0013594505144283,0.8067739605903625,0.1250133663415908,28.666365966104017,0.001372905797325,0.7982918620109558,0.1336753964424133,28.62359261092056,0.0083900028839707,0.4315978586673736,0.2076593339443206,20.76237889887347,0.0054437355138361,0.4884784519672394,0.125701904296875,22.641029833349474,0.0058091818355023,0.4712366163730621,0.145768791437149,22.358850292873534,0.005753647070378,0.474418967962265,0.1464925706386566,22.40056781320941,0.0058218562044203,0.4640781581401825,0.1474153250455856,22.349385255200172,0.0138198090717196,0.3906510770320892,0.1893562525510788,18.59497956938042,0.0104483626782894,0.4281894266605377,0.139083132147789,19.80951760796597,0.0108971446752548,0.4062972962856293,0.1537900865077972,19.626872831813024,0.011273200623691,0.4022408723831177,0.1595351099967956,19.479527640012183,0.0115401083603501,0.3868347108364105,0.1679964363574981,19.37790113183652
000000454798__woman_with_hat_matisse,0.0001131663520936,0.9887133240699768,0.0194998458027839,39.46282683326999,0.0102705545723438,0.0104344440624117,0.0102313980460166,0.0032887866254895,0.5792891383171082,0.0919202491641044,24.82964302369728,0.0010850258404389,0.8162753582000732,0.0707801431417465,29.645599187496536,0.0011406479170545,0.8179923892021179,0.1021504700183868,29.428483882521487,0.0011956145754083,0.8057701587677002,0.1107764020562172,29.224087992359227,0.0092143435031175,0.513899028301239,0.1224012523889541,20.355356016418632,0.0085156941786408,0.4977760314941406,0.1067331209778785,20.69779943630333,0.0090848775580525,0.4753629267215729,0.115174613893032,20.41680921544772,0.0088902357965707,0.4841203987598419,0.1134814098477363,20.510867200431186,0.0097579173743724,0.4484123289585113,0.1309261918067932,20.106428636172776,0.0062702852301299,0.4844429194927215,0.1844226270914077,22.02712703020319,0.0042267483659088,0.509168803691864,0.1385661214590072,23.739936065713117,0.0042625730857253,0.4991880655288696,0.1405996084213256,23.703281615583684,0.0044645313173532,0.4947760105133056,0.1433947533369064,23.50224126242609,0.0045039528049528,0.4856253862380981,0.1528662294149398,23.464061689240133
000000295478__antimonocromatismo,0.0001069325298885,0.9936041235923768,0.0130666047334671,39.70890158196063,0.0108025958761572,0.0106652462854981,0.0106904199346899,0.004318572115153,0.5347382426261902,0.1214874535799026,23.64659823790784,0.0012486258056014,0.8138113617897034,0.078893058001995,29.035676936602854,0.0015967739745974,0.7912545204162598,0.1131061986088752,27.96756554451509,0.0012486587511375,0.8117937445640564,0.0901670753955841,29.035562347622733,0.0058708027936518,0.4657859802246094,0.1871484816074371,22.313025077789128,0.0037562760990113,0.5298728346824646,0.1066283583641052,24.252424931178204,0.0038706168998032,0.5193213820457458,0.1220937371253967,24.122198115110507,0.0038079407531768,0.5240074396133423,0.1211737543344497,24.193098173171197,0.0038671044167131,0.516457200050354,0.1221986263990402,24.12614101268,0.0132628632709383,0.4268003404140472,0.1864049434661865,18.773627075653742,0.0110772149637341,0.4254728853702545,0.1351547241210937,19.555694163150868,0.0115499012172222,0.4143270254135132,0.1397164165973663,19.37421730144024,0.0119849191978573,0.4034590721130371,0.1592458337545395,19.213648896272367,0.012351787649095,0.3887114524841308,0.1542328894138336,19.08270183298736
000000295478__impronte_d_artista,0.000112348330731,0.9851894378662108,0.0282392241060733,39.494333759345245,0.0107057355344295,0.0107645764946937,0.0106004495173692,0.0040247901342809,0.5300278663635254,0.1333231031894683,23.952567602402013,0.0014158100821077,0.7971727252006531,0.085158884525299,28.48994999347057,0.0015841472195461,0.7908497452735901,0.1141766756772995,28.00204460583954,0.0015130786923691,0.7898263931274414,0.1113631501793861,28.20138484552508,0.0120222093537449,0.4243586361408233,0.1567645370960235,19.200157135338834,0.0101876566186547,0.4538809061050415,0.1222895607352256,19.919257016291773,0.0106371594592928,0.4387623369693756,0.1282684803009033,19.73174330297937,0.0106416633352637,0.4410053491592407,0.1316571533679962,19.729904847413096,0.0110847381874918,0.4245484173297882,0.1370332241058349,19.552745601110946,0.0080996453762054,0.4422425031661987,0.1819180101156234,20.91533995260682,0.0055074500851333,0.5154497623443604,0.1168976873159408,22.590494302370043,0.005614748224616,0.5066959261894226,0.1158870235085487,22.506697135096463,0.0059021227061748,0.4990948140621185,0.1296799480915069,22.289917656831165,0.0059123053215444,0.4955689907073974,0.1324881464242935,22.282431463253328
000000295478__picasso_self_portrait,0.000100692945125,0.9945135116577148,0.0112680681049823,39.970009564631965,0.0108828227967023,0.0106977270916104,0.0107450494542717,0.0038526181597262,0.5493698120117188,0.1117922514677047,24.142440326017148,0.0012066568015143,0.8235611319541931,0.0769291743636131,29.184162347931853,0.0015126256039366,0.8005662560462952,0.1135887056589126,28.202685526545245,0.0012255414621904,0.8158931732177734,0.0835834294557571,29.116719912287813,0.0059230835177004,0.5090875029563904,0.1211056411266326,22.27452143600704,0.0044468506239354,0.5564170479774475,0.092179886996746,23.519474588780582,0.0046918536536395,0.5410463213920593,0.0965861305594444,23.28655542679272,0.0046141752973198,0.549976646900177,0.0958216041326522,23.359059102023203,0.0047725569456815,0.5391349196434021,0.1010367572307586,23.212488809442004,0.0090846819803118,0.43794646859169,0.2185923755168914,20.41690271065147,0.0059627182781696,0.4795859754085541,0.1318045109510421,22.245557093741446,0.0062340390868484,0.4617712497711181,0.1415770649909973,22.052304790644083,0.0064595155417919,0.4564060866832733,0.1544386744499206,21.898000525027648,0.00685068173334,0.4286384880542755,0.180098295211792,21.642662083184323
000000295478__trial,0.0001084735267795,0.9882429242134094,0.0226996913552284,39.646762394780914,0.0105907684192061,0.0106179388239979,0.0104985674843192,0.004462216515094,0.5291333198547363,0.1489155292510986,23.504493607601,0.0013252604985609,0.8079121112823486,0.0763196423649787,28.776987466570645,0.0016464417567476,0.7914344668388367,0.1137776896357536,27.834536279466047,0.001341002061963,0.8030722141265869,0.0958943143486976,28.72570554364285,0.0079249432310462,0.4325720965862274,0.1860345155000686,21.010038400921268,0.0057110697962343,0.4854483604431152,0.1298033148050308,22.43282532194847,0.0057948869653046,0.4731185436248779,0.1380715072154998,22.369550309382184,0.0057332292199134,0.4763382971286773,0.1367162764072418,22.4160069437507,0.0061316457577049,0.4566779434680938,0.1574626117944717,22.12422943497692,0.0140694184228777,0.3796614110469818,0.2074446082115173,18.517238543033617,0.01086017023772,0.4149021208286285,0.153492659330368,19.64163366945796,0.0110380006954073,0.4112949073314667,0.1591404676437378,19.57109582909677,0.0114477006718516,0.4025681316852569,0.1576531529426574,19.412817347918367,0.011831622570753,0.3886959552764892,0.1671946942806244,19.269556928020418
000000295478__woman_with_hat_matisse,0.0001114190454245,0.9889485836029052,0.0301619134843349,39.53040566650444,0.0106937047094106,0.0107810031622648,0.0106082176789641,0.0034612994641065,0.565025269985199,0.0945604369044303,24.60760824865716,0.001371226273477,0.7940919399261475,0.0748352706432342,28.628908740113094,0.0015804482391104,0.7918676733970642,0.1065528467297554,28.01219723068206,0.0012911657104268,0.7999365329742432,0.0879932641983032,28.890180160561265,0.0097869895398616,0.4900522530078888,0.1300081759691238,20.09350875846138,0.0088068423792719,0.4866413176059723,0.1171238496899604,20.55179776385861,0.0093086464330554,0.4620335102081299,0.1158204078674316,20.31113465032851,0.009083155542612,0.4753873646259308,0.1288828253746032,20.417632487622136,0.009568047709763,0.4569741487503052,0.127662792801857,20.191766678001493,0.0067680845968425,0.468547374010086,0.1837457120418548,21.695342215245468,0.0042530144564807,0.5128095746040344,0.1226518750190734,23.713031410670386,0.0043103592470288,0.5055158734321594,0.1360262334346771,23.654865320433576,0.004480639938265,0.502925455570221,0.1287084370851516,23.4865995434794,0.0045276056043803,0.4945428073406219,0.1415713727474212,23.44131411170771
000000109992__antimonocromatismo,9.998010500567034e-05,0.9941539764404296,0.0153247416019439,40.00086411458611,0.0072844997048377,0.0070900106802582,0.0071799829602241,0.0044735227711498,0.4810824692249298,0.2961535453796386,23.493503476669268,0.0006281665991991,0.8790721893310547,0.10734224319458,32.019251595789214,0.0007504126988351,0.8698875308036804,0.1177349239587783,31.246998252321884,0.0006731850444339,0.8717555999755859,0.1106130927801132,31.71865540931462,0.0071492665447294,0.4044006764888763,0.2927568554878235,21.457385109144024,0.0045291748829185,0.4657025635242462,0.2488349676132202,23.43980909782889,0.0044493386521935,0.464187890291214,0.2282843440771103,23.517045375691836,0.0045871804468333,0.4593511521816253,0.1935552507638931,23.384541756032213,0.004603027831763,0.454996109008789,0.2112305462360382,23.36956399178465,0.0143739134073257,0.4080577790737152,0.2799384593963623,18.424249757888493,0.0120030874386429,0.3858422040939331,0.2005455791950225,19.20707030193781,0.0128177935257554,0.3591537475585937,0.2231688201427459,18.92186728488206,0.0133615583181381,0.3499839007854461,0.2423975616693496,18.74142888454624,0.0143027948215603,0.3195790350437164,0.2565384805202484,18.445790914170622
000000109992__impronte_d_artista,0.000106660882011,0.9838886260986328,0.0324453264474868,39.71994829326021,0.0070248106494545,0.0070829987525939,0.0069846301339566,0.0039056546520441,0.4879285395145416,0.3236540555953979,24.083061607773715,0.0008389493450522,0.8536078929901123,0.1286947429180145,30.76264260659289,0.0009729588055051,0.8460354804992676,0.1395888924598693,30.11905547111416,0.0008951430791057,0.8459861278533936,0.1408614814281463,30.481075417793303,0.0146065987646579,0.3549340665340423,0.2720166444778442,18.35450900404348,0.0110649690032005,0.4182283878326416,0.1951363533735275,19.560497983438463,0.0118483304977417,0.3928999602794647,0.2074489891529083,19.26342840092552,0.0118909999728202,0.3931218385696411,0.2169355452060699,19.247816218811483,0.0127211837098002,0.3688012659549713,0.2355341464281082,18.95472475580993,0.0102960597723722,0.3855468928813934,0.2777820229530334,19.873289448589063,0.0067213582806289,0.4455057680606842,0.193510890007019,21.72542954003633,0.0070900837890803,0.4234251081943512,0.197552353143692,21.493486323881275,0.0073318965733051,0.4197455644607544,0.2174991965293884,21.347836700000112,0.0076690837740898,0.4017519950866699,0.2140650004148483,21.152565181403677
000000109992__picasso_self_portrait,9.629224223317578e-05,0.9947898983955384,0.0145669663324952,40.1640870032134,0.0073034986853599,0.0071553573943674,0.0072049051523208,0.0039871563203632,0.5252971053123474,0.2470864951610565,23.99336737063882,0.0006163116195239,0.891490638256073,0.1012540608644485,32.101996442966694,0.0008803702075965,0.8718437552452087,0.1147601455450058,30.553346627285684,0.0006822985596954,0.8815019130706787,0.1017169058322906,31.660255454971196,0.0074642389081418,0.4759455025196075,0.1923143565654754,21.270144685612348,0.0054211746901273,0.5080499053001404,0.1592522263526916,22.659065979332052,0.0055868090130388,0.4982424676418304,0.1591139733791351,22.52836174890249,0.0056364475749433,0.4971556663513183,0.164562851190567,22.48994528051974,0.0058110300451517,0.4856408536434173,0.1638009846210479,22.35746879094033,0.0099048223346471,0.4094729423522949,0.294968843460083,20.041533101077015,0.006189402192831,0.4244507849216461,0.2238489985466003,22.08351295550529,0.0061937333084642,0.4230545461177826,0.2100524306297302,22.08047498552344,0.0064085610210895,0.4145885407924652,0.2230906933546066,21.932394760595358,0.0066512511111795,0.4050569832324981,0.2248022854328155,21.770966555125703
000000109992__trial,0.0001077197593986,0.988605499267578,0.0237680729478597,39.67704625293712,0.0069694304838776,0.0069661745801568,0.006909692659974,0.0059896665625274,0.4200774133205414,0.3364983201026916,22.22597353584817,0.00083478592569,0.8510550856590271,0.1250960081815719,30.784248816557685,0.000875248981174,0.8508984446525574,0.1329568028450012,30.578683860993277,0.000900046841707,0.84521484375,0.1430164128541946,30.45734887710081,0.0093073034659028,0.3765000402927398,0.2925979495048523,20.31176125625292,0.0057059987448155,0.4404056072235107,0.1975379437208175,22.43668328213419,0.0057195574045181,0.4376958310604095,0.1910911798477172,22.426375768385213,0.0058645326644182,0.430747777223587,0.1897470951080322,22.317665904284155,0.0059821959584951,0.427647590637207,0.2021715342998504,22.23139364908974,0.0157773215323686,0.3543245792388916,0.3031553924083709,18.01966723715117,0.012099971063435,0.366822749376297,0.2068923264741897,19.17215668279045,0.0122211808338761,0.3636339604854584,0.2024133801460266,19.12886829702273,0.0126090720295906,0.3542933762073517,0.2164407968521118,18.993168743514023,0.0132830813527107,0.3315441310405731,0.2207306325435638,18.76701167494326
000000109992__woman_with_hat_matisse,0.0001051450744853,0.9888015389442444,0.025121908634901,39.78211066999934,0.007020971737802,0.0070598740130662,0.0069696018472313,0.0026506527792662,0.5571818351745605,0.2477586269378662,25.766471586965423,0.0005507722380571,0.8866210579872131,0.0987404882907867,32.590279586882914,0.0006451786030083,0.8808538317680359,0.1120255589485168,31.9032004418059,0.0005981664871796,0.8774430751800537,0.098441407084465,32.2317792236561,0.0107610048726201,0.4630993604660034,0.2077026814222335,19.68147171954288,0.0096366330981254,0.4529880583286285,0.1559742987155914,20.16074675880994,0.0100798336789011,0.4385433197021484,0.1713084131479263,19.965466338559064,0.0099478671327233,0.4434269368648529,0.167845994234085,20.02270023956025,0.010421241633594,0.4246732890605926,0.1743898391723632,19.82080534156097,0.0082071665674448,0.3889821469783783,0.2898495197296142,20.858067523220857,0.0048722000792622,0.4522593021392822,0.2573875188827514,23.12274885495181,0.0047331140376627,0.4524643421173095,0.2267626971006393,23.24853031697012,0.0049513219855725,0.4468623697757721,0.2127772569656372,23.05278830483195,0.0051109800115227,0.4331735372543335,0.2138251364231109,22.914958175191003
000000137294__antimonocromatismo,0.000111624096462,0.994105577468872,0.0119441449642181,39.52242043473068,0.01309509947896,0.0132135152816772,0.0130548328161239,0.0049796444363892,0.5386155247688293,0.1573086380958557,23.02801666241695,0.0015437450492754,0.8337151408195496,0.0983076766133308,28.11424422157909,0.002201592316851,0.8076708912849426,0.1348587125539779,26.57263099049156,0.0017295721918344,0.8232994079589844,0.1172853708267211,27.62061305947389,0.0060602761805057,0.503428041934967,0.1794181764125824,22.17507583599957,0.0044054682366549,0.526299238204956,0.1415091305971145,23.560079256654618,0.0045973868109285,0.5142949223518372,0.1474462151527404,23.374889544214252,0.0046881735324859,0.507723867893219,0.1626244783401489,23.289963213060357,0.0047908560372889,0.4993632137775421,0.1740230619907379,23.195868792671725,0.0131761310622096,0.4587177038192749,0.1996645033359527,18.80212093914856,0.0121861388906836,0.4137473404407501,0.1796866208314895,19.141338763417192,0.0129311718046665,0.3901460170745849,0.1903814524412155,18.883621181790364,0.0135919051244854,0.3730852603912353,0.2053244560956955,18.667196656322588,0.014093798585236,0.3593318462371826,0.2237473130226135,18.509719393057285
000000137294__impronte_d_artista,0.0001133102123276,0.987443745136261,0.0238968078047037,39.457309466443846,0.0130548235028982,0.0132480431348085,0.013064450584352,0.0049104006029665,0.5251482725143433,0.1548512578010559,23.08883075583597,0.0017276644939556,0.8070237040519714,0.1045726686716079,27.625405920485605,0.0020274864509701,0.7993353009223938,0.123865008354187,26.93042039355302,0.0019436158472672,0.7950024604797363,0.1410394310951233,27.11389568575565,0.0125973597168922,0.4389537274837494,0.192277044057846,18.99720469211037,0.0110136494040489,0.4509533643722534,0.1695741862058639,19.580687524698057,0.0120392590761184,0.4142568409442901,0.1707279533147812,19.194002397438563,0.0114665841683745,0.4421100616455078,0.1683788150548935,19.40565936742486,0.0124854305759072,0.400678426027298,0.1942118108272552,19.035964758584,0.0078948009759187,0.4648971259593963,0.1670520603656768,21.02658813869712,0.0053437240421772,0.5160312652587891,0.1077758818864822,22.721559775636045,0.0056062811054289,0.5023893117904663,0.124015599489212,22.51325130001368,0.0060421079397201,0.4940227568149566,0.1407518982887268,22.18811520504957,0.0063048382289707,0.4784184396266937,0.1413780152797699,22.003260521783933
000000137294__picasso_self_portrait,0.0001093846876756,0.9941973686218262,0.0126556474715471,39.61043468893039,0.0131777357310056,0.0132579347118735,0.0130878221243619,0.0049298526719212,0.5308875441551208,0.1450129449367523,23.07166059369361,0.0015467669581994,0.8176326751708984,0.0957216992974281,28.105751138325665,0.0023196525871753,0.7849984765052795,0.1493975520133972,26.34577054234391,0.0017484530108049,0.8068623542785645,0.1100285053253173,27.573460347429748,0.0062023340724408,0.5234509110450745,0.1247517615556716,22.07444845336645,0.0047234711237251,0.5371935367584229,0.0982776209712028,23.257387352977503,0.0048355991020798,0.529911458492279,0.1006046906113624,23.15549711734253,0.0050479043275117,0.5301637053489685,0.1034698113799095,22.968888848311657,0.0052340999245643,0.5204813480377197,0.1123306825757026,22.811579904709447,0.0087299617007374,0.489249974489212,0.2129888087511062,20.589876615859374,0.007178833708167,0.4480272233486175,0.1723741590976715,21.439461066281584,0.0072182696312665,0.4389014542102813,0.1893340498208999,21.415668993360654,0.0075873467139899,0.4291210174560547,0.1845283508300781,21.199100698133275,0.0077629429288208,0.4207659959793091,0.224454328417778,21.099736066472605
000000137294__trial,0.0001064890166162,0.9888374209403992,0.0152568826451897,39.72695183482884,0.0128986136987805,0.0130427964031696,0.0129043534398078,0.004251470323652,0.5611336827278137,0.1348046660423278,23.714608480631803,0.0014343447983264,0.8317070603370667,0.0810870304703712,28.433464372241176,0.0015916227130219,0.8307688236236572,0.1035564392805099,27.981598719447803,0.0016171057941392,0.8251565098762512,0.1034658476710319,27.912615667924783,0.0084532937034964,0.443997859954834,0.1832930892705917,20.729740415186207,0.0065905381925404,0.475254625082016,0.1433365195989608,21.810791188647585,0.0066744484938681,0.4616327285766601,0.1644492298364639,21.755846140031,0.0065569728612899,0.4669292867183685,0.1603781580924987,21.832966138348414,0.0068739759735763,0.4479381740093231,0.1864775121212005,21.62791990173985,0.0147090181708335,0.3842349946498871,0.1916233897209167,18.32416315526723,0.0119413761422038,0.4068233668804168,0.170401319861412,19.229456215712226,0.0125155365094542,0.3811824023723602,0.1764442026615142,19.02550528548665,0.0128245120868086,0.3787623345851898,0.1773920655250549,18.919591487921657,0.0133640291169285,0.3623943328857422,0.1819352656602859,18.74062586812144
000000137294__woman_with_hat_matisse,0.0001139354062615,0.9895140528678894,0.0230449885129928,39.43341294757004,0.0131154861301183,0.0132359135895967,0.0130916126072406,0.004669037181884,0.5327755808830261,0.1216655448079109,23.307726675507165,0.0015849621267989,0.7978367805480957,0.0868389159440994,27.99981110934402,0.0016755742253735,0.801286518573761,0.1104724630713462,27.75836328821756,0.001738179824315,0.7921997904777527,0.1074423342943191,27.599052953972407,0.0097779901698231,0.5265046954154968,0.1175875142216682,20.097504036843432,0.0094968611374497,0.4838410913944244,0.1337431669235229,20.224199121783357,0.0101449349895119,0.4595512151718139,0.1384473145008087,19.93750731655444,0.0100733842700719,0.4682128131389618,0.1477216631174087,19.968245986721232,0.0106895677745342,0.4454554617404938,0.1511410921812057,19.71039854840773,0.007042268756777,0.4922215044498443,0.2108391374349594,21.522874048043164,0.004961424972862,0.5011441707611084,0.1706497222185135,23.043935717011102,0.0049725132994353,0.4987512826919555,0.1566982120275497,23.034240466422048,0.0053153783082962,0.4913438856601715,0.1754641234874725,22.74465820254768,0.0054494533687829,0.4806831181049347,0.2029602527618408,22.636470593430733
000000443303__antimonocromatismo,0.0001040110946632,0.9936354160308838,0.0142447985708713,39.82920332873767,0.0081769861280918,0.0079210866242647,0.0080793034285306,0.0039563388563692,0.5279531478881836,0.2639487981796264,24.02706518604447,0.0005801859661005,0.907195806503296,0.0843975841999054,32.36432780391689,0.0006283996044658,0.9032027721405028,0.0834457352757453,32.01764096990386,0.0005970323691144,0.9033897519111632,0.0913344025611877,32.24002122226234,0.005948981270194,0.457887053489685,0.196219116449356,22.255573984080613,0.0038121512625366,0.5272728800773621,0.1236830800771713,24.18829875299803,0.0037528264801949,0.5350804924964905,0.1186660379171371,24.256415156391427,0.0038414120208472,0.5268847942352295,0.1278690248727798,24.155091089286092,0.0038566316943615,0.5295172333717346,0.1264013648033142,24.1379183397396,0.0135677168145775,0.4200638234615326,0.2136447131633758,18.67493229588377,0.011333804577589,0.4239891767501831,0.1614787280559539,19.456242799251925,0.0115000950172543,0.4209497272968292,0.1731350719928741,19.39298571359538,0.0124539779499173,0.391173392534256,0.1848616898059845,19.04691907543293,0.0124488919973373,0.3899842202663421,0.1792652010917663,19.0486930084584
000000443303__impronte_d_artista,0.0001117662395699,0.9853922724723816,0.0274749509990215,39.51689360874067,0.0080446619540452,0.0080058369785547,0.0079927425831556,0.0029944332782179,0.5874385237693787,0.2325821816921234,25.23685359395472,0.0006216932670213,0.91025573015213,0.076582632958889,32.06423836043969,0.0006339941755868,0.9108410477638244,0.077244833111763,31.979147319007765,0.0006761347758583,0.9025220274925232,0.0847257599234581,31.699667262810244,0.0131861567497253,0.3888168334960937,0.2162320017814636,18.79881765909461,0.0107686333358287,0.4427132606506347,0.1598347574472427,19.67839410199678,0.0111168855801224,0.4253725707530975,0.153467908501625,19.540168642659157,0.0111743919551372,0.4249411821365356,0.1611533164978027,19.517760993112915,0.0113861970603466,0.4181124269962311,0.1603901535272598,19.436213041464157,0.0089281667023897,0.4325580596923828,0.2160713374614715,20.492377093952868,0.0059257107786834,0.5057582855224609,0.1666051149368286,22.272595493269595,0.0061836740933358,0.4915942847728729,0.1711570769548416,22.08753407704812,0.006519116461277,0.4811197221279144,0.181339219212532,21.85811260402032,0.0067839697003364,0.4672142565250397,0.1903101652860641,21.68516100463322
000000443303__picasso_self_portrait,9.54286879277788e-05,0.9950138926506042,0.0106473928317427,40.20321047352297,0.0082704350352287,0.0078942403197288,0.0081712156534194,0.0035454083699733,0.5588908791542053,0.2188629508018493,24.50333734356347,0.0006428413907997,0.9113330245018004,0.0873508900403976,31.918961679740224,0.0006157847237773,0.91074800491333,0.0844805985689163,32.105710891604986,0.000665599189233,0.907923460006714,0.0943554043769836,31.76787215731505,0.0066384333185851,0.513361930847168,0.1540852487087249,21.779344027667644,0.0049011767841875,0.549854040145874,0.1220799088478088,23.09699632314452,0.0051232576370239,0.537721574306488,0.1343349367380142,22.904538038885576,0.0051485882140696,0.5390594601631165,0.1354910433292389,22.883118418120745,0.0053520533256232,0.5293807983398438,0.1371444165706634,22.714795680899048,0.0096150552853941,0.4147272109985351,0.2387495040893554,20.17048214278065,0.0053673009388148,0.4984783828258514,0.1690225750207901,22.70244053603848,0.0054481155239045,0.489376038312912,0.1654379963874817,22.6375369205299,0.0059618935920298,0.4682610034942627,0.183136373758316,22.2461577952893,0.0059072468429803,0.4709151685237884,0.169348269701004,22.286148811306333
000000443303__trial,0.0001116028797696,0.9892637133598328,0.0215253569185733,39.523245988399694,0.0079836789518594,0.0079302210360765,0.0079021295532584,0.0053160805255174,0.4731945693492889,0.3441498577594757,22.74408449188482,0.0006800189148634,0.8969764709472656,0.1010041311383247,31.67479007137024,0.0008042196859605,0.8915496468544006,0.0966182425618171,30.946253002962724,0.0006889132782816,0.8938179016113281,0.0989963859319686,31.618354444699573,0.008586399257183,0.4112917184829712,0.2441044896841049,20.661889212187887,0.0049037681892514,0.5066090822219849,0.1442031264305114,23.094700679571066,0.0051850262098014,0.4944828450679779,0.1480212956666946,22.852490439531724,0.0053038671612739,0.48979052901268,0.1573371738195419,22.75407361648561,0.0054172226227819,0.4822964370250702,0.1606720387935638,22.662233165525222,0.0149904089048504,0.370448350906372,0.2366309463977813,18.241865204073505,0.0110213933512568,0.4159421920776367,0.183616429567337,19.57763497452481,0.0111647574231028,0.4108579456806183,0.1848697215318679,19.52150708414516,0.0115044703707098,0.4030574262142181,0.1813376992940902,19.39133370074229,0.0119723416864871,0.3873211443424225,0.1974760442972183,19.218208970408025
000000443303__woman_with_hat_matisse,0.0001039323178702,0.989435613155365,0.0228240340948104,39.83249387088664,0.008102273568511,0.0079976394772529,0.0080137914046645,0.0019843804184347,0.6567668914794922,0.1491009593009948,27.02375067166843,0.0004781845200341,0.9286031126976012,0.0689440369606018,33.20404487134042,0.0004658234829548,0.931124985218048,0.0688813328742981,33.317786217252234,0.0004841469926759,0.9250040650367736,0.0686606913805008,33.15022761462878,0.0105870170518755,0.4658456742763519,0.17189821600914,19.7522638742764,0.0092532001435756,0.4778196811676025,0.1522342562675476,20.337080440888368,0.0095264874398708,0.4686720669269562,0.1610129624605178,20.210672007973173,0.0096196746453642,0.467987984418869,0.1523193717002868,20.168396163314625,0.0103700188919901,0.437594324350357,0.164702370762825,19.84220452417168,0.0067812013439834,0.444962739944458,0.2042193710803985,21.68693360580549,0.0041782618500292,0.5193795561790466,0.1411979496479034,23.790043464382112,0.004159711766988,0.522545576095581,0.137946218252182,23.809367612827256,0.0044493372552096,0.5098134875297546,0.1770832240581512,23.51704673927084,0.0045694168657064,0.4975907802581787,0.1588551849126815,23.401392196598685
000000500464__antimonocromatismo,0.0001358638110104,0.9951326847076416,0.0226558223366737,38.66896207516415,0.0121393455192446,0.0118473609909415,0.0118851587176322,0.0101107871159911,0.2625880837440491,0.4242309331893921,19.95215033644881,0.0016280896961688,0.6957919001579285,0.2864741683006286,27.883216722489543,0.0015655178576707,0.703704297542572,0.287948727607727,28.05341974074758,0.0016383011825382,0.687114417552948,0.3084906637668609,27.856062552676164,0.0098660364747047,0.4852018356323242,0.3836998045444488,20.058572832856232,0.0105098681524395,0.2778151035308838,0.4338679313659668,19.784027322141085,0.0106160193681716,0.2702760994434356,0.4564961194992065,19.74038297803529,0.0108870016410946,0.2557021677494049,0.47181236743927,19.63091711614702,0.0107999304309487,0.2549017369747162,0.4931592345237732,19.66579042064197,0.0164655745029449,0.4801265299320221,0.3197706937789917,17.83423111650765,0.018735347315669,0.2888536751270294,0.3009398281574249,17.273382515490766,0.0194840654730796,0.2505319714546203,0.3452369570732116,17.103204197208054,0.0197518114000558,0.2453747540712356,0.3414386510848999,17.043930699121944,0.0198376718908548,0.2367113977670669,0.3527300655841827,17.025092971154155
000000500464__impronte_d_artista,0.0001350168022327,0.992592751979828,0.0314856953918933,38.696121821502885,0.0119751449674367,0.011880500242114,0.011802053079009,0.0095304902642965,0.2514711320400238,0.448451280593872,20.208847579553662,0.0018639477202668,0.6758163571357727,0.2991785109043121,27.295662728393427,0.0018970699748024,0.6517220139503479,0.2980942130088806,27.21916649548823,0.0019992708694189,0.6442621350288391,0.3153027296066284,26.991283618975707,0.0120370639488101,0.5760464668273926,0.2895184457302093,19.194794322084828,0.015414617024362,0.3885301053524017,0.2639089524745941,18.120672608351303,0.0156286172568798,0.3828853070735931,0.2703538537025451,18.060794445189853,0.0162345375865697,0.3639262020587921,0.2856173515319824,17.89560077007868,0.016351705417037,0.3598651885986328,0.2721062302589416,17.86436945475646,0.0117318602278828,0.4761723279953003,0.3640516400337219,19.3063311979827,0.012023408897221,0.2978797256946563,0.3795658051967621,19.199723829688324,0.0118389287963509,0.3041785657405853,0.3878566026687622,19.26687591437418,0.0126868477091193,0.2781093418598175,0.3963536322116852,18.966462733033023,0.0124176936224102,0.2831611931324005,0.3935474157333374,19.05959059559936
000000500464__picasso_self_portrait,0.0001302103337366,0.9954595565795898,0.0188416726887226,38.85354547974429,0.0122287394478917,0.0119937676936388,0.0119866523891687,0.009246121160686,0.274662435054779,0.4070980548858642,20.34040419888571,0.0015333285555243,0.7085113525390625,0.2741663157939911,28.14364776285465,0.0016575511544942,0.7014172673225403,0.2859597206115722,27.80533059742629,0.0015723205870017,0.694446861743927,0.2954060733318329,28.034588991548468,0.0092052957043051,0.5366255640983582,0.2901788651943207,20.35962255971992,0.0102132773026824,0.3523739278316498,0.337979644536972,19.90834876318097,0.0103357741609215,0.3492515087127685,0.3324769735336303,19.8565698868114,0.0107969334349036,0.3297720849514007,0.3399490714073181,19.66699576125172,0.0109281623736023,0.3215433657169342,0.3401664793491363,19.614528607493256,0.0139740603044629,0.439645916223526,0.4587984681129455,18.546773868982665,0.0140984542667865,0.241039827466011,0.4145230650901794,18.50828500125052,0.013740942813456,0.2320768386125564,0.4418841004371643,18.619834678125727,0.0140092335641384,0.2214687019586563,0.4590133428573608,18.53585624026895,0.0139894261956214,0.2130212783813476,0.4736152589321136,18.542000986022344
000000500464__trial,0.0001272873632842,0.9930856823921204,0.0227349996566772,38.95214709687445,0.0119883064180612,0.0119305653497576,0.0118331853300333,0.0091858180239796,0.281235784292221,0.4247776567935943,20.368821624413144,0.0015087369829416,0.7218839526176453,0.2354368865489959,28.21386463877865,0.001635939348489,0.7092349529266357,0.2297777980566024,27.862328015845016,0.001554625458084,0.7037647366523743,0.2605683803558349,28.08374224695054,0.011810228228569,0.4605047702789306,0.4182132184505462,19.277417097149844,0.0123407626524567,0.309585690498352,0.3330345451831817,19.0865800030935,0.0120538519695401,0.3100793361663818,0.3675041794776916,19.188741463015432,0.0121949231252074,0.2996346652507782,0.3785077929496765,19.1382093306271,0.0122625408694148,0.2890123724937439,0.3830024898052215,19.11419532163942,0.0186106916517019,0.4206410348415375,0.3672667741775512,17.302374863568325,0.0176903661340475,0.2864257991313934,0.3300918340682983,17.522631784893182,0.0178246926516294,0.2739936709403991,0.3694342374801636,17.489779498829485,0.0185924675315618,0.2586067914962768,0.3503958880901336,17.30662968257896,0.0192572809755802,0.2340417504310608,0.3323707282543182,17.15405032926079
000000500464__woman_with_hat_matisse,0.0001363792252959,0.993443489074707,0.0334970653057098,38.6525178090005,0.012052634730935,0.0119381416589021,0.0118337888270616,0.0093207461759448,0.2608769834041595,0.4207835495471954,20.30549318641337,0.0017864410765469,0.6751700043678284,0.2831882238388061,27.48011303868234,0.0019855806604027,0.6423894762992859,0.2825206518173218,27.021124658620963,0.0019294366938993,0.6421607136726379,0.3048614263534546,27.14569466349504,0.0101872272789478,0.6249947547912598,0.2347695529460907,19.91944004542365,0.0139633836224675,0.395748496055603,0.2703613638877868,18.55009330243799,0.0141425244510173,0.3941632211208343,0.2711236178874969,18.49473061734964,0.0146849788725376,0.3727283477783203,0.3123591840267181,18.331266739656236,0.0146356681361794,0.3784091472625732,0.2835951447486877,18.345874467025137,0.0112629933282732,0.477623701095581,0.4094679951667785,19.483461731445445,0.0110087394714355,0.2715053558349609,0.4605088233947754,19.582624060001187,0.0110975438728928,0.2619289457798004,0.4749582707881927,19.547731293647622,0.0115340827032923,0.2414181232452392,0.5162385106086731,19.380169388749447,0.0114863635972142,0.2454473972320556,0.4937467277050018,19.39817440382514
000000365521__antimonocromatismo,0.0001096435662475,0.9936513900756836,0.0137060116976499,39.60016847116121,0.0151888374239206,0.0154389385133981,0.01507911644876,0.0057813860476017,0.569850742816925,0.1664535999298095,22.37968029977001,0.0020430560689419,0.8609339594841003,0.0931944400072097,26.897197145726626,0.0040499437600374,0.8205358386039734,0.1237794235348701,23.92551007618664,0.0023906908463686,0.8455426692962646,0.1043992787599563,26.2147658130663,0.0066825286485254,0.5364909768104553,0.2141155004501342,21.750591707128603,0.005389466881752,0.5346638560295105,0.1835660934448242,22.68454192468965,0.0055744624696671,0.5278136134147644,0.1778940856456756,22.537970041026423,0.0058808629401028,0.5204510688781738,0.2011372298002243,22.30558942184541,0.0060774055309593,0.514289379119873,0.2101609855890274,22.162817832377204,0.0132158761844038,0.4762803018093109,0.2269255518913269,18.78904038779901,0.0116756437346339,0.4418138265609741,0.1836723238229751,19.327191653492463,0.0125431520864367,0.4184410870075226,0.2062308639287948,19.015933118525552,0.013324131257832,0.4112813472747803,0.2098656296730041,18.753610976656866,0.0141027560457587,0.3861277997493744,0.2616334557533264,18.50696006599862
000000365521__impronte_d_artista,0.0001087989949155,0.989471673965454,0.0187312271445989,39.63375116629037,0.0151065336540341,0.015414286404848,0.0150728728622198,0.0066776438616216,0.5356156229972839,0.2041789889335632,21.753767468654942,0.002336868783459,0.8470311760902405,0.079588197171688,26.31365672810832,0.0029978372622281,0.8337852358818054,0.1113807335495948,25.23191946549318,0.0026924761477857,0.8347010612487793,0.1153962016105651,25.69848135358077,0.0115229450166225,0.4791492521762848,0.2105712294578552,19.38436510408349,0.0097936876118183,0.4931318461894989,0.1492122560739517,20.090537527404265,0.0106781581416726,0.4654700458049774,0.1754370778799057,19.71503651604425,0.0106136417016386,0.4741196930408478,0.1880718171596527,19.741355774968792,0.011499366723001,0.4471628665924072,0.2119468748569488,19.393260758445656,0.0089301578700542,0.4958200454711914,0.2158488929271698,20.49140863453292,0.0064488179050385,0.5195729732513428,0.1474356353282928,21.90519886041948,0.0067132036201655,0.5045697689056396,0.1651840955018997,21.73070179900855,0.0074794120155274,0.4955287873744964,0.1777039617300033,21.261325423025085,0.007755781058222,0.4848977029323578,0.2040826380252838,21.103744593339343
000000365521__picasso_self_portrait,0.0001068087294697,0.994063913822174,0.0119864307343959,39.71393251000123,0.0150516564026474,0.0152081232517957,0.0149524752050638,0.0058412165381014,0.5731592774391174,0.1691130548715591,22.33496693852848,0.0020128807518631,0.8607988357543945,0.090289369225502,26.961819530506617,0.0028708260506391,0.8430919647216797,0.1233318969607353,25.419931215182004,0.0023375304881483,0.8447339534759521,0.1030068024992942,26.312427159642212,0.0066151786595582,0.5694509744644165,0.1488686203956604,21.79458422101948,0.0055585210211575,0.5474750399589539,0.1227903515100479,22.55040747589513,0.0056663365103304,0.5438134670257568,0.1172473356127739,22.466976373270647,0.0059841922484338,0.5405305027961731,0.127669021487236,22.229944627550907,0.0062238206155598,0.5309044718742371,0.1365358680486679,22.05942933176981,0.0106882443651556,0.4785481691360473,0.2910245060920715,19.710936254874017,0.0077024563215672,0.4798641502857208,0.1746570616960525,21.133707557641653,0.0077893934212625,0.4718343317508697,0.1840782016515731,21.084963605630428,0.0086429035291075,0.4587976634502411,0.216417133808136,20.633403345077426,0.0089502865448594,0.4378996193408966,0.2605279684066772,20.48163060454012
000000365521__trial,0.0001100935405702,0.9903920292854308,0.0177457369863986,39.58238161291634,0.0149473715573549,0.0152425682172179,0.0148991486057639,0.0065786601044237,0.539351224899292,0.2263883650302887,21.81862551448457,0.0022586178965866,0.8529695868492126,0.0910798460245132,26.461572349672466,0.0029663059394806,0.8404498100280762,0.1237888038158416,25.277840586427217,0.0026906840503215,0.8354964256286621,0.1204565241932869,25.70137295643057,0.0082798451185226,0.4953524172306061,0.2362852245569229,20.81977786983245,0.0067489272914826,0.5111339688301086,0.1527463346719741,21.707652506373854,0.0069644264876842,0.4976480901241302,0.1593589633703231,21.571146414064494,0.0071368105709552,0.4934768974781036,0.1768576800823211,21.464958303666,0.0074552702717483,0.4776271879673004,0.2088286429643631,21.27536607690361,0.013855273835361,0.4307418763637543,0.2606297135353088,18.58384886409284,0.0111941024661064,0.4410322606563568,0.1770797073841095,19.510107220620448,0.0118032405152916,0.4270868301391601,0.1917348802089691,19.279987431427266,0.0124204084277153,0.4167642891407013,0.1958000659942627,19.058641227595537,0.0130429118871688,0.3982019424438476,0.2190088927745819,18.84625439635289
000000365521__woman_with_hat_matisse,0.0001113719554268,0.9910468459129332,0.0182321202009916,39.53224155093167,0.0151154417544603,0.0154220629483461,0.0150321964174509,0.0059612542390823,0.5628286004066467,0.1670542955398559,22.246623557286508,0.0021405441220849,0.8526022434234619,0.0836420282721519,26.694758158182047,0.0027500500436872,0.8448354601860046,0.1122606843709945,25.606594030790223,0.0025196133647114,0.8358497619628906,0.1044920608401298,25.9866609670055,0.0088983057066798,0.5566368699073792,0.1547052860260009,20.506926778818087,0.0086217084899544,0.5159570574760437,0.1338406503200531,20.644066652381543,0.0095176352187991,0.4873908460140228,0.1512437164783477,20.21470944367953,0.0094322217628359,0.4960826337337494,0.1570923775434494,20.25385997009261,0.0102780098095536,0.4655795991420746,0.1806918680667877,19.880909721506537,0.0077782035805284,0.522987425327301,0.2441223114728927,21.091206941606465,0.0061092283576726,0.5135745406150818,0.2207503318786621,22.14013641012433,0.006247988436371,0.5076900720596313,0.2084800601005554,22.042597829119455,0.0069649554789066,0.4933842718601227,0.2332751750946045,21.57081655309935,0.0070481523871421,0.4854419231414795,0.2347362041473388,21.51924714672695
000000363207__antimonocromatismo,0.0001104776820284,0.9937946200370787,0.0123372040688991,39.56725446420936,0.0139472754672169,0.0139345061033964,0.0138639509677886,0.0056398040615022,0.5494158864021301,0.1446636319160461,22.48735984046188,0.0018089860677719,0.8214747905731201,0.0715464577078819,27.42564777923536,0.0030567881185561,0.7923911213874817,0.1145116835832595,25.14734663377595,0.0019889753311872,0.8112344145774841,0.0837780609726905,27.01370603298738,0.0060468986630439,0.5374012589454651,0.1489474773406982,22.18467309457492,0.0049386122263967,0.5235026478767395,0.1378189325332641,23.06395072754733,0.0050881090573966,0.5117658972740173,0.147897869348526,22.93443588688654,0.0051467050798237,0.5076006054878235,0.1525056958198547,22.884707172899148,0.0052548851817846,0.4992600381374359,0.1549628674983978,22.794367687817186,0.0128758614882826,0.4853954613208771,0.2002101838588714,18.902237038719527,0.0119449095800518,0.4355741441249847,0.1739736050367355,19.22817133401181,0.012763344682753,0.4099764823913574,0.1891970634460449,18.940355021885185,0.0131338611245155,0.400524377822876,0.1989503502845764,18.81607580189086,0.0136496229097247,0.3845201730728149,0.217898741364479,18.648793464611654
000000363207__impronte_d_artista,0.0001124779009842,0.9885857105255128,0.0210080333054065,39.48932796871473,0.013853657990694,0.0139857595786452,0.0137964133173227,0.0060242228209972,0.534422755241394,0.1370558738708496,22.200989730391136,0.0020532633643597,0.8123652338981628,0.0780277848243713,26.875553417387835,0.0033240306656807,0.7850807309150696,0.1231862902641296,24.78334978307148,0.0023684448096901,0.7985121607780457,0.1041340008378028,26.255367308964637,0.0115950806066393,0.489445686340332,0.1867002844810485,19.357262278886925,0.0106478249654173,0.4782576262950897,0.1529352664947509,19.727390966372663,0.01135113555938,0.4513618052005768,0.1702483296394348,19.449606897921125,0.011119045317173,0.4660640656948089,0.1680600643157959,19.53932499739808,0.0118355425074696,0.4355702698230743,0.185930922627449,19.268118304598172,0.0075804330408573,0.5095465183258057,0.1648325771093368,21.203059840931587,0.0057541732676327,0.5296300053596497,0.1274726241827011,22.400170649267785,0.0059442757628858,0.5203847885131836,0.1367362886667251,22.259010512795115,0.0062096114270389,0.5068411827087402,0.1511421501636505,22.06935575406789,0.006326911970973,0.5014309287071228,0.1516112238168716,21.98808208023327
000000363207__picasso_self_portrait,0.0001070351790986,0.9944602847099304,0.0108126513659954,39.704734599090656,0.0138792674988508,0.0139411035925149,0.0138054136186838,0.0060042389668524,0.53463214635849,0.1469182223081588,22.215420312988385,0.0018240337958559,0.8179342150688171,0.0848912596702575,27.389671192873323,0.0038036641199141,0.7687540054321289,0.1381114721298217,24.197978401331994,0.0020514933858066,0.8055431842803955,0.0979449674487114,26.879298788980392,0.0056989006698131,0.5781629681587219,0.1227642893791198,22.44208912587141,0.0047556138597428,0.5625664591789246,0.0998733341693878,23.227934159101608,0.0049442141316831,0.5545158386230469,0.1035169959068298,23.05902728413873,0.0050124074332416,0.5531373620033264,0.1152698397636413,22.99953634641803,0.0052108424715697,0.5428210496902466,0.1146027147769928,22.83092055745556,0.0094456486403942,0.4990848004817962,0.2257591336965561,20.24768213361903,0.0078790020197629,0.460040807723999,0.1737928688526153,21.03528788190375,0.0080036530271172,0.4502334296703338,0.1890416443347931,20.96711747081629,0.0083421105518937,0.4366639852523803,0.2021975517272949,20.78724059064718,0.0086207520216703,0.4146430492401123,0.2336839586496353,20.644548473288783
000000363207__trial,0.0001088468707166,0.9897089600563048,0.0162977986037731,39.63184052153634,0.0136725036427378,0.0137395150959491,0.0136494226753711,0.0064110402017831,0.5230793952941895,0.1982479095458984,21.930714997723506,0.0020229890942573,0.8152294754981995,0.0863963738083839,26.94006458463312,0.0023901166860014,0.810559093952179,0.1192552149295806,26.21580896185961,0.0023386769462376,0.800325870513916,0.1169500052928924,26.31029765431594,0.008547225035727,0.4735515415668487,0.2306502014398574,20.68174861562342,0.0072871497832238,0.477273017168045,0.1537861675024032,21.37442303707117,0.0074229822494089,0.4618786871433258,0.1688522547483444,21.29421577975263,0.0072528272867202,0.4682534635066986,0.1816282868385315,21.39492664371623,0.0076755210757255,0.4464650452136993,0.2090590298175811,21.148921314689453,0.0135518461465835,0.4274121224880218,0.2060894668102264,18.68001537508429,0.0115013839676976,0.4335032403469085,0.1690036505460739,19.392498976141752,0.0120282853022217,0.4110025465488434,0.1645723581314087,19.19796279298565,0.0121997781097888,0.4090214669704437,0.1936448216438293,19.136480682244827,0.0126702869310975,0.3900702893733978,0.2097471356391906,18.9721354997991
000000363207__woman_with_hat_matisse,0.0001160437532234,0.9909747242927552,0.0224041957408189,39.353782331795024,0.0138611048460006,0.0138971991837024,0.0137981865555047,0.0065778172574937,0.5062445998191833,0.1533767879009246,21.819181960957632,0.0020102083217352,0.8078380227088928,0.0812521278858184,26.96758933479024,0.0022394887637346,0.8080111145973206,0.1165025830268859,26.498511122147207,0.0022642957046628,0.7949959635734558,0.0995664224028587,26.45066857290614,0.0089563205838203,0.5715672373771667,0.1281820237636566,20.47870369615968,0.0090476870536804,0.5120320916175842,0.1255769282579422,20.43462429436511,0.0097395656630396,0.4884500503540039,0.1312025487422943,20.114604100978816,0.0097803585231304,0.4860099256038666,0.1430279314517974,20.09645224786706,0.0103398812934756,0.4696199595928192,0.1514953821897506,19.854844471109764,0.0068738437257707,0.5222583413124084,0.184781864285469,21.62800345606842,0.0055098254233598,0.5045022964477539,0.1690181046724319,22.58862161379175,0.0057391789741814,0.4915224015712738,0.1749734878540039,22.411502317284857,0.005898495670408,0.4823082983493805,0.1792022883892059,22.29258735026339,0.0060580484569072,0.4720373153686523,0.1907760500907898,22.176672571696745
000000400161__antimonocromatismo,0.0001245538733201,0.9954754710197448,0.0207769237458705,39.04642762423784,0.0188356954604387,0.0187954343855381,0.0186600722372531,0.0158972293138504,0.4733259975910187,0.2036827206611633,17.986785611235238,0.005461995024234,0.6510601043701172,0.2986798882484436,22.626486998295107,0.0072371927089989,0.5608041882514954,0.3941209614276886,21.40429863004654,0.0070324018597602,0.5586063861846924,0.3553592264652252,21.52896319889667,0.009808056987822,0.5610349178314209,0.3987106382846832,20.08417019434066,0.0104367928579449,0.4270904958248138,0.3170508742332458,19.81432936015761,0.0108323255553841,0.3890544474124908,0.3821827471256256,19.652782961494918,0.0106384856626391,0.3955107033252716,0.3825107514858246,19.73120187376056,0.0111343003809452,0.3625527918338775,0.4179472923278808,19.53337066482712,0.0172303207218647,0.51010662317276,0.3768470287322998,17.637066386030614,0.0169791877269744,0.4205620288848877,0.3536339700222015,17.70083089953708,0.0188060905784368,0.3605367243289947,0.3997859060764313,17.25701476468447,0.0180175993591547,0.3887427151203155,0.3943981826305389,17.44303074318409,0.0199630204588174,0.325524628162384,0.4191280007362366,16.997737481510935
000000400161__impronte_d_artista,0.0001302991295233,0.9923243522644044,0.02926273830235,38.85058485626435,0.0185584463179111,0.0188393332064151,0.0185876935720443,0.0168506354093551,0.4437199532985687,0.2047933340072631,17.733837179633408,0.0057176281698048,0.6316781640052795,0.2981698513031006,22.427840912048037,0.0071998103521764,0.5590560436248779,0.4187609255313873,21.42678943025401,0.0076770861633121,0.5140045285224915,0.4194692969322204,21.1480358508795,0.0129455467686057,0.6072954535484314,0.3479061126708984,18.87879601963477,0.0142552768811583,0.50295490026474,0.294361799955368,18.460243429429877,0.0154717378318309,0.4617652893066406,0.3217227160930633,18.10460902306691,0.0148719632998108,0.4810121059417724,0.3261058628559112,18.27631694962172,0.0161269642412662,0.4410476386547088,0.3329778909683227,17.924473770219812,0.012198943644762,0.5455484986305237,0.4433212280273437,19.136777749902954,0.0132845202460885,0.3737689554691314,0.427958220243454,18.7665412497509,0.0139031698927283,0.3410857617855072,0.4563407897949219,18.568861702516845,0.0139041757211089,0.3460783958435058,0.4756456017494201,18.56854752242811,0.0145107246935367,0.3229411542415619,0.4757081866264343,18.383108975178235
000000400161__picasso_self_portrait,0.0001297522831009,0.9955248832702636,0.020800506696105,38.86884991634191,0.0186087451875209,0.0187417678534984,0.0184652432799339,0.0154813006520271,0.4848178923130035,0.2064989507198333,18.101925551344465,0.0056678862310945,0.634810745716095,0.3251250088214874,22.46578875732924,0.0075426511466503,0.5415380001068115,0.4316773116588592,21.224759782695152,0.007450349163264,0.5310478806495667,0.3756758272647857,21.27823373409361,0.0094950329512357,0.6097729802131653,0.369839996099472,20.22503523763716,0.011252038180828,0.4440945088863373,0.3301552534103393,19.48768802840393,0.0118330148980021,0.4134375751018524,0.3819780647754669,19.26904588698481,0.011781551875174,0.4171327650547027,0.3783170580863952,19.287975001741497,0.0123073728755116,0.3902719020843506,0.4150702953338623,19.098346414174,0.0136807868257164,0.495087057352066,0.484794408082962,18.63888924235773,0.0130316587164998,0.3637712001800537,0.3557333946228027,18.850003022018264,0.0136842541396617,0.3206953108310699,0.4182596504688263,18.63778868831622,0.0135841155424714,0.3312841951847076,0.3982105255126953,18.669686331039244,0.0138918161392211,0.3044784963130951,0.450625866651535,18.57240973291745
000000400161__trial,0.0001320952142123,0.9933499693870544,0.0258937031030654,38.7911291651745,0.0185721889138221,0.0187830626964569,0.0185829494148492,0.0189945995807647,0.4235355854034424,0.2499641627073288,17.21369857239414,0.0057436446659266,0.6275168657302856,0.3192233145236969,22.40812435827161,0.0067091360688209,0.5774786472320557,0.3976393640041351,21.73333400054545,0.0078589608892798,0.503085196018219,0.4340413212776184,21.04634872520977,0.0109227672219276,0.5607393383979797,0.4024712741374969,19.61667321615967,0.0108743533492088,0.4437398016452789,0.2525944709777832,19.63596559221163,0.011380068026483,0.4054520428180694,0.2986690700054168,19.438551418567723,0.0110902609303593,0.4227974116802215,0.2753889262676239,19.55058235700964,0.0118581736460328,0.3789002895355224,0.3174386024475097,19.259821943214916,0.0167652703821659,0.5039862990379333,0.3819605410099029,17.755894380874867,0.0167188681662082,0.3984403312206268,0.339020311832428,17.76793126765917,0.0179742034524679,0.3501638174057007,0.3541785180568695,17.453503467789,0.0179535523056983,0.3605851829051971,0.3586273789405823,17.45849608694121,0.0186420213431119,0.3262948095798492,0.3863124847412109,17.295069991405654
000000400161__woman_with_hat_matisse,0.0001357116125291,0.9931066632270812,0.0293356198817491,38.67382989174882,0.0184949710965156,0.0187469851225614,0.0184746161103248,0.0167492665350437,0.444720059633255,0.1889355629682541,17.760042063440103,0.0056072142906486,0.6435253620147705,0.2718346714973449,22.51252846172257,0.006633264478296,0.5879273414611816,0.3884526193141937,21.782726863779885,0.0078423582017421,0.508936882019043,0.3854266405105591,21.05553325069828,0.0106378206983208,0.6454175114631653,0.2689225077629089,19.73147334036692,0.0131792044267058,0.5026479959487915,0.2585136592388153,18.80110805487076,0.0147947333753108,0.4504764974117279,0.2849680185317993,18.298928571119728,0.0140019133687019,0.4704146087169647,0.2879093885421753,18.538126137010064,0.0153963835909962,0.4255535900592804,0.2981131076812744,18.1258127727492,0.0103011699393391,0.5554537177085876,0.4309563040733337,19.8711344817397,0.0117747746407985,0.3646726608276367,0.4120451211929321,19.2904739614762,0.0121937552466988,0.3258318603038788,0.4719016849994659,19.138625263942107,0.0123497247695922,0.3192214667797088,0.4994808435440063,19.083427211394792,0.0126020647585392,0.2967029809951782,0.5179590582847595,18.99558292995454
000000241668__antimonocromatismo,9.657568443799391e-05,0.9941475987434388,0.0148839894682168,40.15132205299729,0.0066715171560645,0.0064397496171295,0.0065505648963153,0.0043425974436104,0.4605436623096466,0.2233177125453949,23.622504276310075,0.0004957963828928,0.8849999904632568,0.0655093938112258,33.04696645973591,0.0006234485190361,0.8744301795959473,0.0835568010807037,32.05199402364402,0.0005432436591945,0.8778648376464844,0.0816497132182121,32.650053341153715,0.006755931302905,0.3768082857131958,0.2309474498033523,21.703147751639257,0.0040586222894489,0.4581261575222015,0.1485653966665268,23.9162136386892,0.0040786624886095,0.4570578634738922,0.1800848841667175,23.894822312847783,0.0042449408210814,0.4531057775020599,0.1639884114265442,23.72128359897518,0.0040666898712515,0.4609400331974029,0.1418663263320922,23.907589459479222,0.0160972606390714,0.351972371339798,0.263987123966217,17.932480240027783,0.0146084884181618,0.2957148849964142,0.2222576439380645,18.353947194259742,0.0146756609901785,0.295890599489212,0.2327119559049606,18.334023290634907,0.0151925673708319,0.2861194908618927,0.2413927316665649,18.183688291148773,0.0154828904196619,0.2760631144046783,0.2495356798171997,18.101479599237827
000000241668__impronte_d_artista,0.0001053302257787,0.9868572354316713,0.0275713615119457,39.77446984889728,0.0065031386911869,0.0065327044576406,0.0064152022823691,0.0032439501956105,0.520542562007904,0.2198840230703354,24.8892582213584,0.0006783621502108,0.8659253716468811,0.0886607766151428,31.68538391902771,0.0008291340782307,0.8580102920532227,0.1011495292186737,30.813752345554175,0.0007155667990446,0.8629751801490784,0.1207603886723518,31.45349818085411,0.0164650157094001,0.2862169444561004,0.2746765315532684,17.834378505881162,0.0138313872739672,0.3146731853485107,0.205078586935997,18.59134258414657,0.0139616532251238,0.3143482506275177,0.1964511573314666,18.55063153056847,0.014499912969768,0.3011611998081207,0.2230515927076339,18.386346044452267,0.0145694464445114,0.2993228435516357,0.2286121547222137,18.365569486185542,0.0097146639600396,0.3565547168254852,0.2404857277870178,20.125722174856683,0.0062512871809303,0.4191923439502716,0.1855146139860153,22.0403054937291,0.0063806525431573,0.4187584221363067,0.1974406093358993,21.951349041314035,0.0070991455577313,0.3881890773773193,0.2245661467313766,21.487939191531428,0.0071927900426089,0.3835351765155792,0.2376030385494232,21.431026165610465
000000241668__picasso_self_portrait,9.556439908919856e-05,0.9949529767036438,0.0136071424931287,40.19703866705847,0.0067075761035084,0.0064785233698785,0.0065965522080659,0.0039748470298945,0.4611407220363617,0.2468158304691314,24.006795803033604,0.0006262476090341,0.8761703968048096,0.0862694233655929,32.03253919224888,0.0007354109548032,0.8666346669197083,0.1135010421276092,31.334699050965323,0.0006969797541387,0.868573009967804,0.0988318249583244,31.567798371007434,0.0071182735264301,0.4211151897907257,0.1966528296470642,21.476253278330297,0.0051829074509441,0.4692792892456054,0.1504250317811966,22.854265461099388,0.0054184407927095,0.4567752778530121,0.161224752664566,22.661256678051377,0.0056713414378464,0.4495278298854828,0.1850952506065368,22.46314205630796,0.0059041138738393,0.4342294037342071,0.1969894915819168,22.288452747786547,0.0097170071676373,0.3840492069721222,0.2708545327186584,20.12467476917768,0.0065837199799716,0.3738491237163543,0.2205329984426498,21.815286488983524,0.0066822934895753,0.3664500713348388,0.2237121313810348,21.75074453854432,0.0075279623270034,0.3457129895687103,0.2311805188655853,21.23322562962235,0.0073209516704082,0.3506582081317901,0.2398419231176376,21.35432460151664
000000241668__trial,0.000104563718196,0.9895415306091307,0.0241060331463813,39.80618982014192,0.0064644291996955,0.0064482563175261,0.006348555907607,0.0049652736634016,0.439354807138443,0.2914620637893677,23.04056810163584,0.0006380245904438,0.8673357963562012,0.09277855604887,31.95162582582515,0.0008148637134581,0.8568064570426941,0.1037019565701484,30.889150212507637,0.0006832445506006,0.8614078164100647,0.105702094733715,31.654238234530933,0.009845339693129,0.3181126415729522,0.2957788109779358,20.067692948324748,0.0061034602113068,0.3901586234569549,0.183300644159317,22.144238822643302,0.0060619614087045,0.3902605473995209,0.1976459324359893,22.173868327391038,0.0068134716711938,0.3667869567871094,0.2150467634201049,21.666315454351373,0.0066905785351991,0.3702990114688873,0.2221797555685043,21.745363271079228,0.0172681361436843,0.2882329523563385,0.2956210076808929,17.627545359818463,0.0135077843442559,0.2999267280101776,0.2042329758405685,18.69415881620227,0.0135117582976818,0.2944763302803039,0.2171462774276733,18.692881321553656,0.0139789609238505,0.2876942753791809,0.2370611429214477,18.5452510912032,0.0145523147657513,0.2729146778583526,0.2468820065259933,18.37067920077717
000000241668__woman_with_hat_matisse,0.0001041674331645,0.9900947213172911,0.0251418370753526,39.82268037347643,0.0064679034985601,0.0064574042335152,0.0063958326354622,0.0026910721790045,0.5480002164840698,0.181799829006195,25.70074653584074,0.0004765754565596,0.8857572674751282,0.074437141418457,33.218683274011696,0.0005718524917028,0.8814125657081604,0.0851784348487854,32.42715982222893,0.0005355519824661,0.8806168437004089,0.0980647727847099,32.71198368711631,0.0120891807600855,0.3864957094192505,0.2102624177932739,19.176031287032693,0.0112698776647448,0.370159238576889,0.1696784347295761,19.480807982231585,0.0118427677080035,0.3467747271060943,0.1851522028446197,19.26546789180154,0.0116588743403553,0.3608174324035644,0.1920872330665588,19.33343378511086,0.0125023880973458,0.3325180411338806,0.2000605463981628,19.03007023916684,0.0080997617915272,0.3662408292293548,0.221406877040863,20.91527753238198,0.0044922130182385,0.4362224638462066,0.1784593611955642,23.475396579199163,0.0043691839091479,0.4411792755126953,0.1807355135679245,23.59599674437344,0.0047123618423938,0.4335939884185791,0.2062622755765915,23.26761369298729,0.0047198692336678,0.4301420748233795,0.1888591647148132,23.260700335445517
000000139883__antimonocromatismo,0.0001168340677395,0.9950515627861024,0.0118841109797358,39.32430502480637,0.0239642709493637,0.0244884565472602,0.0239260680973529,0.0110338786616921,0.7144165635108948,0.0943827778100967,19.57271796239009,0.0095776030793786,0.659425675868988,0.2358866482973098,20.18743165206078,0.0122331529855728,0.5804551243782043,0.2965929210186004,19.124615930246215,0.0116787431761622,0.5836599469184875,0.295596569776535,19.32603891900556,0.0076192026026546,0.6533166766166687,0.1815503239631652,21.180904779238936,0.0086488537490367,0.528917133808136,0.1998707503080368,20.63041446691797,0.0093176374211907,0.4933014810085296,0.2184011340141296,20.306941933340124,0.0092643536627292,0.4943345785140991,0.2326951622962951,20.33184874294527,0.0099160363897681,0.4640584290027618,0.2325883358716964,20.036618881318788,0.0137185929343104,0.5912504196166992,0.2245289981365203,18.62690430334933,0.0130829392001032,0.5473490357398987,0.2053801715373993,18.83294676884141,0.0145614454522728,0.507745087146759,0.2171586006879806,18.367955123315102,0.0143952844664454,0.5088863372802734,0.227160096168518,18.41779748570764,0.0159369185566902,0.4668581485748291,0.2513161599636078,17.975956467538822
000000139883__impronte_d_artista,0.000131663357024,0.9923580288887024,0.0254820976406335,38.80535075884929,0.0241483524441719,0.0245827697217464,0.0241952836513519,0.0164405517280101,0.6136345267295837,0.163919135928154,17.840836120751828,0.0103012127801775,0.649389922618866,0.2420623898506164,19.871116420198,0.0117409424856305,0.6052747964859009,0.2923964262008667,19.30297039384865,0.0118531817570328,0.5861054062843323,0.3042456209659576,19.261650560636497,0.0107386410236358,0.6635585427284241,0.1815279126167297,19.6905067518014,0.0102180810645222,0.6282368302345276,0.1463896036148071,19.906306561913315,0.0114479111507534,0.5898385643959045,0.1699474304914474,19.41273749870853,0.010984543710947,0.6074010729789734,0.1678206622600555,19.59217978609978,0.0121682239696383,0.5677798390388489,0.1821849346160888,19.147728052105748,0.0093041285872459,0.6361954808235168,0.2067795097827911,20.31324296092865,0.0094047849997878,0.5447792410850525,0.1825098991394043,20.266511282872383,0.010043148882687,0.5269567370414734,0.1957925707101822,19.98130099146549,0.0100441118702292,0.518290102481842,0.2053111791610717,19.980884588073145,0.0105727287009358,0.5044235587120056,0.2149302512407302,19.758129117634518
000000139883__picasso_self_portrait,0.0001208156536449,0.9956644177436828,0.013361107558012,39.17876792112261,0.0235436856746673,0.0241883248090744,0.0235355570912361,0.0117403678596019,0.7110071778297424,0.0935480147600174,19.30318295175937,0.0102830091491341,0.6494500637054443,0.2493038326501846,19.87879777789116,0.0131470905616879,0.5721181035041809,0.3351891338825226,18.811703454864343,0.0116790393367409,0.6015379428863525,0.293816328048706,19.32592878791325,0.0065953861922025,0.7041707038879395,0.1269050389528274,21.80759769301545,0.0078165307641029,0.5892834067344666,0.1441189050674438,21.0698595848902,0.0083912089467048,0.5726837515830994,0.1480523496866226,20.761754645516262,0.0083304652944207,0.5687922239303589,0.1560634821653366,20.793307405913065,0.008726879954338,0.5572245717048645,0.1610168814659118,20.591409980824512,0.0114412792026996,0.5722566246986389,0.2791196703910827,19.41525416136035,0.0104797957465052,0.492050290107727,0.2256972789764404,19.796471817635634,0.0111634619534015,0.4707155227661133,0.2463095337152481,19.52201103417708,0.0116636799648404,0.4556551277637481,0.2545649409294128,19.33164405299304,0.0117963245138525,0.4495051205158233,0.2549337148666382,19.28253288626434
000000139883__trial,0.0001267854386242,0.99279522895813,0.0192301012575626,38.96930622544928,0.0240281112492084,0.0245161745697259,0.0240421704947948,0.0163853112608194,0.6214917302131653,0.1568984687328338,17.855453042009003,0.0109023861587047,0.6305674910545349,0.2596774101257324,19.624784394772337,0.0126246809959411,0.5768020153045654,0.299845814704895,18.987795869481367,0.0127950608730316,0.5554389953613281,0.31968954205513,18.929576435979104,0.0092462860047817,0.619535505771637,0.2501440644264221,20.340326771560537,0.0086982091888785,0.5506768822669983,0.1815478056669235,20.605701519152028,0.0094941398128867,0.5186968445777893,0.2004968225955963,20.22544377050131,0.0096547780558466,0.5111350417137146,0.2056632488965988,20.152577053365764,0.0098161092028021,0.5008817315101624,0.2141582518815994,20.08060618790568,0.0131082599982619,0.5769193172454834,0.2189480513334274,18.82454953108198,0.012367152608931,0.5345594882965088,0.1919282376766204,19.077302800455065,0.0137470103800296,0.496594101190567,0.204232633113861,18.61791739406624,0.0133061027154326,0.4968847036361694,0.2161062508821487,18.759491283743056,0.0138275912031531,0.4836698472499847,0.2075906544923782,18.59253468357223
000000139883__woman_with_hat_matisse,0.0001283200545003,0.9933121800422668,0.0200551655143499,38.917054646054055,0.0240025743842124,0.0244179125875234,0.0240355860441923,0.0137852327898144,0.6665862202644348,0.1108635514974594,18.605858956098405,0.0103073865175247,0.6507449150085449,0.2254621535539627,19.86851438004568,0.0118544129654765,0.6052719950675964,0.2808910012245178,19.261199475623545,0.0122590335085988,0.5760911107063293,0.2961699366569519,19.11543767862298,0.0084720039740204,0.6864921450614929,0.1323867440223693,20.7201384918306,0.0106992200016975,0.5782356858253479,0.174284741282463,19.706478822499445,0.011127102188766,0.5613933801651001,0.1683129072189331,19.536179234720475,0.011100617237389,0.5593581795692444,0.1810128092765808,19.54652872083676,0.0113298604264855,0.5484746694564819,0.1669944822788238,19.45775440214318,0.0081907352432608,0.6502408385276794,0.2153491973876953,20.86677111944214,0.0104036564007401,0.4568569660186767,0.2584903240203857,19.828139995871503,0.0108756683766841,0.437395691871643,0.2668992280960083,19.63544043487249,0.0108898095786571,0.429764986038208,0.2899397015571594,19.62979714336188,0.011237028054893,0.4206216335296631,0.2983455657958984,19.493485348546923
000000281929__antimonocromatismo,0.0001109980003093,0.994498074054718,0.0118681685999035,39.54684845199318,0.015495391562581,0.0157187823206186,0.0153823485597968,0.0055460110306739,0.5824996829032898,0.1360362023115158,22.56019270972352,0.002063303720206,0.8381357192993164,0.0770796239376068,26.854368387738937,0.0044138776138424,0.7684957385063171,0.1105287671089172,23.551797129436764,0.0023565364535897,0.8220453262329102,0.0963370203971862,26.27725837690705,0.0063555291853845,0.5553588271141052,0.1381372213363647,21.96848282604199,0.0056155030615627,0.5413346886634827,0.1332169771194458,22.50611331642164,0.0058054998517036,0.5290471911430359,0.1481368094682693,22.361603816978427,0.0057230740785598,0.5260760188102722,0.1481295228004455,22.423706326165863,0.0058527439832687,0.5179430246353149,0.1575563251972198,22.32640472825072,0.0129605829715728,0.494181364774704,0.1789401620626449,18.873754633077844,0.0114001743495464,0.4700562953948974,0.1705927550792694,19.430885066927445,0.0122504821047186,0.4452268183231354,0.1953379958868026,19.118468197648287,0.0122592980042099,0.4442557990550995,0.1831645220518112,19.115343978132493,0.0130538493394851,0.4206832647323608,0.1961236447095871,18.842614040046676
000000281929__impronte_d_artista,0.0001161824256996,0.990694522857666,0.0238036029040813,39.34859560404284,0.0153392413631081,0.0155260376632213,0.0152975572273135,0.007107509765774,0.5302523970603943,0.1634648293256759,21.48282534913095,0.0026307131629437,0.8102519512176514,0.0878368392586708,25.799265021772296,0.0032435480970889,0.7890768051147461,0.1114942133426666,24.88979657732075,0.0029310695827007,0.7960153222084045,0.1191939562559127,25.329738714202268,0.0113065503537654,0.5154181122779846,0.1632100641727447,19.466698787922077,0.0099519016221165,0.5129479765892029,0.1552716642618179,20.02093925778567,0.0106288408860564,0.4879269897937774,0.1659530252218246,19.735140942948806,0.0104321567341685,0.4946424067020416,0.1630559861660003,19.81625896662656,0.0111926393583416,0.4696440398693084,0.1768629252910614,19.510674895572468,0.0075215301476418,0.5342520475387573,0.1594748795032501,21.23693799424614,0.0054301265627145,0.5680021643638611,0.110190637409687,22.65190047971375,0.0055817901156842,0.5612666010856628,0.1119653433561325,22.53226497713719,0.0056170211173594,0.5582590699195862,0.1104649305343627,22.504939433776556,0.0058378656394779,0.5458234548568726,0.1149834245443344,22.33745904672567
000000281929__picasso_self_portrait,0.00011011416791,0.9949130415916444,0.011023218743503,39.5815679865492,0.015260349959135,0.0155506273731589,0.0151734091341495,0.0058421152643859,0.5716884136199951,0.1370933502912521,22.33429878688565,0.002118500880897,0.8283887505531311,0.0723889917135238,26.73971351078311,0.0040641748346388,0.7727861404418945,0.1173979118466377,23.910276176321894,0.0024401682894676,0.8138110637664795,0.0858818292617797,26.125802209289567,0.0055641899816691,0.5889933705329895,0.1104388460516929,22.54598050034769,0.0044842027127742,0.5971565842628479,0.0856135338544845,23.483147629260053,0.0047275428660213,0.5885481834411621,0.0837304964661598,23.25364524589289,0.0046495920978486,0.5895758271217346,0.0892237946391105,23.32585145480757,0.0049142781645059,0.5801246762275696,0.093514010310173,23.085402646465475,0.0100091248750686,0.5011264681816101,0.2165112197399139,19.996038924051064,0.0083352653309702,0.4753817617893219,0.1732115447521209,20.790805710078768,0.0082695325836539,0.4681594371795654,0.1835505664348602,20.825190372523743,0.0083897290751338,0.4616502523422241,0.1854863166809082,20.762520633756097,0.0084323473274707,0.4472284615039825,0.1995661854743957,20.740515132205537
000000281929__trial,0.0001070934522431,0.9915202260017396,0.0123592233285307,39.70237081377343,0.0151228224858641,0.0153047144412994,0.0150932129472494,0.0061244219541549,0.5634883642196655,0.1542713195085525,22.12934895366297,0.0022140757646411,0.8387570381164551,0.0721451714634895,26.54807521848176,0.0029976379591971,0.8104766011238098,0.1032278165221214,25.23220820392812,0.0025948288384824,0.8193046450614929,0.1061102524399757,25.85891284040632,0.009236560203135,0.473058134317398,0.2075219452381134,20.34489734724957,0.0077351252548396,0.4959384500980377,0.1652809083461761,21.115326493795763,0.0076771373860538,0.487072616815567,0.1702684164047241,21.14800687415664,0.0075250607915222,0.488523930311203,0.1750883758068084,21.234899872535845,0.0076022366993129,0.4766479432582855,0.1888687163591385,21.19058612553865,0.0137499803677201,0.4370241463184356,0.191022902727127,18.61697921920766,0.0111683458089828,0.456113189458847,0.1722763478755951,19.52011147316908,0.0117458002641797,0.4389974176883697,0.1672016978263855,19.30117388551986,0.0113135101273655,0.4458274841308594,0.1712776273488998,19.46402630049197,0.0116048762574791,0.4324376583099365,0.1612568795680999,19.35359486055153
000000281929__woman_with_hat_matisse,0.000118523981655,0.9921684861183168,0.0192026477307081,39.26193767403284,0.0153477061539888,0.0156275052577257,0.0152736827731132,0.0067147449590265,0.5344092845916748,0.1526182740926742,21.72970478154,0.0024258715566247,0.8139493465423584,0.0744377449154853,26.151321975856177,0.0036908462643623,0.7807623744010925,0.104063756763935,24.32874044191937,0.0027820828836411,0.794059693813324,0.0909621119499206,25.55629935676905,0.0086618065834045,0.5915265679359436,0.127843290567398,20.623915182161923,0.0087384833022952,0.5315595269203186,0.1320545524358749,20.585639392882253,0.0089584104716777,0.5215197205543518,0.1261869519948959,20.477690421926773,0.0084247076883912,0.538256824016571,0.1265837848186493,20.74445158886421,0.0090644881129264,0.5167334675788879,0.121171161532402,20.426567162246634,0.0070668929256498,0.5526427626609802,0.1841694414615631,21.50771488868056,0.0061093219555914,0.5208648443222046,0.1554696261882782,22.14006987349177,0.0062999911606311,0.5105761885643005,0.1679351329803466,22.006600598943223,0.0062827747315168,0.504777193069458,0.1665058434009552,22.018485116055725,0.0065888813696801,0.4890854060649872,0.1741814315319061,21.811883116901463
000000408830__antimonocromatismo,0.0001134529302362,0.9936136603355408,0.0162686742842197,39.451842827760174,0.0164317935705184,0.0163983702659606,0.0163554139435291,0.0060601192526519,0.5694236159324646,0.1426419168710708,22.175188295863364,0.002069272333756,0.8354901671409607,0.0730655267834663,26.84182348742532,0.0026316784787923,0.8169367909431458,0.104754701256752,25.79767171067126,0.0023815541062504,0.8175215721130371,0.0962950140237808,26.231395473545483,0.005979633424431,0.5565899014472961,0.1559712886810302,22.23325439193284,0.005049452651292,0.5336939096450806,0.1421791464090347,22.96755695823257,0.0052082664333283,0.5250909328460693,0.1423961371183395,22.8330680716555,0.0053543825633823,0.5195196866989136,0.1555189937353134,22.71290602287976,0.0055016502737998,0.5150146484375,0.1658001840114593,22.59507020087053,0.0125899948179721,0.4865940809249878,0.1990727484226226,18.99974448647225,0.0117602506652474,0.4473754465579986,0.1488330364227295,19.295834213403584,0.0123884603381156,0.4192685782909393,0.1659840643405914,19.06982665230896,0.0131722642108798,0.4082430303096771,0.1717593073844909,18.80339566741153,0.0136508755385875,0.3909437358379364,0.188337430357933,18.64839492990766
000000408830__impronte_d_artista,0.0001165057474281,0.9880282282829284,0.0278565548360347,39.33652649618496,0.0164340212941169,0.0166662894189357,0.0163993164896965,0.006120387930423,0.561346709728241,0.1418817341327667,22.132210499618434,0.002088852925226,0.838694155216217,0.069690503180027,26.80092137334836,0.00309659098275,0.8175819516181946,0.1009010076522827,25.091161552068687,0.0024003351572901,0.8243607878684998,0.0967364162206649,26.197281137887384,0.0108832893893122,0.5039917826652527,0.1831932514905929,19.63239822678345,0.0101878447458148,0.4969895780086517,0.1331048011779785,19.91917681940625,0.0106761241331696,0.4774352014064789,0.1356088072061538,19.715863852369854,0.0106855975463986,0.480365514755249,0.1499909460544586,19.712011867570528,0.0112730860710144,0.4558844268321991,0.1417401432991027,19.479571771088885,0.0079842759296298,0.5111638903617859,0.1610730290412902,20.97764462621875,0.0059783062897622,0.5354122519493103,0.1205733120441436,22.23421838285361,0.0060764462687075,0.5340213775634766,0.121314913034439,22.16350338015318,0.006719363387674,0.5164653062820435,0.1383836269378662,21.72671871338581,0.0068021933548152,0.5117050409317017,0.1364670991897583,21.67351027249545
000000408830__picasso_self_portrait,0.0001105328192352,0.9940542578697203,0.0137568330392241,39.56508752779496,0.016401071101427,0.0165430791676044,0.0163172706961631,0.0061071179807186,0.5732376575469971,0.1476331055164337,22.1416368997955,0.0021271773148328,0.8309049010276794,0.0831449404358863,26.72196307161759,0.0034081416670233,0.7967591285705566,0.1212734282016754,24.67482361109635,0.0024523576721549,0.814039409160614,0.1024555191397667,26.10416188429732,0.0060225962661206,0.5780694484710693,0.1141234934329986,22.202162494432148,0.0049053435213863,0.5696004033088684,0.0949359983205795,23.093305735605814,0.0051835309714078,0.5598859786987305,0.0996991917490959,22.853743022271253,0.0053846896626055,0.5534786581993103,0.1111657172441482,22.68839321465669,0.0055403225123882,0.5465752482414246,0.116105131804943,22.56464953453205,0.0096934186294674,0.4988457262516022,0.2414240539073944,20.13523030990976,0.0077318493276834,0.4757997095584869,0.1643242090940475,21.1171661775694,0.0077718757092952,0.4698265790939331,0.1902045160531997,21.094741534143598,0.0083881625905632,0.455437570810318,0.1993870437145233,20.76333160049792,0.0085877133533358,0.4405226409435272,0.2183843851089477,20.661224601768826
000000408830__trial,0.000110038468847,0.9892978072166444,0.0140915587544441,39.58455461320368,0.0163550116121768,0.0164250954985618,0.0162949748337268,0.0059141055680811,0.5810628533363342,0.1610030531883239,22.28110927488984,0.0020506074652075,0.8511672616004944,0.0671055018901825,26.881174659162777,0.0023779799230396,0.8424209952354431,0.0917447805404663,26.23791816390956,0.0024015170056372,0.8315982818603516,0.0932435467839241,26.195143336853203,0.0084995506331324,0.4879096448421478,0.2069206535816192,20.70604034604504,0.0069165248423814,0.5101069808006287,0.1434232592582702,21.601120588478324,0.0069728814996778,0.4965604245662689,0.1652446389198303,21.565877153304744,0.0070977206341922,0.4951449334621429,0.1689476668834686,21.48881098453688,0.007250202819705,0.4814073145389557,0.1818511635065078,21.396498441536057,0.013962329365313,0.4275735318660736,0.2075190097093582,18.5504212138973,0.011707603931427,0.434116929769516,0.1613868474960327,19.31531978184371,0.0120516689494252,0.4204059541225433,0.1753881573677063,19.18952806588169,0.0127479182556271,0.4018205106258392,0.1846468448638916,18.94560730046428,0.0131205981597304,0.3914420902729034,0.19244946539402,18.82046365299643
000000408830__woman_with_hat_matisse,0.0001177563462988,0.9902880787849426,0.0296656526625156,39.29015677929012,0.0164107847958803,0.016482563689351,0.0163589231669902,0.0063356193713843,0.550449550151825,0.1677561700344085,21.982109219919334,0.0020767904352396,0.8341030478477478,0.0699871927499771,26.826073250396803,0.0025973960291594,0.8221152424812317,0.0959691852331161,25.854618277423185,0.0023806171957403,0.8186061978340149,0.0950365513563156,26.23310433718774,0.0084571186453104,0.590921938419342,0.1211468875408172,20.72777576628533,0.0088346591219306,0.5273935198783875,0.1349231004714965,20.5381020273,0.0095179313793778,0.5011951327323914,0.1341016739606857,20.214574306220456,0.0095829525962471,0.5035221576690674,0.1458923369646072,20.18500660160131,0.0101100979372859,0.4811644554138183,0.1520560085773468,19.9524463734502,0.0068741007708013,0.5411243438720703,0.1631874442100525,21.62784105617158,0.0056015402078628,0.5171919465065002,0.1621975302696228,22.516925423141565,0.0057639307342469,0.508725106716156,0.1652357131242752,22.39281246788491,0.0063006822019815,0.4976023733615875,0.186407059431076,22.006124250676912,0.0063525792211294,0.4908359050750732,0.1875312328338623,21.970499102862785
000000421757__antimonocromatismo,0.0001106725467252,0.9937122464179992,0.0183489732444286,39.55960096234078,0.0131415892392396,0.0129898134618997,0.0130454320460557,0.0067031420767307,0.4624955356121063,0.2345370054244995,21.737215754017026,0.0021559493616223,0.7678561806678772,0.1305655837059021,26.663614439613017,0.003029920393601,0.7375472187995911,0.2072994858026504,25.18568781753124,0.0024282129015773,0.7471429705619812,0.1545219868421554,26.14713237725833,0.0070934086106717,0.4786419570446014,0.2376563251018524,21.49145022211424,0.0055641680955886,0.4729533195495605,0.2059042751789093,22.54599758283898,0.0057457666844129,0.4606682360172272,0.2403769493103027,22.40652013173387,0.0059211147017776,0.4550329744815826,0.24463552236557,22.27596525834632,0.0061043668538331,0.4471500217914581,0.2726208567619324,22.143593744948657,0.0145557075738906,0.4364095032215118,0.2917439937591553,18.369666780323083,0.0134121058508753,0.3691368997097015,0.2582854926586151,18.72503027695523,0.0144291566684842,0.3407083749771118,0.292400598526001,18.407590510913032,0.0147173507139086,0.3373889923095703,0.2949247658252716,18.321703607785423,0.0156883168965578,0.3116683065891266,0.3282958567142486,18.04423646709192
000000421757__impronte_d_artista,0.0001117911888286,0.9859145283699036,0.0369702205061912,39.51592425375339,0.0128153953701257,0.0129014495760202,0.0127543173730373,0.0080219861119985,0.4229491651058197,0.2897607088088989,20.957180942226856,0.0022972223814576,0.7714057564735413,0.1331582963466644,26.38796961110957,0.003118708031252,0.7326803803443909,0.2093358784914016,25.060252813349948,0.0026426492258906,0.7408730983734131,0.2010573446750641,25.77960479460071,0.0130232358351349,0.4317236840724945,0.2847215831279754,18.85281094819785,0.0111509151756763,0.4375463426113128,0.2220351099967956,19.526894878233712,0.0120669277384877,0.409735232591629,0.2449326664209365,19.18403287985553,0.0117873521521687,0.4252160489559173,0.2470336854457855,19.285837415419923,0.0128163183107972,0.3898802995681762,0.2725736796855926,18.92236714828342,0.0104351500049233,0.4463318288326263,0.2689538896083832,19.815013035853767,0.0079528661444783,0.4339115917682647,0.2131532132625579,20.99476327141567,0.0082720210775733,0.4210098683834076,0.2225539833307266,20.823883676420436,0.0086996369063854,0.4101099967956543,0.2286790460348129,20.604988729956226,0.0089447163045406,0.3968869745731354,0.2454769313335418,20.48433429196818
000000421757__picasso_self_portrait,0.0001055822649504,0.9943403601646424,0.0142323588952422,39.76409025750928,0.0129324588924646,0.0129092680290341,0.0128280874341726,0.0059495791792869,0.5200101733207703,0.2076392769813537,22.255137513431837,0.0019321857253089,0.799771785736084,0.1145810261368751,27.139511307154866,0.0032716125715523,0.7366241812705994,0.2046943604946136,24.85238131650836,0.0022006582003086,0.7750779986381531,0.1293894052505493,26.57447405537076,0.0075007155537605,0.5300523638725281,0.1856259405612945,21.24897303778136,0.0065654977224767,0.4817922115325928,0.1804631799459457,21.827323449847672,0.0068857674486935,0.4682432115077972,0.1811027079820633,21.620476487028814,0.0071357716806232,0.4658920764923095,0.1948064565658569,21.46559054292212,0.0071683782152831,0.4605318009853363,0.1984480619430542,21.4457908865883,0.0111236302182078,0.4375255107879638,0.321928322315216,19.53753456778493,0.007586998399347,0.4193725883960724,0.2366844415664672,21.19930007560397,0.0076201106421649,0.4225876331329345,0.2192460596561432,21.180387227636995,0.0081979827955365,0.3981190025806427,0.2602896988391876,20.86292997438326,0.0083129042759537,0.3942992687225342,0.2826312184333801,20.802472204200857
000000421757__trial,0.0001127049108617,0.9890915751457214,0.0262254849076271,39.480571601410034,0.0128557663410902,0.0128906555473804,0.0127437142655253,0.0087524112313985,0.4057342112064361,0.3284473717212677,20.57872285236939,0.0024519399739801,0.7597870826721191,0.1518986672163009,26.10490166000389,0.0029391960706561,0.7372136116027832,0.2218509912490844,25.317714416362115,0.0028707180172204,0.7256085872650146,0.210684448480606,25.4200946496764,0.0090177664533257,0.4517700970172882,0.2960159182548523,20.44901016461839,0.0064688422717154,0.4641218185424804,0.1795734614133834,21.891734380322973,0.0066509624011814,0.4561558663845062,0.1880842447280883,21.77115507286218,0.0066919694654643,0.4504111707210541,0.2049096971750259,21.744460493310704,0.0070196893066167,0.4372750222682953,0.2125013172626495,21.536821094382752,0.0151745183393359,0.397612452507019,0.3060657083988189,18.18885085154741,0.0124307489022612,0.3843684196472168,0.1942014843225479,19.05502706087073,0.0128940269351005,0.374848872423172,0.2144452035427093,18.89611426900365,0.0132424319162964,0.359825849533081,0.2272761762142181,18.780322512375797,0.0142355719581246,0.3351719081401825,0.2593894302845001,18.46625079042684
000000421757__woman_with_hat_matisse,0.0001114149999921,0.9891985058784484,0.0228160209953784,39.53056335416655,0.0128862299025058,0.0129458699375391,0.0128040891140699,0.0056214309297502,0.5090054869651794,0.1635802984237671,22.50153121122452,0.0021360812243074,0.7791357040405273,0.1137501969933509,26.703822373186547,0.0025221628602594,0.7691360116004944,0.1881303042173385,25.98226873738996,0.0024660637136548,0.7526876926422119,0.1538207978010177,26.07995707086889,0.0101284999400377,0.5051785707473755,0.1847153007984161,19.94454870138622,0.009676962159574,0.4737677872180938,0.1658233702182769,20.14260957195283,0.0105635039508342,0.4405547678470611,0.1676831245422363,19.761920009215267,0.0103584080934524,0.4493601620197296,0.1776222884654998,19.847069829451563,0.0111113777384161,0.4204083681106567,0.1745244264602661,19.54232088035304,0.0079727545380592,0.4775099456310272,0.2641119062900543,20.98391606583602,0.0062132193706929,0.449072390794754,0.2636271119117737,22.06683312442004,0.0064244363456964,0.4381667673587799,0.2689734399318695,21.92164969582964,0.0067325979471206,0.4263019561767578,0.2891225218772888,21.71817319671432,0.006881745532155,0.4200520515441894,0.2872788608074188,21.623013904224575
000000565012__antimonocromatismo,0.0001189950635307,0.9936768412590028,0.0126823307946324,39.24471054790874,0.021342184394598,0.0214463807642459,0.0212417375296354,0.0078288177028298,0.5579834580421448,0.0888328850269317,21.063038195393,0.0038786865770816,0.779731810092926,0.1111424788832664,24.113153127802946,0.0045851720497012,0.764548122882843,0.1516820192337036,23.38644363628864,0.0047170589677989,0.7527599334716797,0.1503919661045074,23.26328694619335,0.0063780699856579,0.59532231092453,0.1262633651494979,21.95310719615121,0.0061629270203411,0.5342022180557251,0.1185724809765815,22.102129750327165,0.0065420940518379,0.5217041373252869,0.1402392983436584,21.84283216569856,0.0067194025032222,0.5101853013038635,0.1500978916883468,21.72669343179843,0.0068912971764802,0.5026283860206604,0.1556133329868316,21.616990214069336,0.0129008656367659,0.5155177116394043,0.1701419949531555,18.893811479443293,0.0125414244830608,0.4646358788013458,0.1532028764486313,19.016531325644724,0.0130893886089324,0.44389808177948,0.1780373901128769,18.83080638397141,0.0136252092197537,0.436093807220459,0.1804040968418121,18.656568202596183,0.0142559884116053,0.4162673056125641,0.2039289772510528,18.46002666335953
000000565012__impronte_d_artista,0.0001207694367622,0.9896607398986816,0.0199799872934818,39.18042959133303,0.0212564803659915,0.0215512998402118,0.0212276801466941,0.0093435617163777,0.5089049339294434,0.1225130259990692,20.29487541445597,0.0043004229664802,0.7616462111473083,0.1242357119917869,23.66488827449569,0.004849309567362,0.7500917315483093,0.1610568016767501,23.143200907647035,0.0051404037512838,0.733769953250885,0.1675096154212951,22.890027681509917,0.0105276005342602,0.556559145450592,0.1284711211919784,19.776706025540044,0.0100300796329975,0.5427383780479431,0.1214197725057601,19.98695618920349,0.0107923261821269,0.5101979374885559,0.1452770829200744,19.668849372281915,0.0105666667222976,0.5260547995567322,0.1352854371070861,19.76061990215453,0.0114162303507328,0.4911315143108368,0.1572636216878891,19.42477276837797,0.0077046398073434,0.5547102093696594,0.1492382586002349,21.132476597800384,0.0065150111913681,0.5546875596046448,0.1254133284091949,21.86084833927569,0.0067054820246994,0.5466237664222717,0.137324720621109,21.735699973585888,0.0071302601136267,0.5381537079811096,0.1530320048332214,21.46894626690601,0.0072962748818099,0.5223957896232605,0.1643198579549789,21.368988126450404
000000565012__picasso_self_portrait,0.0001205218723043,0.9944281578063964,0.008625061251223,39.18934130191971,0.0209295265376567,0.0210614912211895,0.0207918658852577,0.0078557888045907,0.5602123141288757,0.0868754312396049,21.04810200658195,0.0039873821660876,0.7759096026420593,0.1127542853355407,23.99312137884372,0.0048290058039128,0.7581846117973328,0.1528722643852234,23.161422726270256,0.0048083364963531,0.7501609325408936,0.1371922492980957,23.180051472042123,0.005580639000982,0.6287965178489685,0.0944980904459953,22.53316070110508,0.0052318777889013,0.5988509654998779,0.0861390829086303,22.813424092223347,0.0054626888595521,0.5887450575828552,0.0948449075222015,22.62593535057037,0.0056702787987887,0.5789387226104736,0.1004711836576461,22.463955869979564,0.0058863484300673,0.5705841183662415,0.1094969809055328,22.30154034323241,0.0097879078239202,0.5224612951278687,0.20231494307518,20.093101292008463,0.0083782337605953,0.4913579225540161,0.1583397388458252,20.76847526581584,0.008681914769113,0.4740503132343292,0.1720443964004516,20.613844819718143,0.0090619083493947,0.4644225537776947,0.1727570295333862,20.427803345154057,0.009394995868206,0.449436753988266,0.1902228593826294,20.271034065603388
000000565012__trial,0.000115073606139,0.9906452298164368,0.0126343378797173,39.39024276914421,0.0209627002477645,0.0212549157440662,0.020920742303133,0.008539262227714,0.5431757569313049,0.1274390965700149,20.68579649717745,0.003940048161894,0.7889421582221985,0.0994932502508163,24.04498469464528,0.0045764651149511,0.7761723399162292,0.1397460252046585,23.39469843788521,0.0048288409598171,0.7589521408081055,0.146406278014183,23.161570980602505,0.0084243780001997,0.5393983721733093,0.1487468928098678,20.744621546765725,0.0070886709727346,0.5424435138702393,0.1259797662496566,21.494351813630157,0.0075610689818859,0.5159037709236145,0.1339963525533676,21.21416799721706,0.0074191982857882,0.5201854109764099,0.1327774822711944,21.29643021792347,0.0079320734366774,0.4967246353626251,0.1600720286369323,21.006132736654045,0.0132773295044898,0.4743640422821045,0.1800493448972702,18.76889266691701,0.0112183662131428,0.4722733497619629,0.1391084194183349,19.500703869552066,0.0114690205082297,0.4612448513507843,0.1498301029205322,19.40473670680697,0.0118507221341133,0.4532265961170196,0.1444037407636642,19.26255184733617,0.0125520480796694,0.4326831102371216,0.165207952260971,19.012854058858142
000000565012__woman_with_hat_matisse,0.0001255769020644,0.991056263446808,0.0199460666626691,39.01090235028988,0.0210961960256099,0.0213174596428871,0.0210192166268825,0.0087022669613361,0.5326482653617859,0.0997615456581115,20.60367597892671,0.0039080018177628,0.7750558257102966,0.1075851842761039,24.080452429460504,0.0046351789496839,0.7610411047935486,0.1430530995130539,23.339334944515148,0.0046682078391313,0.7495198249816895,0.140660285949707,23.308498164273367,0.0081022260710597,0.6249603629112244,0.0912660881876945,20.913956431514443,0.0085104880854487,0.558734118938446,0.0999012216925621,20.700455319555367,0.0091002201661467,0.5378410220146179,0.1093002334237098,20.409481004496783,0.0089321685954928,0.546868622303009,0.1092615649104118,20.49043088175477,0.0098027884960174,0.5106086134910583,0.1215459257364273,20.086503675551985,0.0073995483107864,0.5660404562950134,0.166115790605545,21.307947900149845,0.0068467166274785,0.5144491791725159,0.1525261104106903,21.64517646379664,0.0071777403354644,0.4984307289123535,0.1824883222579956,21.440122569131606,0.007730817887932,0.4827817976474762,0.1964790821075439,21.117745571262425,0.0077855959534645,0.4752185344696045,0.1988963484764099,21.087081384722115
000000443844__antimonocromatismo,0.0001051421277225,0.994138240814209,0.0270186327397823,39.782232385712405,0.0088787581771612,0.0087299551814794,0.0087783951312303,0.0059069744311273,0.3251761496067047,0.4418121576309204,22.28634909021067,0.0009099708404392,0.8329232335090637,0.1751419603824615,30.40972524205556,0.0011059910757467,0.8188675045967102,0.2326611280441284,29.56248377343792,0.0009404727607034,0.827268660068512,0.18022520840168,30.266537785798576,0.0088086640462279,0.2983130514621734,0.4052901566028595,20.55089953261785,0.0056391735561192,0.3510564565658569,0.3382988572120666,22.48784538980548,0.0058355131186544,0.3409678637981415,0.3470546007156372,22.33920950277991,0.0059332554228603,0.3475901186466217,0.377391904592514,22.267069551597523,0.0059789191000163,0.3396272957324981,0.363335907459259,22.23377322922747,0.0168739221990108,0.3603825867176056,0.3401600122451782,17.72783957635958,0.0174111109226942,0.2068763971328735,0.3183554112911224,17.591735176705164,0.0174528155475854,0.2019334882497787,0.3183978497982025,17.58134501189423,0.01836708933115,0.1898594498634338,0.3498000502586365,17.359596617440612,0.0185065511614084,0.1821365356445312,0.3537072837352752,17.326745078340757
000000443844__impronte_d_artista,9.604760998627172e-05,0.9858232140541076,0.05583331361413,40.17513437493469,0.0085403658449649,0.0086779650300741,0.0084948521107435,0.0044302591122686,0.3847518861293793,0.4052307605743408,23.53570872481756,0.0008910749456845,0.8151291012763977,0.1544951945543289,30.500857671994744,0.0017106471350416,0.7963257431983948,0.2020308971405029,27.66839565624755,0.0009501188178546,0.8131122589111328,0.2359291762113571,30.2222208027753,0.0186270605772733,0.2332350760698318,0.3587352335453033,17.29855673058085,0.0161266904324293,0.2438517808914184,0.28365558385849,17.924547506773504,0.016556728631258,0.2241716980934143,0.2955012321472168,17.81025469347165,0.0166111271828413,0.2311936616897583,0.3089619874954223,17.79600896586614,0.0171951260417699,0.2156801968812942,0.3319852948188782,17.64594636413961,0.0132168978452682,0.2757259905338287,0.3695036172866821,18.788704666943165,0.0097256964072585,0.2922602593898773,0.2959976196289062,20.120792912875014,0.0097785182297229,0.2845898568630218,0.2878053486347198,20.09726950264543,0.0101197650656104,0.284318059682846,0.3168854713439941,19.948295696991188,0.0101903621107339,0.2741048634052276,0.3017446994781494,19.91810383226209
000000443844__picasso_self_portrait,9.944522025762126e-05,0.994535505771637,0.0253821182996034,40.0241608599983,0.0089893750846385,0.0088896146044135,0.008897440508008,0.0044782604090869,0.3651235103607178,0.3525169193744659,23.488906559688598,0.0008808450656943,0.840179443359375,0.1468771547079086,30.551004741433832,0.0014277190202847,0.8159587979316711,0.2057630717754364,28.45357254707488,0.0009204988018609,0.8313797116279602,0.1542036235332489,30.359767724456947,0.0091669242829084,0.3927070200443268,0.2725178003311157,20.377763558268384,0.0078639350831508,0.3754033744335174,0.235431432723999,21.043600802656623,0.00773137062788,0.3807714879512787,0.2270324081182479,21.11743506940919,0.0081777339801192,0.3620105683803558,0.2595767676830292,20.87367021055512,0.0082631669938564,0.3578369617462158,0.2494602054357528,20.8285347031296,0.0118821607902646,0.3223333656787872,0.3844925463199615,19.251045750150308,0.0078046936541795,0.3001182377338409,0.2795832753181457,21.07644138970613,0.0079125901684165,0.29839888215065,0.2762241959571838,21.0168132791644,0.0084273228421807,0.2819320261478424,0.3108528554439544,20.743103683794647,0.0087779583409428,0.2687995135784149,0.3185022473335266,20.566064845917023
000000443844__trial,0.00010652578203,0.9903820157051086,0.0285028498619794,39.72545268860906,0.0086320750415325,0.0087758526206016,0.0085706356912851,0.0074072214774787,0.2794928550720215,0.5433803796768188,21.303446696579943,0.000903780106455,0.8158338665962219,0.1947778761386871,30.4393722236736,0.0022335031535476,0.7916393876075745,0.2375794649124145,26.510134299987808,0.0009860615245997,0.8092177510261536,0.2325786501169204,30.060959867214745,0.0113510740920901,0.2901836633682251,0.4049103856086731,19.449630415371843,0.0071537592448294,0.3221865594387054,0.2763751149177551,21.45465679842834,0.0072163981385529,0.3190159499645233,0.2749817967414856,21.416795141847057,0.007585534825921,0.3100086152553558,0.2782363593578338,21.20013793419397,0.0076453760266304,0.3109586834907532,0.2925333082675934,21.16601149587884,0.0193051919341087,0.2940903902053833,0.36457359790802,17.14325876220199,0.0157300028949975,0.2569909691810608,0.2964466512203216,18.03271197447828,0.0163290258496999,0.2435071617364883,0.3088991940021515,17.870397234518933,0.0166588816791772,0.2422465085983276,0.3453449010848999,17.783541564024578,0.0168806929141283,0.2332739382982254,0.3366855680942535,17.72609730541759
000000443844__woman_with_hat_matisse,0.0001048648773576,0.9886479377746582,0.0481161922216415,39.79369946734473,0.0087077263742685,0.0087966788560152,0.0086324103176593,0.0036306653637439,0.407881498336792,0.3156278729438782,24.4001377790528,0.0008063014247454,0.8154270052909851,0.1328483670949936,30.93502572795774,0.0012337284861132,0.8110916018486023,0.1707057207822799,29.08780407529005,0.0008583423332311,0.8153970837593079,0.1635817736387252,30.6633946765066,0.0135594671592116,0.374152660369873,0.2825648486614227,18.67757376424772,0.0131339579820632,0.3321988582611084,0.2670410573482513,18.81604377433779,0.0135668301954865,0.3220416307449341,0.2628479599952698,18.67521610661316,0.0139514477923512,0.3180394470691681,0.2735859751701355,18.55380721737826,0.0144080817699432,0.3012950718402862,0.3001797795295715,18.41393835437388,0.0102476356551051,0.2955541908740997,0.4305986166000366,19.89376323914252,0.0061270319856703,0.3398207426071167,0.3861244320869446,22.12749852463237,0.0061896848492324,0.3376406133174896,0.4022558927536011,22.08331462728447,0.0064457599073648,0.328023225069046,0.3805558979511261,21.90725875188642,0.0064585381187498,0.3298364877700805,0.4267773628234863,21.89865772842008
000000252507__antimonocromatismo,0.0001041305440594,0.9936728477478028,0.0146515313535928,39.82421862508789,0.0140162725001573,0.0137939844280481,0.0139115564525127,0.0060831294395029,0.5426973700523376,0.2465157061815261,22.158729423298126,0.0020364765077829,0.857337236404419,0.0932517722249031,26.911205954474088,0.0026942489203065,0.8409852981567383,0.1163577288389206,25.69562282510008,0.0024501765146851,0.8404764533042908,0.1019410789012909,26.10802627230431,0.0058785490691661,0.5105228424072266,0.2132200449705124,22.307298523272927,0.0043804529123008,0.5553134083747864,0.1215666681528091,23.584809837552548,0.0044901180081069,0.5500911474227905,0.1236866265535354,23.477422448327157,0.0045450585894286,0.5428970456123352,0.1441957652568817,23.42460514003826,0.0045900125987827,0.5401143431663513,0.1563502848148346,23.381861223986142,0.0133343590423464,0.4538469314575195,0.2194354385137558,18.75027855194366,0.0109906112775206,0.4424944818019867,0.1748512983322143,19.58978152246992,0.0119041679427027,0.424048900604248,0.1664221733808517,19.24300954775801,0.0120395272970199,0.4184063971042633,0.1985216736793518,19.19390564268054,0.0130075858905911,0.3970191776752472,0.2132060527801513,18.858032977258617
000000252507__impronte_d_artista,0.0001059548594639,0.9884612560272216,0.0249210204929113,39.74879120218051,0.013771591708064,0.013768901117146,0.0136429592967033,0.0069746882654726,0.5113999843597412,0.2875339388847351,21.564751984644744,0.0027737782802432,0.8341334462165833,0.1083311140537262,25.569282568587216,0.0032693839166313,0.820439875125885,0.1272616237401962,24.85534078170142,0.003336252644658,0.811456024646759,0.1284320652484893,24.767410689376813,0.0122755905613303,0.4410568177700043,0.2132103443145752,19.10957605408049,0.0097499629482626,0.4730607569217682,0.1541716903448104,20.10997034701015,0.0106749637052416,0.4561522305011749,0.1492255628108978,19.716335928968547,0.0103121129795908,0.459791749715805,0.1670551002025604,19.866523374948294,0.0112390024587512,0.4378409683704376,0.1659815311431884,19.4927223377454,0.0092370612546801,0.4669616222381592,0.2215974032878875,20.34466176385651,0.0067846956662833,0.4969684183597564,0.1885616481304168,21.6846962824272,0.0068714232183992,0.4934751689434051,0.1822204291820526,21.62953301967741,0.0072189359925687,0.4784901142120361,0.1967168152332306,21.415268088858475,0.0074647478759288,0.471558004617691,0.2004859298467636,21.269848561160423
000000252507__picasso_self_portrait,0.0001042636067722,0.9946743845939636,0.0134219843894243,39.8186725567784,0.0138147436082363,0.0135610727593302,0.013713339343667,0.0058447755873203,0.5691826343536377,0.2594636678695678,22.33232159105984,0.0020916445646435,0.8550381660461426,0.0908981561660766,26.795121136522027,0.0028326048050075,0.8324810862541199,0.1196213066577911,25.47814012481541,0.0025396281853318,0.8364930748939514,0.101005882024765,25.952298616787395,0.0063752830028533,0.5492036938667297,0.1600851714611053,21.95500531858776,0.0052925539202988,0.5555517077445984,0.1464200168848037,22.763347087135667,0.0054265749640762,0.5491282939910889,0.1533928215503692,22.65474193158891,0.0056489706039428,0.5401908755302429,0.158971831202507,22.480306852351045,0.0059126573614776,0.5273538827896118,0.1730513572692871,22.28217287639002,0.0097967525944113,0.4611273109912872,0.3157660365104675,20.089178594144837,0.0067517142742872,0.4836845099925995,0.1933270096778869,21.705859448963267,0.0073789781890809,0.4622828662395477,0.2045869827270507,21.320037733487453,0.0072560445405542,0.4589147269725799,0.2014582902193069,21.3930006006351,0.0079489899799227,0.4341231286525726,0.2467790693044662,20.996880504646303
000000252507__trial,0.0001094090039259,0.9906566143035888,0.0196920186281204,39.609469358228914,0.0136396568268537,0.0136037599295377,0.013546185567975,0.0097085461020469,0.4558466970920563,0.3467165231704712,20.1284580275264,0.0029257910791784,0.8292484283447266,0.1105877682566642,25.33756688600096,0.003377605928108,0.8188257217407227,0.129369631409645,24.71391021796256,0.0035702642053365,0.8052342534065247,0.1298664808273315,24.472996442031917,0.0085100596770644,0.4606580436229706,0.2969066500663757,20.70067394400853,0.0058141928166151,0.5087489485740662,0.1467063128948211,22.355105697786254,0.006346323993057,0.488456130027771,0.1681478470563888,21.97477760031849,0.0059694745577871,0.497821569442749,0.1655507981777191,22.240638944479173,0.00648501701653,0.4790988862514496,0.1906886994838714,21.8808888000004,0.0139352045953273,0.4185060262680053,0.2888684868812561,18.55886650634249,0.0097211683169007,0.466823548078537,0.1797720491886139,20.12281537224765,0.0107927247881889,0.4323063790798187,0.178506851196289,19.66868897199988,0.0107321813702583,0.4310971200466156,0.1842202246189117,19.693119965072924,0.0115121938288211,0.413546085357666,0.2049832940101623,19.388419068686357
000000252507__woman_with_hat_matisse,0.00010753308743,0.9902276396751404,0.0187251307070255,39.684578847965255,0.0137648871168494,0.0137270130217075,0.0136312432587146,0.0052161156199872,0.5802628397941589,0.2160866260528564,22.82652790633892,0.0024636092130094,0.8477707505226135,0.0842675417661666,26.084281804740968,0.0035078879445791,0.8181080222129822,0.1122918128967285,24.549542881190582,0.0030750846490263,0.8205690383911133,0.1094989776611328,25.12142924734396,0.0088698863983154,0.5228676795959473,0.1534929573535919,20.5208194238932,0.007543493527919,0.5268791317939758,0.1316414326429367,21.224274779342814,0.0083988141268491,0.5036689639091492,0.1405176371335983,20.75782029952762,0.0080390581861138,0.5112232565879822,0.140464574098587,20.947948279346814,0.0088823055848479,0.4840623438358307,0.1440769582986831,20.51474289535428,0.0067635583691298,0.4857305586338043,0.2361821234226226,21.69824757684522,0.0050992281176149,0.5339196920394897,0.1356941759586334,22.9249555912384,0.0052149617113173,0.5259620547294617,0.1561078429222107,22.827488758519586,0.0054987245239317,0.5113025307655334,0.1731023639440536,22.597380371344705,0.0056851953268051,0.5036802291870117,0.1770368665456771,22.45254609622444
000000102331__antimonocromatismo,0.0001151156830019,0.9932917952537536,0.0089408038184046,39.38865505412606,0.0180650502443313,0.0182259380817413,0.0179744828492403,0.0055590607225894,0.6838683485984802,0.1096892431378364,22.54998582061186,0.0025999343488365,0.84695965051651,0.0766388177871704,25.850376182976422,0.0046756630763411,0.7923045754432678,0.1003573089838028,23.3015679121373,0.0029878271743655,0.8316119313240051,0.0931322053074836,25.24644527134457,0.0058719497174024,0.5918418765068054,0.1343677937984466,22.31217672020485,0.0045427889563143,0.6164242625236511,0.0862169340252876,23.42677438672299,0.004693659953773,0.6044177412986755,0.0948604866862297,23.284883773597965,0.0047853305004537,0.5989879369735718,0.1001192480325698,23.200880621574477,0.0049093882553279,0.593007504940033,0.1051643714308738,23.08972620685049,0.0124176992103457,0.5199801921844482,0.1785102188587188,19.059588641283963,0.0096320509910583,0.5558853149414062,0.1173337548971176,20.1628122697115,0.0104123149067163,0.5267727971076965,0.1439006775617599,19.824527057009973,0.010860688984394,0.5221869349479675,0.1516345292329788,19.641426229396966,0.0119888521730899,0.4864091873168945,0.1804664731025695,19.212223947790235
000000102331__impronte_d_artista,0.0001195774893858,0.9879274368286132,0.0172957442700862,39.22350569140648,0.0181563794612884,0.0184227190911769,0.0181370060890913,0.0067903320305049,0.6307914853096008,0.1480053812265396,21.68108989270224,0.0034113759174942,0.8079243302345276,0.1013358458876609,24.67070420757389,0.0037851009983569,0.8018348813056946,0.1020732671022415,24.219225276714663,0.0040053143166005,0.7813417315483093,0.1241483390331268,23.973633970307027,0.010640705935657,0.5459145903587341,0.159108355641365,19.73029558714809,0.0082845240831375,0.5927733778953552,0.0973104760050773,20.817324352233847,0.0093147875741124,0.5531209111213684,0.1186069250106811,20.30827044841033,0.0089482339099049,0.5704264044761658,0.1116915717720985,20.48262671820241,0.0101303271949291,0.5300759077072144,0.1509208679199218,19.943765273290182,0.0079286601394414,0.5425233244895935,0.1563668549060821,21.008001977027384,0.0058969953097403,0.5864667296409607,0.1211259216070175,22.293692176443933,0.005855185445398,0.5883353352546692,0.1126463860273361,22.3245934540158,0.0064156143926084,0.5800028443336487,0.124319739639759,21.92761746998677,0.0067753777839243,0.5595354437828064,0.1293206512928009,21.690664842322303
000000102331__picasso_self_portrait,0.0001060524009517,0.9939672350883484,0.0087144281715154,39.7447949491462,0.0177766978740692,0.017810046672821,0.0176902674138546,0.004756657872349,0.7162327766418457,0.0859820917248725,23.22698084546954,0.0023762704804539,0.8531126379966736,0.0708219408988952,26.24104127039782,0.0029579403344541,0.8413165211677551,0.1014800369739532,25.290105905415103,0.0028064760845154,0.8331864476203918,0.0887732207775116,25.51838654284225,0.0055157239548861,0.6280522346496582,0.0915148705244064,22.583974770628245,0.0044825091026723,0.6420167088508606,0.0691872984170913,23.484788198390973,0.0048178187571465,0.6255450248718262,0.0881941318511962,23.17149541874341,0.0049628871493041,0.6238222718238831,0.086904302239418,23.042656000780557,0.0051571307703852,0.6169003248214722,0.0888447985053062,22.875918559625585,0.0091601563617587,0.5268426537513733,0.2047675251960754,20.380971129621276,0.0062895300798118,0.5802615880966187,0.1148779094219207,22.013818015131573,0.0065705464221537,0.5570074915885925,0.1341160982847213,21.823985119838536,0.0068949852138757,0.5558043122291565,0.1339184343814849,21.61466660820843,0.0074500427581369,0.5232994556427002,0.1922626793384552,21.27841234692021
000000102331__trial,0.0001165907597169,0.9891751408576964,0.0147274378687143,39.33335867784281,0.0178441517055034,0.0180532708764076,0.0178228840231895,0.0075977104716002,0.6144688725471497,0.1576111912727356,21.19317260265654,0.0031340373679995,0.8217789530754089,0.086536668241024,25.03895829622612,0.0035730523522943,0.8139182925224304,0.0939853340387344,24.469606204765487,0.0037427386268973,0.798894464969635,0.1152225583791732,24.26810500660006,0.0080938851460814,0.534026026725769,0.1808175295591354,20.918429626300163,0.0055347899906337,0.6079502701759338,0.0955491960048675,22.56898853130197,0.0057836542837321,0.5863663554191589,0.1138338074088096,22.37797674765168,0.0056788902729749,0.5914061665534973,0.1089173778891563,22.457365226357638,0.0061700330115854,0.5609846711158752,0.1494916230440139,22.09712512350704,0.0133672803640365,0.4755136966705322,0.1895643919706344,18.73956943002493,0.0098246755078434,0.5422309041023254,0.1203242689371109,20.076817847164257,0.0102162742987275,0.5284712910652161,0.117998257279396,19.90707455131435,0.0105773201212286,0.5228641033172607,0.1189400106668472,19.75624351581357,0.0112298838794231,0.4981507360935211,0.136824682354927,19.496247344586223
000000102331__woman_with_hat_matisse,0.000115643859317,0.9899654388427734,0.0167029574513435,39.36877423295607,0.0180244669318199,0.0182571895420551,0.0179708953946828,0.0057513918727636,0.6798036098480225,0.1008051633834838,22.4022704061288,0.0026356475427746,0.8467128872871399,0.066309630870819,25.79112667091085,0.0029391115531325,0.8421454429626465,0.0742272287607193,25.317839300925822,0.0031045170035213,0.8291457295417786,0.0825210213661193,25.080059571691784,0.0085776830092072,0.5946729183197021,0.1045894399285316,20.6663000728042,0.0077446890063583,0.6011627316474915,0.0828358978033065,21.10996016966647,0.0084128165617585,0.5778639912605286,0.0898271575570106,20.75058580605914,0.0080903358757495,0.5912835597991943,0.0826495811343193,20.92033447985171,0.0086335884407162,0.5689525604248047,0.0942144840955734,20.638086578092405,0.0071274167858064,0.5580844283103943,0.1906743943691253,21.47067844474631,0.0053318589925765,0.5858997702598572,0.1187810078263282,22.731213445461847,0.0054241851903498,0.5768579840660095,0.1240631192922592,22.656654913802896,0.0058179623447358,0.5651611685752869,0.132816344499588,22.3522909393914,0.0060604531317949,0.5536076426506042,0.1452513188123703,22.174949030150717
000000428218__antimonocromatismo,0.0001190135153592,0.9923431277275084,0.0337058007717132,39.24403716652424,0.0132577251642942,0.0131289102137088,0.0132044870406389,0.0066786333918571,0.5083354115486145,0.1463013589382171,21.75312395472723,0.0024922264274209,0.671499490737915,0.2043526768684387,26.034125030593152,0.0029594714287668,0.6526281833648682,0.2258380353450775,25.287858484236008,0.002664845669642,0.6616625189781189,0.2199079096317291,25.74327937392985,0.0066871116869151,0.513111412525177,0.2658708393573761,21.74761423232597,0.0052786669693887,0.4791832268238067,0.2153503149747848,22.77475736733487,0.0054038856178522,0.4737595021724701,0.2014981210231781,22.672938521113952,0.0056224684230983,0.4627405107021332,0.2305197119712829,22.500729749697264,0.0057833497412502,0.4549257755279541,0.2183643281459808,22.378205434559955,0.0143183683976531,0.4514245092868805,0.2604602575302124,18.44106467801015,0.0128234587609767,0.4234111309051513,0.2409148514270782,18.91994820510557,0.0133716464042663,0.4037765562534332,0.2351454198360443,18.73815116278268,0.0138677209615707,0.3917049467563629,0.2602655291557312,18.57994905555392,0.014454792253673,0.3763934075832367,0.2753135561943054,18.39988145690436
000000428218__impronte_d_artista,0.0001255737297469,0.9832311272621156,0.0562729872763156,39.01101206293394,0.0133311711251735,0.0134345917031168,0.0133531270548701,0.0086838733404874,0.4095325767993927,0.2126415371894836,20.612865196174937,0.0030969481449574,0.6219468712806702,0.2352149188518524,25.09066066373077,0.0035160819534212,0.6036487221717834,0.251907467842102,24.539410108724915,0.0033528329804539,0.6047787666320801,0.2996380627155304,24.745880801750705,0.0133155426010489,0.4508072435855865,0.2580366432666778,18.756411316028025,0.0110468184575438,0.48429074883461,0.223146378993988,19.56762783090709,0.0119244484230875,0.4503677189350128,0.2285392582416534,19.235617005351905,0.0116927027702331,0.4711796343326568,0.2325036525726318,19.320850899907832,0.0125408470630645,0.425973504781723,0.2450499534606933,19.016731283864377,0.0099863307550549,0.4591205418109894,0.2707460224628448,20.005940538710973,0.0075329183600842,0.4574387967586517,0.2254858165979385,21.230367393186462,0.0078054913319647,0.4450494349002838,0.235015869140625,21.07599754222957,0.0082542477175593,0.4343973100185394,0.2480263113975525,20.833225016865224,0.0083085158839821,0.4299099743366241,0.2556660175323486,20.804765455251164
000000428218__picasso_self_portrait,0.0001237022952409,0.9934410452842712,0.0254806540906429,39.076222421556025,0.0131774973124265,0.0130774909630417,0.0131118241697549,0.0073953736573457,0.4782713949680328,0.1807785034179687,21.31039878026288,0.002776727778837,0.6555059552192688,0.276262879371643,25.56466694950453,0.0030662270728498,0.6502253413200378,0.2977365255355835,25.133956861306903,0.0029994491487741,0.6409962177276611,0.2909147143363952,25.229584964849824,0.0066525689326226,0.5796642899513245,0.1754942387342453,21.77010616678483,0.0060190833173692,0.5212501883506775,0.1673761308193206,22.20469645041506,0.0062088165432214,0.5117200016975403,0.1740296185016632,22.069911724045674,0.0064934804104268,0.5022575855255127,0.1866531819105148,21.875224653115502,0.0064363926649093,0.5042062401771545,0.1771816909313202,21.913574687679365,0.0098843593150377,0.4746456444263458,0.3077933192253113,20.05051475562372,0.0071321814320981,0.4418622553348541,0.2408490478992462,21.467776175498457,0.0071145775727927,0.4419763088226318,0.2340357154607772,21.47850880998023,0.0078187147155404,0.4170297682285309,0.2576850354671478,21.0686463285132,0.0079217227175831,0.4122425615787506,0.2602780759334564,21.011803631853347
000000428218__trial,0.0001248627522727,0.9868576526641846,0.0394047759473323,39.03567096413433,0.0132128307595849,0.013229401782155,0.0132339186966419,0.0099075362086296,0.3979599177837372,0.2594552636146545,20.040343317942472,0.0031374518293887,0.6268834471702576,0.2735680341720581,25.03422933364693,0.0033449151087552,0.618821918964386,0.2878952324390411,24.756148997995957,0.0034121479839086,0.605241596698761,0.3209682703018188,24.66972141865223,0.0078931199386715,0.4984221458435058,0.272244930267334,21.027512978905065,0.0060393218882381,0.4851381778717041,0.2048137485980987,22.19011822426765,0.0062447958625853,0.4761486947536468,0.2092514336109161,22.04481753799338,0.006019917782396,0.4893375933170318,0.1994199752807617,22.204094401201708,0.0065789786167442,0.4605413377285003,0.2286310940980911,21.818415251615704,0.0134902289137244,0.4353283941745758,0.2838059663772583,18.699806807859268,0.0113661559298634,0.424722671508789,0.216572493314743,19.44386390257262,0.0116394972428679,0.4205080270767212,0.2315359115600586,19.34065778222532,0.0118006467819213,0.4104219973087311,0.2196730524301529,19.280941887852684,0.0124954171478748,0.3913244307041168,0.2290104627609253,19.03249240778337
000000428218__woman_with_hat_matisse,0.000121765951917,0.987306535243988,0.051796767860651,39.14474131749979,0.0134347341954708,0.0134868761524558,0.0134260337799787,0.0071881171315908,0.4588809311389923,0.1459929496049881,21.433848546029783,0.0027482463046908,0.6497487425804138,0.2117439210414886,25.6094434731316,0.002892785007134,0.6461801528930664,0.2299716472625732,25.386838420813245,0.0029664465691894,0.6371237635612488,0.2346355766057968,25.27763469647502,0.0091009577736258,0.5527628064155579,0.1629672646522522,20.40912900655553,0.0094761019572615,0.4833119213581085,0.1829531043767929,20.23370275171953,0.0096652032807469,0.4824127852916717,0.1761459112167358,20.14789007359353,0.0096003906801342,0.4804569482803345,0.1881280243396759,20.17711093338122,0.0102597177028656,0.4613272249698639,0.1856713742017746,19.88864588714884,0.0074809021316468,0.514228343963623,0.2901993691921234,21.2604602684517,0.005967067554593,0.4496034383773803,0.2613218128681183,22.242390453767957,0.0060991519130766,0.4459909200668335,0.2613006830215454,22.1473054942812,0.0062751434743404,0.4379388391971588,0.2716805040836334,22.023763400617423,0.006445787847042,0.4298886358737945,0.2799766659736633,21.907239927075185
000000007816__antimonocromatismo,0.0001104143084376,0.994227945804596,0.0081198709085583,39.569746433382925,0.0187906604260206,0.0188676156103611,0.0187153667211532,0.0056238039396703,0.6880387663841248,0.0739247426390647,22.49969828351589,0.0021610953845083,0.867985188961029,0.0608564987778663,26.653260641896686,0.0026670929510146,0.8591125011444092,0.0885284394025802,25.739618484236217,0.002371336100623,0.8622439503669739,0.0700475051999092,26.250068870588517,0.0062568918801844,0.6195042729377747,0.1130582094192504,22.036413496165324,0.0052087032236158,0.631074845790863,0.0847929716110229,22.832703866674656,0.0053564645349979,0.6265761256217957,0.0887427330017089,22.71121766193651,0.0054866136051714,0.6232264041900635,0.0956029593944549,22.60695623921056,0.0056854984723031,0.6150665283203125,0.1007064580917358,22.45231452826673,0.0125889359042048,0.538090705871582,0.1856555491685867,19.000109776334085,0.0102135566994547,0.5750134587287903,0.1099519580602645,19.908229958204632,0.0107221715152263,0.5594708919525146,0.1153558194637298,19.697172499440825,0.0114909233525395,0.543567419052124,0.1300128400325775,19.39645072199365,0.0119837494567036,0.5278627872467041,0.1487596929073333,19.214072793098712
000000007816__impronte_d_artista,0.000118166579341,0.9908137321472168,0.0143261235207319,39.275053361459705,0.0191074181348085,0.0194116421043872,0.0191389098763465,0.0068013090640306,0.6501590609550476,0.1036684289574623,21.674074895629797,0.0026397218462079,0.8565245270729065,0.0676736533641815,25.784418333655097,0.0033188946545124,0.8493139743804932,0.0859991163015365,24.79006532372969,0.0029182645957916,0.8498129844665527,0.0887438058853149,25.34875333661684,0.0099477125331759,0.5807780027389526,0.1436196565628051,20.022767733678503,0.0086389547213912,0.6057102084159851,0.0921600759029388,20.63538802219525,0.0092276213690638,0.5881167054176331,0.1006743013858795,20.34910233906018,0.0090874815359711,0.5927980542182922,0.0967084914445877,20.41556458535545,0.0097438031807541,0.5711453557014465,0.110610544681549,20.11271497122497,0.0072234100662171,0.5985667109489441,0.1287740468978881,21.41257729949309,0.0051045953296124,0.650844395160675,0.0748206004500389,22.920386812131724,0.0052251056768,0.6411155462265015,0.0806978791952133,22.819049216021718,0.0057986471801996,0.6290585398674011,0.0904916375875473,22.36673315178996,0.0059693627990782,0.6199375987052917,0.0926268696784973,22.24072025254821
000000007816__picasso_self_portrait,0.0001067938574124,0.9947277903556824,0.0084663005545735,39.714537264143225,0.0187830440700054,0.0189820937812328,0.0187329147011041,0.0057093217037618,0.6990289688110352,0.0713807120919227,22.43415485066141,0.002132513327524,0.8766965866088867,0.0613272003829479,26.711082459507924,0.0033615287393331,0.8552329540252686,0.0988253951072692,24.734631714000518,0.0023714683484286,0.8674996495246887,0.0690686702728271,26.24982667425575,0.0052063474431633,0.65863037109375,0.0787943676114082,22.834668528203963,0.0040042935870587,0.6791195273399353,0.0555114671587944,23.974740883941852,0.0041855280287563,0.6715395450592041,0.0574945956468582,23.782497454342703,0.0043860566802322,0.6641709804534912,0.0615344047546386,23.57925760311697,0.0045492625795304,0.6559848785400391,0.0708605498075485,23.42058995341944,0.0094783417880535,0.5624352097511292,0.2079840451478958,20.23267634738824,0.0074378275312483,0.5971554517745972,0.0995316505432128,21.28553896304495,0.0073903803713619,0.5937550067901611,0.1133482456207275,21.31333208569669,0.0081097809597849,0.5777923464775085,0.1161447465419769,20.90990875658309,0.0082032931968569,0.5671488642692566,0.1312084943056106,20.86011765896118
000000007816__trial,0.0001111880992539,0.9909483790397644,0.011330634355545,39.53941693913468,0.0187767893075943,0.0190356895327568,0.0187726523727178,0.0061889924108982,0.6659711003303528,0.108304426074028,22.083800498499315,0.002403489081189,0.8670071959495544,0.0625813826918602,26.1915784648733,0.0027528952341526,0.8650781512260437,0.0790368393063545,25.60210316065859,0.0026580384001135,0.8610115647315979,0.0775254219770431,25.75438749188257,0.0080010956153273,0.5742975473403931,0.1832044422626495,20.968505396190903,0.0066792424768209,0.6147622466087341,0.0832683816552162,21.752727900382105,0.0067454590462148,0.6097345948219299,0.0944378301501274,21.7098849010559,0.0067716226913034,0.6066698431968689,0.0921506583690643,21.693072483850063,0.0069005615077912,0.5996907949447632,0.1005861908197403,21.61115568710073,0.0129452897235751,0.5033711194992065,0.1835252195596695,18.878882253417466,0.0096336035057902,0.5702028870582581,0.0999833270907402,20.162112320916403,0.010160963051021,0.5513853430747986,0.1149640679359436,19.930651278864527,0.0107784271240234,0.5409166812896729,0.1239276006817817,19.674446103177445,0.0114638283848762,0.520954430103302,0.1352833211421966,19.406703240115423
000000007816__woman_with_hat_matisse,0.0001171985277323,0.9922278523445128,0.0132022891193628,39.31077843963929,0.0190824978053569,0.0194241851568222,0.0190845858305692,0.0066478517837822,0.662609875202179,0.0862835943698883,21.77318671865802,0.0023623851593583,0.8703410625457764,0.0533692091703414,26.266492942977216,0.0036711823195219,0.8505231738090515,0.0777555927634239,24.35194046878162,0.0025815784465521,0.8634143471717834,0.0683274716138839,25.88114673488308,0.0081969359889626,0.6272168755531311,0.0962272956967353,20.8634845636743,0.0073832855559885,0.6281135678291321,0.0752671137452125,21.31750334477188,0.007972084917128,0.6070818305015564,0.0803993120789527,20.984280839249205,0.0079719731584191,0.6094942688941956,0.0855486840009689,20.984341722357343,0.0086687160655856,0.5838777422904968,0.0971597209572792,20.62045221661401,0.007359767332673,0.6039489507675171,0.1631944179534912,21.331359149741036,0.0059221102856099,0.6137188076972961,0.1018148958683013,22.27523509140935,0.0061278319917619,0.6023277640342712,0.1161165237426757,22.12693150368101,0.0068212430924177,0.5859633088111877,0.1194070503115654,21.661364730000948,0.006980066653341,0.5812658667564392,0.1321404725313186,21.56140430236437
000000410878__antimonocromatismo,0.0001051760991686,0.993532121181488,0.0125960418954491,39.78082940586324,0.010886488482356,0.0109189674258232,0.0108237359672784,0.0044826571829617,0.5836544036865234,0.1434788405895233,23.484644730996152,0.0013764831237494,0.8377366662025452,0.0990010201930999,28.61229108867381,0.0016410610405728,0.8229586482048035,0.1102037355303764,27.848752647172176,0.0015485325129702,0.8234109878540039,0.1055078953504562,28.100796717696785,0.006137425545603,0.4878397285938263,0.2100134938955307,22.120137633544964,0.0039553404785692,0.5503398776054382,0.1122940331697464,24.028161261740504,0.0040444093756377,0.5414225459098816,0.107641227543354,23.931448915127223,0.004314724355936,0.5226123929023743,0.1528701931238174,23.650469437540306,0.004466013982892,0.5168539881706238,0.1524756401777267,23.50079921505659,0.0137211373075842,0.4293679893016815,0.2232598066329956,18.62609889654237,0.0107308225706219,0.4574630558490753,0.1659316718578338,19.693669859380822,0.0111466348171234,0.4461162984371185,0.1634277403354644,19.52856226870804,0.0120329111814498,0.4208061993122101,0.1966009736061096,19.19629288945542,0.0127851674333214,0.3955458700656891,0.1995794922113418,18.932935801216924
000000410878__impronte_d_artista,0.0001087854616343,0.9853777885437012,0.0254695359617471,39.634291409783096,0.0109618995338678,0.0111598065122962,0.0109530314803123,0.0048130904324352,0.5408695340156555,0.2089227437973022,23.17575978352007,0.0016413583653047,0.8203315734863281,0.1037607938051223,27.847965870866016,0.0021121541503816,0.7954292297363281,0.1148663461208343,26.75274389065725,0.0018727518618106,0.8046347498893738,0.1228390261530876,27.275197624995343,0.0121510690078139,0.4421603679656982,0.19346684217453,19.153855127017227,0.0093510122969746,0.4996195137500763,0.1335897147655487,20.29141371887604,0.0099998107179999,0.4812740087509155,0.1285198628902435,20.00008220490615,0.0098667787387967,0.485470175743103,0.1459064185619354,20.058246106845857,0.0105604464188218,0.463498592376709,0.1463042199611663,19.76317722604005,0.0085542807355523,0.4531247913837433,0.225206047296524,20.678165011097672,0.0057953931391239,0.5218033790588379,0.1510198265314102,22.36917097688156,0.0062444419600069,0.4982292950153351,0.1604445874691009,22.04506366660288,0.0066436454653739,0.493175595998764,0.1799373477697372,21.775935514975806,0.0069766608066856,0.4794521331787109,0.1747661232948303,21.563523911624102
000000410878__picasso_self_portrait,9.89396939985454e-05,0.9947240948677064,0.0114765278995037,40.046294371591095,0.0109323030337691,0.0109881199896335,0.0108883958309888,0.0038963051047176,0.6005442142486572,0.1222962141036987,24.09347042525677,0.0013498197076842,0.8481931686401367,0.0943079963326454,28.697242353470777,0.0020386022515594,0.8042144775390625,0.1193583905696868,26.90667500461835,0.001541904057376,0.8315563797950745,0.1083280146121978,28.11942648754881,0.0061575849540531,0.5249795913696289,0.1401074379682541,22.105895876379478,0.0047791735269129,0.5552035570144653,0.1205015629529953,23.20647200403547,0.0049564684741199,0.5478124618530273,0.1136902421712875,23.048276518299133,0.0051961159333586,0.5383821129798889,0.1270510256290435,22.84321167711356,0.0053564510308206,0.5279881954193115,0.1396466940641403,22.71122861094411,0.0101762013509869,0.4221200048923492,0.2575766444206238,19.924143084608502,0.0061427098698914,0.4791592359542846,0.167742371559143,22.116399966258683,0.0061271390877664,0.4776180684566498,0.1594567000865936,22.12742260950265,0.0070331781171262,0.4445359706878662,0.1942165493965149,21.52848383822834,0.0065601337701082,0.4673917591571808,0.1838516294956207,21.83087304675023
000000410878__trial,0.0001118536965805,0.9879971146583556,0.021677378565073,39.51349658612597,0.0108237657696008,0.010974071919918,0.010800827294588,0.0058911689557135,0.5093767046928406,0.2648522853851318,22.297985217417096,0.001680601388216,0.8067657351493835,0.1298726201057434,27.745352820552498,0.0020884186960756,0.7873495221138,0.1333548724651336,26.801824275250286,0.0019057282479479,0.793489933013916,0.1290653198957443,27.19939028582761,0.0081127323210239,0.4447766244411468,0.2573955357074737,20.90832853298624,0.0057350900024175,0.4930503070354461,0.1509189158678054,22.4145976220097,0.0056315860711038,0.4962290823459625,0.1461723148822784,22.493692739017945,0.0059781945310533,0.4778497517108917,0.1679081916809082,22.234299570805387,0.0056855133734643,0.4891758859157562,0.1608510017395019,22.452303145828346,0.0137646421790122,0.3970619440078735,0.2433320581912994,18.61235073896536,0.0107369208708405,0.4278377592563629,0.1706283986568451,19.691202475501026,0.0109157552942633,0.4304752349853515,0.164635494351387,19.619462087608728,0.0113874683156609,0.410457044839859,0.1910142302513122,19.435728183924034,0.0115471929311752,0.4091859757900238,0.178828477859497,19.375235779075087
000000410878__woman_with_hat_matisse,0.0001045928584062,0.989941418170929,0.0177222900092601,39.80497968056148,0.0110995899885892,0.0112008601427078,0.0110694477334618,0.0032745057251304,0.6184654235839844,0.1022541522979736,24.84854245916082,0.0014156288234516,0.8272307515144348,0.0960281416773796,28.490506033257184,0.0016380537999793,0.8198880553245544,0.0992163568735122,27.85671838442223,0.0016449559479951,0.8115186095237732,0.1006443798542022,27.838457279868194,0.009338148869574,0.5063957571983337,0.1426054388284683,20.29739206789965,0.0083649838343262,0.512224018573761,0.1264209300279617,20.775348939926424,0.008961827494204,0.491881251335144,0.1246038824319839,20.47603420056576,0.0088734598830342,0.4929602146148681,0.1366276443004608,20.519070098043485,0.0096387015655636,0.4673144817352295,0.1477066129446029,20.159814661895894,0.0072060599923133,0.4596464335918426,0.2181513905525207,21.423021265845016,0.0045542027801275,0.5215179920196533,0.1404290050268173,23.41587635923384,0.004750573541969,0.5105077624320984,0.1515126377344131,23.232539543592434,0.00511902756989,0.4998513460159302,0.1730997860431671,22.908125314345448,0.0053198696114122,0.4897900521755218,0.1864083260297775,22.74099012016624
000000461009__antimonocromatismo,9.776557999430224e-05,0.9944284558296204,0.0130301974713802,40.09814018930733,0.0083723478019237,0.008328947238624,0.0082982666790485,0.0041034598834812,0.5490972995758057,0.2264626920223236,23.86849807998718,0.0005523002473637,0.9251425862312316,0.0525503568351268,32.57824762264851,0.0009523855405859,0.9141406416893004,0.0779717415571212,30.21187206811253,0.0005962978466413,0.9229366183280944,0.0573282502591609,32.24536758981361,0.0058871866203844,0.4473444521427154,0.2056254595518112,22.30092197087682,0.0035309109371155,0.5351908802986145,0.1216757073998451,24.521132368427587,0.003663103794679,0.5265253186225891,0.1454518139362335,24.361507753519128,0.0037169754505157,0.5256993174552917,0.1243559047579765,24.298103072768203,0.0037971104029566,0.5204718708992004,0.1435099244117736,24.205467753390582,0.014002475887537,0.3911709785461426,0.2157684117555618,18.53795166519864,0.0119169121608138,0.3776394426822662,0.1526603996753692,19.238362618142897,0.0122993737459182,0.3654619455337524,0.1595804095268249,19.101170012123166,0.0130040375515818,0.3449962139129638,0.1860529780387878,18.859217850678487,0.0132650472223758,0.3416725099086761,0.1903195828199386,18.772911996295782
000000461009__impronte_d_artista,0.0001071230508387,0.9870628714561462,0.0250803939998149,39.70117067217585,0.0084122689440846,0.0085297301411628,0.0083824004977941,0.0030474280938506,0.6125306487083435,0.1686100363731384,25.160665330639095,0.0007483088993467,0.9185967445373536,0.0622038021683692,31.259190898508677,0.0009868739871308,0.9136173129081726,0.0763337835669517,30.0573829838161,0.0007900649798102,0.9158584475517272,0.0768143534660339,31.023371881874144,0.0137810008600354,0.3474313914775848,0.1895610392093658,18.607192401783173,0.0112936040386557,0.3973700106143951,0.1468563973903656,19.47167442988497,0.0118053732439875,0.3826099932193756,0.1512950658798217,19.27920277518613,0.0117309354245662,0.3845678865909576,0.1561206877231598,19.30667355869998,0.0121437758207321,0.3712747395038605,0.1601969748735427,19.15646258635489,0.0085346279665827,0.4125074446201324,0.20655257999897,20.688154054902764,0.0055943951010704,0.486601710319519,0.1321666538715362,22.52246865072948,0.0057582235895097,0.474269837141037,0.1459248065948486,22.39711475650189,0.0062565095722675,0.4592507183551788,0.156516820192337,22.036678866407577,0.0066764126531779,0.4383600652217865,0.1724233776330948,21.754568284547958
000000461009__picasso_self_portrait,9.56743024289608e-05,0.994844615459442,0.011602733284235,40.1920469557702,0.0085663413628935,0.0085274390876293,0.0085218045860528,0.0036116130650043,0.5688804984092712,0.2068428695201873,24.422987845863663,0.0006845477037131,0.922719657421112,0.0641926229000091,31.64596282025945,0.0011421466479077,0.9080880284309388,0.1060680896043777,29.422781305137494,0.0007524159736931,0.920204222202301,0.0695263892412185,31.23541993008496,0.0063702980987727,0.485387235879898,0.1350768059492111,21.95840244332952,0.0046036480925977,0.5252434611320496,0.1166425347328186,23.368978816721537,0.0046348101459443,0.5263820290565491,0.1190069317817688,23.339680510032917,0.0049582873471081,0.5147096514701843,0.1213310807943344,23.04668308216177,0.0051141916774213,0.5071506500244141,0.1264354288578033,22.91222998858297,0.0092229256406426,0.4182846844196319,0.2578607201576233,20.35131292824738,0.0053343162871897,0.4749052822589874,0.1459014117717743,22.729212372946574,0.0055459905415773,0.4651122391223907,0.1538945734500885,22.56020875426075,0.0061798729002475,0.4376064538955688,0.1783344149589538,22.09020456834931,0.0061800107359886,0.4398304224014282,0.1825325638055801,22.09010770448957
000000461009__trial,0.0001045138851623,0.9900490641593932,0.0207415968179702,39.80826007650744,0.0082767950370907,0.0083014816045761,0.0082305213436484,0.005116106942296,0.5015882849693298,0.3120243549346924,22.9106038601441,0.0007422472699545,0.915358543395996,0.0635744929313659,31.29451391099196,0.0008457914809696,0.9128219485282898,0.0810009986162185,30.727366934933396,0.0008017606451176,0.9126898646354676,0.0727369263768196,30.95955265156745,0.0085967797785997,0.3865284025669098,0.2433753609657287,20.65664198324432,0.0050919991917908,0.477565199136734,0.1388920545578003,22.931116739502,0.00514428736642,0.4726282656192779,0.1370790898799896,22.88674779165357,0.0054467315785586,0.4595878422260284,0.1463653445243835,22.63864026750586,0.0055101066827774,0.4558776915073395,0.1531888991594314,22.5883999256509,0.0153213748708367,0.3340912759304046,0.2321549952030182,18.147022613335423,0.0115491459146142,0.3738225698471069,0.1547991037368774,19.374501316406803,0.0118213333189487,0.3619433343410492,0.1630010902881622,19.27333536956848,0.0120710851624608,0.3580156862735748,0.1740889251232147,19.182536860845424,0.0128091322258114,0.3382625579833984,0.1913501471281051,18.924802912004445
000000461009__woman_with_hat_matisse,0.0001044321907102,0.9900116324424744,0.0218364410102367,39.811656115548175,0.0084730125963687,0.0085596367716789,0.0084496941417455,0.0025225498247891,0.6371510624885559,0.1503092497587204,25.981602469276048,0.0005360341747291,0.9341049790382384,0.0480269603431224,32.708075210849266,0.0006126696243882,0.9354510307312012,0.0648611038923263,32.12773651066118,0.0005730247939936,0.9316527247428894,0.0558227226138114,32.41826586301927,0.0105709284543991,0.439325213432312,0.1624941527843475,19.75886866532308,0.0096669504418969,0.4387333393096924,0.1412519514560699,20.147105078337045,0.0100018475204706,0.4217685759067535,0.1301374435424804,19.99919770616484,0.0101574677973985,0.4234332144260406,0.140468031167984,19.93214545859466,0.0109591856598854,0.3982307910919189,0.1512294709682464,19.60221715610555,0.006667926441878,0.4339309632778168,0.2140648961067199,21.760091997952404,0.0038904210086911,0.5218415856361389,0.1475641280412674,24.10003398196711,0.0040277913212776,0.5135741233825684,0.1656555831432342,23.949330382091063,0.0043534529395401,0.499839037656784,0.1739236861467361,23.61166145865893,0.0043066465295851,0.5030716061592102,0.1579213887453079,23.65860771736412
000000551350__antimonocromatismo,0.000117345007311,0.9938082695007324,0.0164742898195981,39.30535383639921,0.0202020183205604,0.0202416665852069,0.0200967155396938,0.0125885671004652,0.4924744069576263,0.1878888756036758,19.000237008513523,0.0068767853081226,0.5815778374671936,0.3531209826469421,21.62614534034173,0.0078223114833235,0.5418979525566101,0.4464511573314667,21.06664894495461,0.0076402933336794,0.5349724888801575,0.4326425492763519,21.16889967242006,0.0068498905748128,0.5786830186843872,0.2293935418128967,21.643163661914464,0.0069024451076984,0.4723935127258301,0.2182342112064361,21.609970384400157,0.0071619418449699,0.4484060704708099,0.243799015879631,21.44969209784765,0.0072733010165393,0.4517307579517364,0.2430943250656128,21.382684381240512,0.0076274485327303,0.4300211369991302,0.2762803435325622,21.17620714138079,0.0136605473235249,0.509732186794281,0.24055016040802,18.64531899862041,0.0128664700314402,0.4489302635192871,0.2097372412681579,18.905405872173112,0.0138150341808795,0.4166053533554077,0.24055215716362,18.59648036223472,0.0147607736289501,0.3960698544979095,0.270149290561676,18.30890880048255,0.0158993229269981,0.363546758890152,0.2796565592288971,17.986213697254296
000000551350__impronte_d_artista,0.0001257724070455,0.9882168769836426,0.0309848953038454,39.00414627430169,0.0198896750807762,0.020285490900278,0.0198725908994674,0.014627338387072,0.4449141025543213,0.207206130027771,18.34834691575852,0.0068413116969168,0.5860297679901123,0.310670793056488,21.64860622239213,0.0097943684086203,0.4987452030181885,0.4466652870178222,20.09023564313945,0.0079258093610405,0.5154259204864502,0.4492140710353851,21.00956377932161,0.0115740289911627,0.5480961203575134,0.2328215837478637,19.365154341302176,0.0100770592689514,0.5450329780578613,0.1992903053760528,19.966661870968203,0.0113770673051476,0.4951367676258087,0.198349118232727,19.43969672680293,0.0107616111636161,0.5241429209709167,0.2159094810485839,19.68122703847469,0.0119880447164177,0.4759707748889923,0.2242602109909057,19.21251645768329,0.0087623400613665,0.5598406791687012,0.2205676287412643,20.57379896112289,0.0079193590208888,0.4864829480648041,0.1953184306621551,21.013099680261934,0.0084387017413973,0.4578325748443603,0.2203342467546463,20.73724362606115,0.0088109206408262,0.4487817585468292,0.2299419641494751,20.54978710391457,0.0091945948079228,0.4290978908538818,0.24536694586277,20.36467404714168
000000551350__picasso_self_portrait,0.0001132566467276,0.9944233298301696,0.0168488230556249,39.45936300993304,0.019868990406394,0.0201034620404243,0.0197979155927896,0.0106478445231914,0.5598823428153992,0.1654085218906402,19.727382989320464,0.0066660083830356,0.5948427319526672,0.3459590375423431,21.76134144515297,0.0084640281274914,0.5334625840187073,0.4547927379608154,20.72422902067628,0.0074385646730661,0.547084629535675,0.4103831648826599,21.285108567530067,0.0063076354563236,0.6331934332847595,0.156140387058258,22.001334142464213,0.0067534130066633,0.5238451361656189,0.1676118820905685,21.704766900798838,0.0069909025914967,0.5108941197395325,0.1707702875137329,21.554667491183377,0.0072387023828923,0.5031898021697998,0.1830518394708633,21.40339278893673,0.0075095612555742,0.4939213693141937,0.1855328977108001,21.243854358119734,0.010574054904282,0.5123289227485657,0.3009927272796631,19.75758438912481,0.0098626380786299,0.4077788591384887,0.2593703866004944,20.060069035424934,0.0094441501423716,0.4197265207767486,0.2635615766048431,20.248371171582,0.0106559200212359,0.3795512616634369,0.3048612177371979,19.72409047789601,0.0097280628979206,0.4076199233531952,0.2747818529605865,20.11973630080845
000000551350__trial,0.0001230161142302,0.9895313382148744,0.0295220781117677,39.1003799536629,0.0198096502572298,0.0200420264154672,0.0198013931512832,0.0155935399234294,0.4375645220279693,0.2232442051172256,18.070552834835244,0.0070777125656604,0.5805829167366028,0.3458186089992523,21.50107078556698,0.0081543466076254,0.5308399200439453,0.4459594488143921,20.886108324252053,0.0081278597936034,0.5137812495231628,0.4444152414798736,20.90023796618909,0.0090148886665701,0.5415499806404114,0.2486872673034668,20.450396324238632,0.0078372284770011,0.4736950099468231,0.1927498430013656,21.05837492155839,0.0077843167819082,0.4741363525390625,0.1992346346378326,21.087794988142985,0.008667635731399,0.4411734640598297,0.2313088476657867,20.62099348755952,0.0079243620857596,0.4625225067138672,0.2068196833133697,21.0103568857838,0.0144399255514144,0.4712073504924774,0.2443896234035492,18.404350458725585,0.012739080004394,0.4353924989700317,0.2316344976425171,18.948619349082097,0.0129634784534573,0.4268088340759277,0.2375441342592239,18.87278449819852,0.0139946294948458,0.395421415567398,0.2421285212039947,18.54038594909426,0.0138533459976315,0.4018357098102569,0.2619657516479492,18.58445318815828
000000551350__woman_with_hat_matisse,0.0001234719384228,0.9904314875602722,0.0263051930814981,39.08431733682576,0.0198278408497571,0.0199908129870891,0.0197621472179889,0.0130942687392234,0.4803434610366821,0.1588772535324096,18.829187501129564,0.0066879526712,0.599811851978302,0.3231198489665985,21.74706808940659,0.0077501009218394,0.5568328499794006,0.4324296116828918,21.10692642072708,0.0077952221035957,0.5280358791351318,0.4428195357322693,21.08171506261943,0.0088970093056559,0.6122120022773743,0.1485796868801117,20.50755955189528,0.0095473425462841,0.5365926623344421,0.1562661379575729,20.201174952320777,0.0103501910343766,0.5066044330596924,0.1646764874458313,19.850516343220423,0.010093037970364,0.5177183151245117,0.1746266931295395,19.959780929125586,0.0111166648566722,0.4760368764400482,0.1895305663347244,19.540254871780963,0.007403768133372,0.5839791297912598,0.2349947839975357,21.305471906719475,0.0078260554000735,0.4401961266994476,0.2585121393203735,21.06457082085598,0.0079123536124825,0.4278463423252105,0.2698970437049866,21.01694311840832,0.0083642164245247,0.4165279865264892,0.2842885851860046,20.775747383172032,0.0085695888847112,0.3991227447986603,0.3213572204113006,20.6704001231064
000000189213__antimonocromatismo,0.0001038384725688,0.9931126236915588,0.0107439802959561,39.83641708831254,0.0116812754422426,0.0114406133070588,0.0115790367126464,0.0043512359261512,0.5563469529151917,0.1708398163318634,23.6138736840854,0.000925145111978,0.8399085998535156,0.0861665084958076,30.337901414355407,0.0012468294007703,0.8187565207481384,0.1076466739177703,29.041929654248836,0.0009520856547169,0.8351396918296814,0.0938939750194549,30.213239784038254,0.0057936701923608,0.4950676262378692,0.1625732779502868,22.37046230864136,0.0037098973989486,0.5611898899078369,0.1100958585739135,24.306381010821475,0.0037483272608369,0.5619682669639587,0.1015529856085777,24.261624985283948,0.0038674667011946,0.5515534281730652,0.1140651181340217,24.125734168786728,0.0039278059266507,0.5460792183876038,0.1190996170043945,24.05849978896007,0.01365118753165,0.4328250586986542,0.1842095553874969,18.648295672305707,0.0113210380077362,0.4331400096416473,0.149632379412651,19.46113751560754,0.0117053864523768,0.4224408566951751,0.1669199019670486,19.316142435338467,0.0122813507914543,0.4120472967624664,0.1731877326965332,19.10753863731324,0.0129171339794993,0.3888822495937347,0.184645414352417,18.888338357963
000000189213__impronte_d_artista,0.000111254514195,0.9859249591827391,0.0220225360244512,39.53682358322624,0.0117129804566502,0.0117216622456908,0.0117047242820262,0.0039191613905131,0.5660117268562317,0.1968270540237426,24.068068519681542,0.0011437331559136,0.8267151713371277,0.0954929590225219,29.41675288857841,0.0013689226470887,0.8131608963012695,0.1118487194180488,28.63621091596928,0.0012632154393941,0.819127082824707,0.1099327728152275,28.98522574891235,0.0126940915361046,0.4135335683822632,0.1822530925273895,18.963983743471115,0.0104123344644904,0.4573722779750824,0.1266015321016311,19.82451889952967,0.0110658509656786,0.4413054883480072,0.1427535265684127,19.560151831386037,0.0109306797385215,0.4423759877681732,0.143290713429451,19.61352830043896,0.0114342058077454,0.4289065599441528,0.1472601592540741,19.417939950530236,0.0088165244087576,0.4565533697605133,0.1878796368837356,20.54702585795336,0.0051885587163269,0.5262627005577087,0.1094448864459991,22.84953264208457,0.0053101722151041,0.5211309790611267,0.1263542026281356,22.74891394011449,0.0059566833078861,0.5043522715568542,0.1325220763683319,22.249954889214013,0.0059444294311106,0.5026738047599792,0.142617255449295,22.25889824276908
000000189213__picasso_self_portrait,0.0001041676514432,0.9942657947540284,0.0100443148985505,39.82267127301719,0.0115588419139385,0.0113149732351303,0.0114738568663597,0.0044386396184563,0.5696348547935486,0.1711073219776153,23.52750114733442,0.0010099047794938,0.837352454662323,0.0813158974051475,29.957195724449758,0.0013338791904971,0.8119615912437439,0.109044425189495,28.74883502710597,0.0010774326510727,0.8297412991523743,0.0878152847290039,29.676098675074805,0.0060981400310993,0.5250580906867981,0.11930413544178,22.1480260718686,0.0040702577680349,0.5730120539665222,0.0935987830162048,23.903780861825645,0.004125524777919,0.5699793696403503,0.0919068306684494,23.845208001665195,0.0042972932569682,0.5648210644721985,0.094613991677761,23.668050080714305,0.0045004864223301,0.553340494632721,0.0957823693752288,23.46740544198604,0.0095602525398135,0.4403243958950043,0.2452542334794998,20.19530635422763,0.0055728633888065,0.4929190576076507,0.1807880401611328,22.539216029539656,0.0059035620652139,0.4778633415699005,0.2057629227638244,22.28885866583937,0.0060481834225356,0.4769333600997925,0.2048107832670211,22.18375046510294,0.0062603950500488,0.4671229422092438,0.2203034162521362,22.03398260616577
000000189213__trial,0.0001107273055822,0.9873074889183044,0.0184930358082056,39.5574526799757,0.011526133865118,0.0114470459520816,0.0115110641345381,0.0046501592732965,0.5392575860023499,0.2288993597030639,23.32532171770431,0.0010384073248133,0.8287134170532227,0.0930279418826103,29.83632257066452,0.0011454276973381,0.8239904046058655,0.1042479798197746,29.410323195152564,0.0010970126604661,0.8268564343452454,0.1030774712562561,29.59788360265897,0.0073291193693876,0.4520405232906341,0.1988175064325332,21.349482048938597,0.0049322401173412,0.5179652571678162,0.1324635744094848,23.069557887069013,0.0053160698153078,0.4986714422702789,0.1497106105089187,22.744093241544647,0.0050466721877455,0.5132808685302734,0.1480813473463058,22.969949044355044,0.005233580712229,0.5003552436828613,0.158450037240982,22.81201073759437,0.0135752568021416,0.3896012306213379,0.1887880265712738,18.67251946144406,0.0102966390550136,0.428971379995346,0.1438247114419937,19.873045110285663,0.0107871433719992,0.413919061422348,0.1520743370056152,19.67093549017917,0.011088777333498,0.4109617173671722,0.1674031913280487,19.55116337222189,0.0115023935213685,0.3970938622951507,0.1683772355318069,19.392117783453777
000000189213__woman_with_hat_matisse,0.0001075804248102,0.9887616634368896,0.0200273245573043,39.68266745122008,0.0118885887786746,0.0118222050368785,0.0118227684870362,0.0025780808646231,0.6421509981155396,0.108336828649044,25.887034645974914,0.0008359365165233,0.8580331802368164,0.0756314620375633,30.77826702908428,0.0009484442416578,0.8515901565551758,0.0923933386802673,30.2298819587928,0.0008776258327998,0.8536966443061829,0.0771670117974281,30.56690601844811,0.008680154569447,0.5111571550369263,0.1173313334584236,20.61472541176016,0.008081748150289,0.507206380367279,0.1018926054239273,20.924946875043528,0.0085116727277636,0.4930185377597809,0.1020575612783432,20.69985083270218,0.008455310948193,0.4951184093952179,0.109798640012741,20.72870416380699,0.0088859936222434,0.4808317720890045,0.1139007657766342,20.5129400280182,0.0068143806420266,0.4746330678462982,0.1892087608575821,21.665736109919955,0.0041710780933499,0.5437776446342468,0.1277838945388794,23.79751678964177,0.0041648671030998,0.5351955890655518,0.132729634642601,23.80398851954969,0.0046215862967073,0.5248008370399475,0.1545813083648681,23.35208933175053,0.0046270601451396,0.5226016640663147,0.1522652506828308,23.346948552585825
000000255912__antimonocromatismo,9.76652154349722e-05,0.9943642616271972,0.0094043370336294,40.10260087607186,0.0106680858880281,0.0105541218072175,0.0105869201943278,0.0044286833144724,0.6105344295501709,0.081810638308525,23.53725374060332,0.0016433141427114,0.8024342060089111,0.1133903264999389,27.84279407103597,0.0021607484668493,0.7668302655220032,0.1395656466484069,26.653957864797384,0.0018570316024124,0.7811166644096375,0.1349492818117141,27.311807055027803,0.0055051730014383,0.5273793935775757,0.111569233238697,22.592290286650737,0.0039412477053701,0.5559921860694885,0.0983233824372291,24.043662690941133,0.0040991818532347,0.5458530783653259,0.1095739006996154,23.8730281451968,0.0041838646866381,0.5412406325340271,0.1064721420407295,23.784223697422824,0.0043702176772058,0.5280673503875732,0.1282722055912017,23.59496930614271,0.0123189454898238,0.4837132692337036,0.1611734628677368,19.094264664858184,0.0107721341773867,0.4782091677188873,0.1468433886766433,19.67698245667532,0.0111503936350345,0.4630192220211029,0.1514825671911239,19.527098007318894,0.011975054629147,0.4425872564315796,0.1589462757110595,19.21722496695612,0.0123562887310981,0.4284919798374176,0.1639760285615921,19.08111952033129
000000255912__impronte_d_artista,0.0001117270367103,0.9856524467468262,0.0197036266326904,39.51841719692803,0.0107249990105628,0.0107813067734241,0.010695750825107,0.0049903257749974,0.5457916259765625,0.1227243468165397,23.01871102139021,0.0019334006356075,0.7602440714836121,0.1160461232066154,27.136781429683285,0.0021339126396924,0.7490264773368835,0.1404248923063278,26.70823364141221,0.0021470012143254,0.7376894354820251,0.1623225808143615,26.681677099304565,0.0112566910684108,0.4867302477359772,0.1558902710676193,19.48589252639356,0.0093400469049811,0.5282416939735413,0.1129278391599655,20.296509427716916,0.0098792621865868,0.5051417946815491,0.1221489757299423,20.05275488636965,0.0098944306373596,0.5097132325172424,0.1365276277065277,20.04609191671555,0.0104013821110129,0.4860765039920807,0.1290887743234634,19.82908948844961,0.0075544607825577,0.5066755414009094,0.1461353302001953,21.217965290108687,0.0054842103272676,0.5452632904052734,0.1271326392889022,22.608858977519404,0.0056191273033618,0.5392097234725952,0.1269178092479705,22.503311286950417,0.0060742036439478,0.5219346284866333,0.138463094830513,22.16510652002828,0.0062197777442634,0.512514591217041,0.1424539238214492,22.06225133985152
000000255912__picasso_self_portrait,9.846493048826233e-05,0.994967520236969,0.009316112846136,40.06718421353902,0.0106146745383739,0.0105028674006462,0.0105291502550244,0.0044324328191578,0.5998046398162842,0.0824240520596504,23.533578381275287,0.0017648892244324,0.7871372103691101,0.1234736070036888,27.532825484787207,0.00217189011164,0.7530002593994141,0.152652695775032,26.631621519725208,0.0019986496772617,0.7630026340484619,0.1531686931848526,26.99263322222632,0.0054886261932551,0.5803682804107666,0.0958372503519058,22.60536346142171,0.0045804162509739,0.5838490724563599,0.0910146683454513,23.390950531562357,0.0049013718962669,0.5641381144523621,0.103623054921627,23.09682343729166,0.0049630883149802,0.5641414523124695,0.1059984862804412,23.042479967415545,0.0051401951350271,0.5491628646850586,0.1082920953631401,22.89020393756297,0.0088742850348353,0.479440689086914,0.1990309357643127,20.518666262090388,0.0062496908940374,0.4852869510650635,0.1660108566284179,22.041414620692976,0.0062374118715524,0.483498603105545,0.156545415520668,22.049955774757837,0.006928130518645,0.459913969039917,0.187794417142868,21.59383939265335,0.0067152571864426,0.4668846130371094,0.1674784719944,21.72937349709498
000000255912__trial,0.0001102624300983,0.9887420535087584,0.0169342141598463,39.57572440237993,0.0104669574648141,0.0105069652199745,0.0104242041707038,0.006230351049453,0.5175332427024841,0.1507355570793151,22.05487482306305,0.0017877295613288,0.7626011967658997,0.1217138469219207,27.476981784403986,0.0020458165090531,0.7463371753692627,0.1438994258642196,26.891333211024985,0.0019909322727471,0.7416086196899414,0.1567671597003936,27.009435134896528,0.0076834107749164,0.4775373637676239,0.1757998168468475,21.14445947690389,0.0052186953835189,0.5307854413986206,0.1175506860017776,22.82438052276125,0.0055822026915848,0.5089074969291687,0.1226504072546958,22.53194398188011,0.0058710556477308,0.5019179582595825,0.1400828212499618,22.31283803221741,0.0055754403583705,0.5088179111480713,0.1391492038965225,22.537208255609244,0.0131118232384324,0.4397453963756561,0.1792352944612503,18.823369141577267,0.0104356436058878,0.4578588008880615,0.1380451470613479,19.81480761177723,0.010866860859096,0.4440264999866485,0.1471705734729766,19.638958936750104,0.0113327661529183,0.4301146268844604,0.1708386242389679,19.45664072632261,0.0116252722218632,0.4179620444774627,0.1815382838249206,19.345968687116542
000000255912__woman_with_hat_matisse,0.0001058973939507,0.9899631142616272,0.0178657863289117,39.751147273971895,0.0107845617458224,0.0108617339283227,0.0107374973595142,0.0039796140044927,0.6090906262397766,0.0741839408874511,24.001590494962453,0.0015900110593065,0.7789701819419861,0.1086560189723968,27.9859985493797,0.0018624240765348,0.7644538283348083,0.1249572038650512,27.299214226409102,0.0018531726673245,0.7537315487861633,0.1372004300355911,27.320841138852785,0.0091828256845474,0.5341029763221741,0.1084799915552139,20.37023659716292,0.0083578722551465,0.5290942788124084,0.098171979188919,20.77904271061374,0.0091536743566393,0.4988354444503784,0.1097669154405593,20.38404541726303,0.0089529361575841,0.5084007382392883,0.119339108467102,20.480345124028503,0.0095573142170906,0.4800383150577545,0.1216897815465927,20.196641353990813,0.0067538605071604,0.4981848001480102,0.1442538201808929,21.704479134364828,0.0044939122162759,0.5282484292984009,0.1304179430007934,23.473754153079263,0.0046923751942813,0.5144243836402893,0.1333304345607757,23.28607269725421,0.0049280156381428,0.5084816813468933,0.1386634707450866,23.07327922688525,0.0050757015123963,0.4988403618335724,0.1653814166784286,22.945039254525778
000000364557__antimonocromatismo,0.0001145461646956,0.9936339855194092,0.0140700489282608,39.41019447543158,0.0188069511204957,0.0190393067896366,0.0187208540737628,0.0093656601384282,0.4759364128112793,0.1767845004796981,20.28461605969192,0.0031006708741188,0.7860069870948792,0.113328993320465,25.085443302283164,0.0037964964285492,0.7627573013305664,0.1690026223659515,24.206170043365887,0.0035217946860939,0.764099657535553,0.132788598537445,24.532359661698603,0.0071168956346809,0.5460888743400574,0.2501413226127624,21.47709402813581,0.0060274242423474,0.5237460732460022,0.1586516201496124,22.198682394884127,0.0062037431634962,0.5092551708221436,0.1951769292354583,22.0734619038539,0.0062418528832495,0.5031632781028748,0.2195343375205993,22.046864716120304,0.0063638854771852,0.4923512935638428,0.2299451380968094,21.962776444047805,0.0137722259387373,0.4793912172317505,0.2546570301055908,18.609958611385803,0.0119220465421676,0.4524168074131012,0.1871871799230575,19.236491870722904,0.0126370629295706,0.421239286661148,0.2241416871547699,18.983538518209755,0.012766808271408,0.4185661077499389,0.2334223836660385,18.939176636896757,0.013632864691317,0.3904151022434234,0.2460636794567108,18.65412875720133
000000364557__impronte_d_artista,0.0001115262348321,0.9886388182640076,0.0290698148310184,39.52622959498049,0.0187232755124568,0.0191127359867095,0.0187446810305118,0.0097148912027478,0.4606534540653229,0.1958038657903671,20.12562058709165,0.0029710286762565,0.7911671996116638,0.0826815590262413,25.270931563821748,0.0036372954491525,0.7676622867584229,0.1460074186325073,24.3922142076952,0.0034437656868249,0.7664394974708557,0.130095899105072,24.62966405528718,0.0115373758599162,0.4941165447235107,0.2070648670196533,19.378929588712037,0.0102172456681728,0.4990585148334503,0.1746872365474701,19.90666164116378,0.0110266432166099,0.4679705202579498,0.1798945665359497,19.57556677440217,0.0105697214603424,0.4861303865909576,0.178611546754837,19.75936457331191,0.0113968923687934,0.4533014595508575,0.1961208581924438,19.43213553143516,0.0084814382717013,0.5112109184265137,0.2338447123765945,20.71530494382662,0.0074845664203166,0.4874419271945953,0.1943128705024719,21.258333531990782,0.0076672141440212,0.4683012664318084,0.1980935633182525,21.15362406801415,0.0077863708138465,0.4622696340084076,0.2143630385398864,21.08664917523505,0.007829057984054,0.4497922658920288,0.2133972197771072,21.06290490424688
000000364557__picasso_self_portrait,0.0001093063910957,0.99396950006485,0.0135890077799558,39.6135444430402,0.0187167674303054,0.019045565277338,0.0186471529304981,0.0074719549156725,0.523829460144043,0.1419768929481506,21.2656575721877,0.0026372000575065,0.7978255152702332,0.0977748334407806,25.78856923458146,0.0041118585504591,0.7486622333526611,0.1609757393598556,23.859618336556963,0.003061554627493,0.7741201519966125,0.1097819805145263,25.140579870180176,0.0065690581686794,0.5813630223274231,0.1824316829442978,21.82496892459435,0.0061827544122934,0.5306496024131775,0.148431658744812,22.08818003946547,0.0064989221282303,0.5156653523445129,0.1570735722780227,21.871586668308176,0.0064289886504411,0.5125431418418884,0.170517086982727,21.91857340929304,0.0066732168197631,0.5044230222702026,0.1726555377244949,21.75664764240048,0.0106474868953228,0.4805509150028229,0.3067095875740051,19.727528857733493,0.0085725244134664,0.4659856557846069,0.2008877098560333,20.668912693954425,0.0086424984037876,0.4547491073608398,0.2254185676574707,20.633606919968717,0.0088235437870025,0.4469343721866607,0.2370647192001342,20.54356954773368,0.0089840563014149,0.4313075244426727,0.2429952919483184,20.46527535095082
000000364557__trial,0.000114127411507,0.9899900555610656,0.0185016114264726,39.42610032737831,0.0186259597539901,0.0189528781920671,0.0186412632465362,0.0102832401171326,0.4452674090862274,0.2326595336198806,19.87870023154136,0.0031276093795895,0.784752368927002,0.1011697351932525,25.04787493106477,0.0038666215259581,0.7612856030464172,0.1549075543880462,24.12668335615599,0.0036916730459779,0.7568466663360596,0.1490366756916046,24.32776769351247,0.0091457888484001,0.5052787661552429,0.2836557328701019,20.387788295279638,0.0073586367070674,0.5061295032501221,0.1751417815685272,21.3320263748848,0.0075380038470029,0.4907624721527099,0.1797661632299423,21.22743645245164,0.007401845883578,0.4916653633117676,0.1943504810333252,21.30659961744071,0.0077157467603683,0.4716622829437256,0.2134779691696167,21.126220348357545,0.0151665061712265,0.4325524270534515,0.2691324055194855,18.19114453841858,0.0120552433654665,0.4441041052341461,0.202188566327095,19.1882401786949,0.0128201274201273,0.4102830588817596,0.2145755290985107,18.92107658313051,0.0125691099092364,0.4205808639526367,0.2156645357608795,19.006954761083147,0.0133649865165352,0.3914542496204376,0.2377590239048004,18.740314750516475
000000364557__woman_with_hat_matisse,0.000115451090096,0.9907674789428712,0.0206995457410812,39.37601962093226,0.0186953656375408,0.019110269844532,0.0186972133815288,0.0086552565917372,0.4954248964786529,0.1371479928493499,20.62720052603865,0.0029399432241916,0.7890505790710449,0.0928608924150466,25.316610565464664,0.0038299392908811,0.7610530853271484,0.1412550061941146,24.168081100638258,0.0034332622308284,0.7639121413230896,0.1288591623306274,24.64293024115061,0.0092082284390926,0.5778500437736511,0.1611913293600082,20.35823915202899,0.0095426132902503,0.5210626721382141,0.1377802640199661,20.203326753884525,0.0101989088580012,0.4925328493118286,0.1504452377557754,19.914462892476188,0.0099064949899911,0.5034049153327942,0.1518683135509491,20.04079975762908,0.0108084417879581,0.4695424139499664,0.1734111309051513,19.662369121215605,0.0083463815972208,0.5197085738182068,0.3001367449760437,20.785017631926305,0.0069519230164587,0.4929076135158539,0.2269937694072723,21.57895045781524,0.0070334612391889,0.4763318002223968,0.2300198972225189,21.52830901559099,0.0071253590285778,0.4721585810184479,0.2493874728679657,21.47193247782356,0.0072954683564603,0.4585126638412475,0.2643170952796936,21.369468219203537
000000121506__antimonocromatismo,0.00010189920431,0.993735373020172,0.0150039531290531,39.91829207211558,0.0101981023326516,0.0101414015516638,0.010144256055355,0.0037506185472011,0.6242864727973938,0.1190094873309135,24.25897103076588,0.0011603081366047,0.863543689250946,0.0908654406666755,29.354266622762324,0.0013988817809149,0.8503926396369934,0.1089832708239555,28.54218986055471,0.0013105735415592,0.8522705435752869,0.1019331663846969,28.825386040212614,0.0054824240505695,0.5286308526992798,0.1767442226409912,22.61027376001926,0.0038922533858567,0.5809263586997986,0.1257112920284271,24.097988948946,0.003971713129431,0.5759703516960144,0.1298703700304031,24.010221274486504,0.0039252187125384,0.5766003131866455,0.1254076510667801,24.061361394277117,0.0040202378295362,0.5698522329330444,0.1266627758741378,23.957482541294645,0.0120314061641693,0.4852690696716308,0.2077098041772842,19.196836117581604,0.0092712314799427,0.5232580304145813,0.1493687480688095,20.328625755186884,0.0099214734509587,0.501306414604187,0.1592568457126617,20.034238254162524,0.0102655394002795,0.4886755049228668,0.1609874069690704,19.886182257955525,0.0108308754861354,0.4715236723423004,0.1668647080659866,19.653364368714293
000000121506__impronte_d_artista,0.0001108881551772,0.9856603741645812,0.0273825973272323,39.551148417309,0.0101473471149802,0.0102460142225027,0.0101188439875841,0.0043517583981156,0.5827977061271667,0.1860818862915039,23.61335223897608,0.0014154193922877,0.833432137966156,0.0951151847839355,28.491148585358623,0.0016310262726619,0.8240547180175781,0.1262575834989547,27.875390432636927,0.0016329881036654,0.8208870887756348,0.1360009461641311,27.87016979091431,0.0110637592151761,0.4898802042007446,0.2065955549478531,19.56097284512832,0.0083501767367124,0.551937997341156,0.1383104622364044,20.783043323048204,0.0092232078313827,0.5232283473014832,0.1527251005172729,20.35118005066469,0.0088558234274387,0.5310832858085632,0.1432975232601165,20.527710512591323,0.0094503099098801,0.5146561861038208,0.1519031971693039,20.245539491686277,0.0080019617453217,0.4876510798931122,0.1881830692291259,20.96803529167392,0.005498930811882,0.5529964566230774,0.1539668440818786,22.597217446219734,0.0056256842799484,0.5447796583175659,0.1554344743490219,22.49824644606593,0.0057051773183047,0.5431267023086548,0.1467407196760177,22.437308530574104,0.0060016810894012,0.5295060873031616,0.1551509797573089,22.217270853511785
000000121506__picasso_self_portrait,0.0001025812889565,0.9942939281463624,0.0133589375764131,39.88931848229815,0.0101977856829762,0.0102433003485202,0.0101646063849329,0.0035023454111069,0.6560786366462708,0.109582170844078,24.556410248030357,0.0011978737311437,0.8756647706031799,0.0886272564530372,29.215889588729567,0.0021375531796365,0.8199167251586914,0.1277081072330474,26.700830717645022,0.0013223094865679,0.8625344634056091,0.1017383262515068,28.78666886319113,0.0056107412092387,0.5722963809967041,0.1230802834033966,22.509797623055448,0.0043281246908009,0.605187177658081,0.1118285283446312,23.63700235945221,0.0044782641343772,0.5960085391998291,0.1147631853818893,23.48890294696357,0.0045117158442735,0.5936625003814697,0.1140482723712921,23.45658260786707,0.0045763519592583,0.5900080800056458,0.1099191978573799,23.39480582098396,0.00934883300215,0.4598611295223236,0.2753424048423767,20.29242597935831,0.0054458226077258,0.5417628288269043,0.1575490981340408,22.63936509477974,0.0057162097655236,0.5308462977409363,0.1723265945911407,22.42891842453168,0.0061327889561653,0.5046899914741516,0.1923378705978393,22.123419801600303,0.0063477638177573,0.4979332387447357,0.187538132071495,21.97379240479397
000000121506__trial,0.0001133944606408,0.9882421493530272,0.0267894249409437,39.45408160362619,0.0100445272400975,0.0101628825068473,0.0100035555660724,0.005858629476279,0.5224362015724182,0.2318121492862701,22.322039676855766,0.0015880862483754,0.821282684803009,0.1170124560594558,27.99125914896088,0.0023137335665524,0.7853939533233643,0.1427677273750305,26.356866528337264,0.0018391610356047,0.8087653517723083,0.1487929075956344,27.35380242587565,0.0080401478335261,0.464663028717041,0.2490259706974029,20.94735965841799,0.0051597384735941,0.548620879650116,0.1490539014339447,22.87372310456764,0.0053314412944018,0.5409190058708191,0.1598501801490783,22.731553685364297,0.0054050697945058,0.5250565409660339,0.1684446781873703,22.671986937230574,0.0056626475416123,0.5165286064147949,0.1804409325122833,22.469804691869104,0.0138100907206535,0.4181254804134369,0.2275881618261337,18.59803468463381,0.0096217226237058,0.4958207905292511,0.1492476314306259,20.167471671518395,0.0100128185003995,0.483204573392868,0.1571713238954544,19.99443656099613,0.0105199804529547,0.459748238325119,0.1692830622196197,19.779850671387216,0.0107980901375412,0.4508615732192993,0.1647193729877472,19.666530515569963
000000121506__woman_with_hat_matisse,0.0001059075366356,0.9893355369567872,0.0243048071861267,39.75073133350431,0.0101806949824094,0.0102964267134666,0.0101382732391357,0.0029044917318969,0.6658197045326233,0.0939246341586113,25.36929855475107,0.0012943312758579,0.8469759821891785,0.0866516828536987,28.87954554529706,0.001641787472181,0.833311140537262,0.1135042682290077,27.84683062583707,0.0013691969215869,0.8403334617614746,0.1035472676157951,28.635340859724355,0.0086052753031253,0.5506483912467957,0.1331518292427063,20.652352310057253,0.0074173212051391,0.5723816752433777,0.1160259842872619,21.297529135729437,0.0079355863854289,0.5504438281059265,0.1251633465290069,21.004209763386417,0.0079148402437567,0.551921546459198,0.1213752925395965,21.01557846683506,0.0082945823669433,0.5332526564598083,0.1279975324869156,20.81205475859997,0.0064003095030784,0.5075797438621521,0.2138340026140213,21.937990241053228,0.004537075292319,0.5591471791267395,0.1640842705965042,23.43224013599891,0.0046756961382925,0.5463743805885315,0.1705612242221832,23.301537202969307,0.0045730313286185,0.5499359369277954,0.1482233703136444,23.39795823373408,0.0047446610406041,0.538862407207489,0.1546692252159118,23.23794808200521
000000363666__antimonocromatismo,0.0001221862621605,0.9949107766151428,0.0122890342026948,39.129776206340765,0.0198570527136325,0.0199677962809801,0.0197519045323133,0.0095002250745892,0.521557092666626,0.1301217526197433,20.22266105501235,0.0032819157931953,0.7726730704307556,0.0936486423015594,24.838725661896127,0.0035043328534811,0.7633686661720276,0.1258422881364822,24.553946497743027,0.0037100736517459,0.753096342086792,0.113015592098236,24.30617468759796,0.0073822098784148,0.6001750826835632,0.1271056085824966,21.318136118440005,0.0078272158280015,0.5143252015113831,0.1760820001363754,21.06392690759421,0.007967859506607,0.507584273815155,0.1834638714790344,20.98658332220305,0.0080952262505888,0.4971035420894623,0.1933792233467102,20.91771008799531,0.0081701530143618,0.492975503206253,0.2002748847007751,20.877698097257586,0.0136657627299427,0.5457668900489807,0.1443216502666473,18.643661239302578,0.0141185885295271,0.4791965782642364,0.1495987176895141,18.502087186155148,0.0148353883996605,0.4579754769802093,0.1629334092140197,18.287010790996653,0.0153347020968794,0.4480259418487549,0.1592499613761901,18.143246565212785,0.0159030072391033,0.432809442281723,0.1744534373283386,17.98520743361532
000000363666__impronte_d_artista,0.0001221782003995,0.9919748902320862,0.0198094844818115,39.130062760146274,0.0198399741202592,0.0200668163597583,0.0197914838790893,0.009679690003395,0.5095680356025696,0.1313911229372024,20.141385509530416,0.0032975727226585,0.7726931571960449,0.0853154137730598,24.81805618010242,0.0036152594257146,0.7602444291114807,0.1246052831411361,24.41860532916115,0.003781764768064,0.7542843818664551,0.113271340727806,24.223054884758955,0.0107621168717741,0.6015327572822571,0.1182142198085784,19.68102296020149,0.0118966773152351,0.5313898921012878,0.1266807317733764,19.24574318032218,0.0122461048886179,0.5227225422859192,0.1362986713647842,19.12002025126243,0.0123571390286087,0.5192041397094727,0.1227931454777717,19.080820671041284,0.0127194812521338,0.5091020464897156,0.1349769979715347,18.95530600474537,0.0086805038154125,0.5828511714935303,0.1304491907358169,20.614550676917403,0.0082730436697602,0.5367432236671448,0.1488065272569656,20.823346832169456,0.0083811441436409,0.5323669910430908,0.1543188989162445,20.76696690038976,0.0088230241090059,0.5160748362541199,0.1611815840005874,20.543825340574195,0.0089344205334782,0.5130411386489868,0.1652545928955078,20.489336096131424
000000363666__picasso_self_portrait,0.0001185833825729,0.9950801730155944,0.0103853018954396,39.25976165630226,0.0197542384266853,0.0199691765010356,0.0196239687502384,0.0093426806852221,0.5273482203483582,0.1258826851844787,20.29528494245129,0.003217440797016,0.7716686725616455,0.0877621248364448,24.92489435648379,0.004576286766678,0.7289350032806396,0.1356100291013717,23.394867688995365,0.0036296639591455,0.7530667781829834,0.102810725569725,24.401335808714087,0.0066900090314447,0.6448143720626831,0.0948106721043586,21.74573295938606,0.0068491734564304,0.5703058242797852,0.113098531961441,21.64361835072524,0.0071243797428905,0.557029128074646,0.1266040503978729,21.47252939876036,0.007058722898364,0.5562372803688049,0.1235382705926895,21.51273866705184,0.0071978028863668,0.5523006319999695,0.1297787129878997,21.42800050783321,0.0110203558579087,0.5386353135108948,0.1988942921161651,19.57804381470546,0.0108373584225773,0.4672168791294098,0.1900293529033661,19.650765630285385,0.010822401382029,0.4552803039550781,0.211876168847084,19.65676362958625,0.0112854577600955,0.4501916170120239,0.2064895629882812,19.47480820400877,0.0111960368230938,0.4434298574924469,0.2188050299882888,19.50935681835012
000000363666__trial,0.0001184458160423,0.9922738075256348,0.0118906591087579,39.26480275606517,0.0196958240121603,0.0199138261377811,0.0196433402597904,0.0092736026272177,0.5259140133857727,0.1328514665365219,20.32751517509006,0.0033384792041033,0.7676429748535156,0.0996593013405799,24.764513247087045,0.0036217190790921,0.7627375721931458,0.1295582354068756,24.41085239038969,0.0038429594133049,0.7497761845588684,0.1255634427070617,24.153342022311467,0.0095852632075548,0.5561072826385498,0.1652606427669525,20.1839595706665,0.0093457838520407,0.5077622532844543,0.1660499274730682,20.293842674965425,0.0095560429617762,0.4949970543384552,0.1753028333187103,20.19721906429441,0.009509771130979,0.495998352766037,0.1668770909309387,20.21829934981507,0.0096195675432682,0.4855609834194183,0.1806547492742538,20.16844451641385,0.0144935324788093,0.4959436357021332,0.1581109017133712,18.38825751928188,0.0133739868178963,0.4698972702026367,0.1572471559047699,18.737391091993526,0.0138670830056071,0.4506184160709381,0.1601025313138961,18.580148848388276,0.0141339497640728,0.4468118846416473,0.1659743040800094,18.49736456620045,0.0149010075256228,0.4266557693481445,0.1725562810897827,18.26784365948449
000000363666__woman_with_hat_matisse,0.0001246208557859,0.9929015040397644,0.0204003546386957,39.04409270720314,0.0198877975344657,0.0201395526528358,0.0198144502937793,0.0098674539476633,0.5051594376564026,0.1348187327384948,20.057948918209576,0.0032169769983738,0.7762776017189026,0.0877765193581581,24.925520443249557,0.0038496523629873,0.7528099417686462,0.1261210888624191,24.145784870247304,0.0035850361455231,0.7612953782081604,0.1076655313372612,24.45506461273132,0.0086302617564797,0.6568605899810791,0.1009222120046615,20.63976031901154,0.0103126494213938,0.5490053296089172,0.1219109743833541,19.86629745844034,0.0107601461932063,0.5365511775016785,0.1278703212738037,19.68181828068191,0.0109224999323487,0.5328043103218079,0.1303866654634475,19.61677949308307,0.0114400358870625,0.5170095562934875,0.1396066546440124,19.415726131715967,0.008127343840897,0.5810747742652893,0.1561589241027832,20.900513663028576,0.0088141886517405,0.4943993389606476,0.1984572410583496,20.548176584399947,0.008914996869862,0.4831773340702057,0.233656421303749,20.498788049734124,0.0092977751046419,0.4706607162952423,0.2259716838598251,20.31620962776964,0.0093884207308292,0.4638710021972656,0.2487572431564331,20.274074562503483
000000076417__antimonocromatismo,0.000100879704405,0.9942596554756165,0.0201187599450349,39.96196198990757,0.0091730486601591,0.0090978238731622,0.0091077387332916,0.0046475674025714,0.4899033606052398,0.1243019104003906,23.327743030401788,0.0012011352228,0.7737774848937988,0.1242626309394836,29.204080973347413,0.0013301899889484,0.7658572196960449,0.1529607772827148,28.760863250034667,0.0013022100320085,0.7660241723060608,0.1417390257120132,28.85318963244083,0.0061185839585959,0.4423440992832184,0.2031598389148712,22.13349076240973,0.0039159557782113,0.4708249270915985,0.1389024555683136,24.07162221206803,0.0040472275577485,0.4659658372402191,0.1384287327528,23.92842376459396,0.0039660413749516,0.4654782116413116,0.1372313052415847,24.016427594147704,0.0040682856924831,0.4653794765472412,0.1301941871643066,23.905885566557977,0.0146346213296055,0.397071361541748,0.2211864292621612,18.346185104416936,0.0144457602873444,0.2903202474117279,0.2040705382823944,18.40259596089828,0.01462431717664,0.2896046340465545,0.2210594266653061,18.349244023972528,0.0153069971129298,0.2786947786808014,0.23695008456707,18.151099997130476,0.015258771367371,0.2802386581897735,0.24228036403656,18.164804342613905
000000076417__impronte_d_artista,9.538018639432266e-05,0.987663209438324,0.0260075721889734,40.20541833192289,0.0092316325753927,0.0093652345240116,0.0092656835913658,0.0035522549878805,0.5194501876831055,0.1018589586019516,24.494958672586296,0.0012054446851834,0.7550380825996399,0.1061257272958755,29.188527135078097,0.0013472787104547,0.7504469752311707,0.1380125284194946,28.705425528355228,0.0012698454083874,0.7539346814155579,0.1694575846195221,28.96249147052565,0.0146790361031889,0.3387476503849029,0.2331753969192505,18.33302461368858,0.0124873714521527,0.3641001880168915,0.1962529569864273,19.035289694693112,0.0134547799825668,0.3308760225772857,0.2078793197870254,18.71123399582753,0.013120986521244,0.3524369895458221,0.2174002528190612,18.820335106443764,0.0139099089428782,0.3215064704418182,0.2219265252351761,18.566757129795533,0.0096692759543657,0.3841681480407715,0.2196187376976013,20.14606045130696,0.0061582997441291,0.4274369776248932,0.183956503868103,22.105391764180165,0.0066210366785526,0.4041780531406402,0.2076319307088852,21.790740062511567,0.0069900029338896,0.3959351480007171,0.2226313799619674,21.555226419693675,0.0072253458201885,0.3864507675170898,0.2241376191377639,21.41141361830183
000000076417__picasso_self_portrait,0.0001024169905576,0.9951348304748536,0.0159012004733085,39.89627989714208,0.0093977767974138,0.0093193966895341,0.0093313651159405,0.0048666768707334,0.4788679182529449,0.1512175947427749,23.12767488339621,0.0013160477392375,0.7622998356819153,0.133492887020111,28.80728356534075,0.0014443682739511,0.7525324821472168,0.1733346283435821,28.403220595690044,0.0014118854887783,0.753760814666748,0.1461817622184753,28.502005253864585,0.0070546474307775,0.4638384878635406,0.1745450347661972,21.515246860476825,0.0052565224468708,0.4644181430339813,0.1399187892675399,22.793014766832272,0.0054882429540157,0.4540583193302154,0.154349684715271,22.605666714899144,0.0055837300606071,0.4517874419689178,0.1664753258228302,22.53075585374589,0.0059413444250822,0.4332562386989593,0.1754158735275268,22.2611527045165,0.0102854808792471,0.4152023792266845,0.2569030225276947,19.877753988334877,0.0066020344384014,0.3936202824115753,0.180430606007576,21.8032221457573,0.0068122134543955,0.3850241601467132,0.1931397020816803,21.667117522811136,0.0072814342565834,0.3622089624404907,0.2205943465232849,21.377830673395568,0.007441971451044,0.3523666858673095,0.223507285118103,21.28312000355576
000000076417__trial,0.0001013160435832,0.9904356002807616,0.0215371400117874,39.9432177785828,0.0090702529996633,0.0091433506458997,0.009073881432414,0.0051236036233603,0.4573960304260254,0.2050335705280304,22.904244758918217,0.0012844445882365,0.7485178112983704,0.1251226663589477,28.912846267360536,0.0014365492388606,0.7420994639396667,0.1543135046958923,28.426794836302843,0.001390186487697,0.7413583397865295,0.1559330821037292,28.56926937051472,0.0089854234829545,0.3773998022079468,0.2375964224338531,20.464614497763467,0.006055446807295,0.4100717008113861,0.1564371883869171,22.17853806479044,0.0060998420231044,0.4055383205413818,0.1698378920555114,22.14681412428977,0.0063432999886572,0.3978239297866821,0.1746081411838531,21.976847493722467,0.0065175020135939,0.3902560174465179,0.1862274259328842,21.859188259835555,0.0155759500339627,0.3318366110324859,0.267626941204071,18.07545454657585,0.0127273797988891,0.3222367763519287,0.2006740570068359,18.952609958758263,0.0131258219480514,0.3156744539737701,0.2160078585147857,18.818734912495373,0.0137134296819567,0.3031067252159118,0.2224809229373932,18.628539160584413,0.0140190310776233,0.2946104109287262,0.2286069095134735,18.53282001503661
000000076417__woman_with_hat_matisse,0.0001016753158182,0.9905332922935486,0.0271379519253969,39.92784469939604,0.0093377698212862,0.009434949606657,0.0093414094299077,0.0034206209238618,0.524981677532196,0.101464495062828,24.658950520344444,0.0011572836665436,0.7652702927589417,0.1177485883235931,29.365601762989108,0.001231616246514,0.7626204490661621,0.1417979300022125,29.095245908594105,0.001267978339456,0.7578529715538025,0.1492099612951278,28.96888165330527,0.0099395355209708,0.466298907995224,0.1658447682857513,20.02633909907768,0.0102450689300894,0.3999533951282501,0.177617460489273,19.89485115266028,0.0107675641775131,0.3830085694789886,0.1662167161703109,19.678825310483667,0.0108229415491223,0.3891368210315704,0.1797558069229126,19.656546870176424,0.0113252438604831,0.366687536239624,0.1844396442174911,19.459524377811825,0.0070562488399446,0.4313194751739502,0.2339946925640106,21.514261121294616,0.0042811455205082,0.4626939296722412,0.1358399242162704,23.684400098018397,0.0045122471638023,0.4586702287197113,0.1532886922359466,23.456071193670105,0.0045506251044571,0.4496638774871826,0.1667604446411132,23.419289416353323,0.004680183250457,0.4492491483688354,0.1646572947502136,23.297371419890744
000000130599__antimonocromatismo,0.0001082884482457,0.9936087131500244,0.0123318023979663,39.65417869604735,0.0160447508096694,0.0161707513034343,0.0159475728869438,0.0064442758448421,0.6131682395935059,0.1146147549152374,21.90825878040399,0.0031658711377531,0.8055585026741028,0.113881804049015,24.99506766448299,0.0042019393295049,0.7738024592399597,0.2070204317569732,23.765502225277405,0.0036557659041136,0.7775006294250488,0.1410372108221054,24.37021621966298,0.0056588719598948,0.5672453045845032,0.1037217825651168,22.472701324898708,0.0049736234359443,0.5761951804161072,0.0982321426272392,23.03327099219337,0.0051415800116956,0.558644711971283,0.0953314527869224,22.8890340144898,0.0051794773899018,0.5588744282722473,0.1082321926951408,22.85714058426949,0.0052687879651784,0.544868528842926,0.1134759560227394,22.78289278634624,0.0120135275647044,0.5084336996078491,0.1706336438655853,19.20329450803528,0.0103791775181889,0.5288544297218323,0.1505628228187561,19.83837060116124,0.0111974412575364,0.5000694394111633,0.1680299341678619,19.508812072127864,0.0111966729164123,0.50076824426651,0.1668311059474945,19.509110084639488,0.0122999334707856,0.4647163152694702,0.190283790230751,19.100972376133527
000000130599__impronte_d_artista,0.0001176123259938,0.9890215992927552,0.0211810357868671,39.295471609929805,0.0161386374384164,0.0163961350917816,0.0161519106477499,0.0084326034411787,0.5351381897926331,0.1680977046489715,20.740383226964116,0.0036830774042755,0.777600109577179,0.1249866336584091,24.33789153831349,0.0045281914062798,0.7493098378181458,0.227883756160736,23.440752238396136,0.0044721034355461,0.7336505055427551,0.2152488529682159,23.49488160182584,0.0108365453779697,0.5298897624015808,0.1549147218465805,19.65109146063884,0.0091146575286984,0.561279833316803,0.1322683095932006,20.402596447479706,0.0101314606145024,0.5238083004951477,0.154699295759201,19.943279395270423,0.0096782660111784,0.5381455421447754,0.1373004615306854,20.142024452983524,0.0106130177155137,0.5067732930183411,0.1623650193214416,19.741611108345204,0.0074186157435178,0.5404201745986938,0.1546114683151245,21.29677123162421,0.0056961043737828,0.589927613735199,0.1188614293932914,22.44422061410761,0.00598881021142,0.5711022615432739,0.1294427514076233,22.226594497207696,0.0061597651802003,0.5610876083374023,0.1395753920078277,22.10435843499056,0.0064487210474908,0.5525766015052795,0.1480948626995086,21.90526408945065
000000130599__picasso_self_portrait,0.0001113211546908,0.9938835501670836,0.0127133931964635,39.53422297547771,0.0161320567131042,0.0163013208657503,0.0160894691944122,0.0072657708078622,0.5908896327018738,0.1307300925254821,21.387183056820284,0.0033912861254066,0.8025691509246826,0.1224695295095443,24.69635566918165,0.0045334422029554,0.7650966048240662,0.2358494400978088,23.435719167372945,0.0040620402432978,0.7680721282958984,0.1595657020807266,23.912557782833545,0.005537461489439,0.6037089228630066,0.1039282530546188,22.56689281081703,0.0047277896665036,0.6141654849052429,0.094658225774765,23.25341852919681,0.0050162468105554,0.6032107472419739,0.1026423573493957,22.996211033923892,0.0050149117596447,0.6018412709236145,0.1007229834794998,22.99736704246059,0.0053090588189661,0.5899512767791748,0.107695996761322,22.749824630915185,0.0091552147641778,0.5145154595375061,0.2372354120016098,20.383314635082883,0.0071225147694349,0.5324741005897522,0.1426856219768524,21.473666415230323,0.0074097956530749,0.5125405788421631,0.1639683693647384,21.3019376880416,0.0075979363173246,0.5069417357444763,0.1748726963996887,21.19304350837946,0.0083792181685566,0.4801222085952759,0.2119456827640533,20.76796501766133
000000130599__trial,0.0001136985665652,0.9902310371398926,0.0180478375405073,39.4424501056916,0.0158928632736206,0.0162281449884176,0.0158855039626359,0.0099322339519858,0.4959000051021576,0.208866611123085,20.02953059268517,0.0038233685772866,0.7800324559211731,0.1325182616710662,24.175538334573112,0.005356574896723,0.7259485125541687,0.2184194326400756,22.71112818315035,0.0046044546179473,0.7328621745109558,0.2097343355417251,23.36821803131164,0.0086210519075393,0.4972635507583618,0.2169216722249984,20.644397400026765,0.0062591419555246,0.556278645992279,0.1208187267184257,22.034851986620843,0.0066510834731161,0.5269227623939514,0.1431116014719009,21.77107601604092,0.0063775652088224,0.5388638377189636,0.1322979778051376,21.953450921557263,0.0071823820471763,0.499906986951828,0.1758652031421661,21.437314974879204,0.0135550424456596,0.4449678659439087,0.2125972211360931,18.678991181508582,0.0099350670352578,0.5177932381629944,0.1393637508153915,20.028291982125104,0.0106820166110992,0.4914240837097168,0.1418178081512451,19.713467510155308,0.0106197679415345,0.4909156262874603,0.1414303034543991,19.738849731615318,0.0115438262000679,0.4576574862003326,0.1595049947500229,19.37650220455763
000000130599__woman_with_hat_matisse,0.0001144538473454,0.9907425045967102,0.0206357650458812,39.413696040134056,0.016204310581088,0.0165418591350317,0.0161984376609325,0.0087345028296113,0.5270802974700928,0.1712188571691513,20.58761810143137,0.0037187142297625,0.7768362164497375,0.10867939889431,24.29607194377178,0.0053743193857371,0.7226019501686096,0.2056150883436203,22.69676527828118,0.0043583246879279,0.7388115525245667,0.1777322441339492,23.60680418669201,0.0088831493631005,0.5683425664901733,0.1126619651913642,20.514330355129,0.0076908147893846,0.5834544897079468,0.0948682874441146,21.140276472221665,0.0086714169010519,0.5501368045806885,0.1129628643393516,20.61909933431337,0.0081858513876795,0.5635748505592346,0.1049511134624481,20.86936144139389,0.0090182526037096,0.534675121307373,0.1151016950607299,20.448776041524475,0.0064007700420916,0.558976948261261,0.1332298517227172,21.93767775248304,0.0055853375233709,0.5546608567237854,0.118127204477787,22.529505772290577,0.0059041851200163,0.5299020409584045,0.1367390900850296,22.28840034087929,0.0059803607873618,0.5320938229560852,0.1350896656513214,22.23272614801905,0.0061491522938013,0.5189916491508484,0.14633309841156,22.11184750809882
000000559543__antimonocromatismo,0.0001066525219357,0.9936115145683287,0.0109392264857888,39.72028870642743,0.0115612372756004,0.0114533491432666,0.0114746065810322,0.0043121916241943,0.5975611209869385,0.1578396111726761,23.65301948312712,0.001132225501351,0.8799979090690613,0.0673519074916839,29.460670676360905,0.0013187039876356,0.8679866194725037,0.0779563188552856,28.798526805446176,0.0013225894654169,0.8646025061607361,0.0846697092056274,28.785749408256716,0.005283533129841,0.5310845971107483,0.1228741183876991,22.77075565033995,0.003661235095933,0.5914192199707031,0.0959337055683136,24.363723832221773,0.0038076117634773,0.5806267857551575,0.1041363626718521,24.19347340112968,0.0037967062089592,0.5785291194915771,0.0999890938401222,24.205930074860326,0.0039109420031309,0.5714672207832336,0.1104651689529419,24.077186243206825,0.0126059874892234,0.4710046350955963,0.1739444285631179,18.994231282245163,0.0104235634207725,0.4882124364376068,0.1358964145183563,19.819837868503463,0.0109861837700009,0.4689245223999023,0.1541604250669479,19.591531406478264,0.0113202659413218,0.461953729391098,0.1479702442884445,19.461433703657757,0.0120768444612622,0.4388414323329925,0.1656446456909179,19.18046526980181
000000559543__impronte_d_artista,0.0001137040671892,0.9874675273895264,0.0200451798737049,39.44224000340806,0.0115515943616628,0.0116701181977987,0.0114993248134851,0.0045163831673562,0.5787444114685059,0.1790540516376495,23.45209219889384,0.001565141021274,0.8495206832885742,0.082109622657299,28.05446525847921,0.0021847169846296,0.8231588006019592,0.083274021744728,26.606048149748013,0.0018540732562541,0.8321764469146729,0.0972284972667694,27.318731104512644,0.0114202881231904,0.4768527448177337,0.1477991044521331,19.42322939108277,0.0094626098871231,0.5131629109382629,0.1181120574474334,20.23989064100157,0.0102083161473274,0.4927983582019806,0.129701480269432,19.91045888494223,0.0098682036623358,0.5004323124885559,0.1377222537994384,20.057618960169272,0.0106188794597983,0.4824553430080414,0.1421046257019043,19.739213090644945,0.007532000541687,0.4993305504322052,0.1656423062086105,21.230896574217468,0.0049758478999137,0.5779809951782227,0.114350214600563,23.0313290348559,0.0053135734051465,0.5609995722770691,0.1219497174024581,22.746133154183383,0.0054417070932686,0.5512092113494873,0.1231737956404686,22.642648383740934,0.0056557450443506,0.5394220948219299,0.1366128176450729,22.47510176355309
000000559543__picasso_self_portrait,0.0001026525860652,0.994458019733429,0.0094683598726987,39.886301052343214,0.0114589044824242,0.0114082936197519,0.0113633498549461,0.0041468511335551,0.6078166365623474,0.1321112662553787,23.82281554950902,0.0012413307558745,0.8762688040733337,0.0711247026920318,29.061124841643625,0.0018143592169508,0.8489386439323425,0.0837851390242576,27.412767247207576,0.0014436524361371,0.8633329272270203,0.0845591649413108,28.405373519440214,0.0054707578383386,0.5687660574913025,0.120733842253685,22.6195250872845,0.0040523596107959,0.6151554584503174,0.080317884683609,23.922920218373097,0.0042615183629095,0.6064170002937317,0.0910842344164848,23.70435635839684,0.0042532384395599,0.600996732711792,0.0966454222798347,23.712802697471883,0.0044833235442638,0.5915384888648987,0.0994893610477447,23.48399918636293,0.0083613889291882,0.4912700951099396,0.2227041572332382,20.777215749318422,0.0062401518225669,0.5201371908187866,0.1729019582271576,22.048048438270374,0.0062259868718683,0.5157634615898132,0.1684473603963852,22.057917994069783,0.0063231121748685,0.5055006146430969,0.1685536056756973,21.99069113537991,0.006540244910866,0.4952796995639801,0.1819690763950348,21.84405988457665
000000559543__trial,0.000110616274469,0.989572048187256,0.0179407782852649,39.56180972559792,0.0112772034481167,0.0113420076668262,0.0112191252410411,0.0056173056364059,0.5550180673599243,0.2168426811695099,22.50471945610517,0.0015253876335918,0.8575856685638428,0.1029684096574783,28.166197787841824,0.0016125598922371,0.85528165102005,0.0983442366123199,27.92484146221329,0.0017728836974129,0.8445624709129333,0.1160098165273666,27.51319753529653,0.0080878240987658,0.4658689200878143,0.211931899189949,20.921683027392707,0.0056738094426691,0.5385188460350037,0.1573705375194549,22.4612525426223,0.0056667192839086,0.5342971086502075,0.1506409049034118,22.46668300764023,0.0054442449472844,0.5370585322380066,0.1434869319200515,22.64062343266488,0.0056996345520019,0.5223547220230103,0.1563944518566131,22.441529894392627,0.0138675095513463,0.4159227311611175,0.1962631791830063,18.58001526325596,0.0104126455262303,0.4651936590671539,0.1581601947546005,19.82438915880747,0.0105927027761936,0.4614598751068115,0.1640652418136596,19.74993213544671,0.0108755035325884,0.4527952373027801,0.1647496521472931,19.63550626202096,0.0112816160544753,0.4376225769519806,0.1636557430028915,19.47628684637225
000000559543__woman_with_hat_matisse,0.0001108532669604,0.990017831325531,0.0200233850628137,39.55251503253148,0.0115866856649518,0.0116192232817411,0.0114940870553255,0.0034564032685011,0.6323077082633972,0.1146926283836364,24.613755928518547,0.0012704256223514,0.8673993945121765,0.07025708258152,28.960507558382304,0.0014078132808208,0.8628328442573547,0.0720096379518508,28.51454942130353,0.0014497983502224,0.8544280529022217,0.0771769434213638,28.38692398782785,0.0091300578787922,0.5336706638336182,0.1173657923936843,20.395264693046457,0.0081557109951972,0.5414467453956604,0.115936279296875,20.885381722287267,0.0085786823183298,0.5260313153266907,0.1205898821353912,20.665794144619703,0.0085462862625718,0.5243930220603943,0.1169963032007217,20.682225643419947,0.0091445781290531,0.5023005604743958,0.1278794705867767,20.388363252286187,0.0061701829545199,0.516964852809906,0.1508738547563552,22.097019583394545,0.0041913301683962,0.5709793567657471,0.1296083480119705,23.77648126647733,0.0043802154250442,0.5614275336265564,0.1270729601383209,23.58504529768204,0.0044225715100765,0.5526863932609558,0.1275666654109954,23.543251361049432,0.0045304610393941,0.5457854270935059,0.1357201933860778,23.438576000453377
000000001268__antimonocromatismo,0.0001097945496439,0.9927935600280762,0.0227645635604858,39.59419218340291,0.0111794508993625,0.0111329611390829,0.0111062694340944,0.0068623325787484,0.5210265517234802,0.2291913479566574,21.635282379535305,0.001724716858007,0.8079709410667419,0.1632826030254364,27.63282191662112,0.0022126880940049,0.7840762734413147,0.2106736302375793,26.550798009843454,0.0019566535484045,0.7904698252677917,0.183823361992836,27.08486065162646,0.0065035726875066,0.4923769235610962,0.227097138762474,21.86848001478325,0.0044497386552393,0.534371554851532,0.2033643722534179,23.51665495518047,0.0046222773380577,0.5205804705619812,0.199718564748764,23.35144000273045,0.0048187370412051,0.511585533618927,0.2062497735023498,23.17066772530396,0.0048738974146544,0.5077293515205383,0.2307622879743576,23.121236160454966,0.0134464493021368,0.4572310447692871,0.2738270759582519,18.71392381242928,0.0112310061231255,0.4578814506530761,0.2150558084249496,19.495813359781828,0.0119634419679641,0.4382466077804565,0.2217450439929962,19.22143852735837,0.0127671509981155,0.4143359661102295,0.2400224208831787,18.93906005151625,0.0133371157571673,0.3979475498199463,0.2472240626811981,18.74938079428448
000000001268__impronte_d_artista,0.0001099466680898,0.9853553771972656,0.0321111343801021,39.58817927304786,0.0111445374786853,0.0112126730382442,0.0111169070005416,0.0064050913788378,0.519157886505127,0.2632853984832763,21.934746699720755,0.0018239807104691,0.8014706969261169,0.1463671177625656,27.38979758870041,0.0022502408828586,0.7792461514472961,0.2083676606416702,26.47770989223417,0.0021467984188348,0.7740042805671692,0.2104230672121048,26.68208733252513,0.0124461976811289,0.4462176859378814,0.263993501663208,19.049633054613263,0.0098587544634938,0.4959041178226471,0.1931064426898956,20.061779495415696,0.0106734754517674,0.4681700468063354,0.1962155848741531,19.716941444217536,0.0104827368631958,0.4773910045623779,0.2012299001216888,19.7952531569122,0.0114071229472756,0.4425344169139862,0.2145955711603164,19.42823877551917,0.0103497616946697,0.4452809989452362,0.2653776407241821,19.85069649809134,0.0072391205467283,0.4832055270671844,0.2309453785419464,21.403141913860495,0.0077265170402824,0.4568006694316864,0.2472976446151733,21.120162332571656,0.0080647179856896,0.4528247416019439,0.2514651715755462,20.93410814809456,0.008318274281919,0.4348182678222656,0.2643339037895202,20.79966763562333
000000001268__picasso_self_portrait,0.0001026679747155,0.993328869342804,0.0218768790364265,39.88565005023025,0.011304322630167,0.0112245585769414,0.0112450746819376,0.0061661102809011,0.5788405537605286,0.2193279564380645,22.09988712181916,0.0015678339404985,0.8397579193115234,0.152172565460205,28.04699938172181,0.0022946179378777,0.8033547401428223,0.2207929939031601,26.39289615697273,0.0017690885579213,0.8192910552024841,0.1647073626518249,27.522504264153618,0.0073922853916883,0.5326573848724365,0.1931833028793335,21.312212747908088,0.0058879028074443,0.5322631001472473,0.1802810132503509,22.300393675800333,0.0060431081801652,0.5220687985420227,0.1739506423473358,22.18739631197793,0.0064549525268375,0.5081496834754944,0.2113495171070099,21.90106947418985,0.0066500436514616,0.5013039708137512,0.2100791335105896,21.77175503941004,0.0107169086113572,0.4396363794803619,0.3494011163711548,19.699304727261776,0.0066112298518419,0.4716188013553619,0.2428978979587555,21.79717743511958,0.0065076858736574,0.4759456217288971,0.2324250936508178,21.865734186469357,0.0072121494449675,0.4505758285522461,0.2633921504020691,21.419352827188685,0.0071585923433303,0.4523393809795379,0.2604041397571563,21.45172368422091
000000001268__trial,0.0001134436388383,0.9889881014823914,0.0296734720468521,39.45219851430443,0.0111170839518308,0.0111431833356618,0.0110892057418823,0.0098212817683815,0.4142509400844574,0.3723006546497345,20.07831829055346,0.0021641717758029,0.7757172584533691,0.1829638183116912,26.647082711428112,0.0025841637980192,0.7544074654579163,0.2344179451465606,25.876799619148137,0.0025203533004969,0.747398853302002,0.248754546046257,25.98538576003579,0.0093715945258736,0.4328159093856811,0.3328354656696319,20.28186509979584,0.0059195007197558,0.4938055574893951,0.2090490460395813,22.27714922297206,0.0058182976208627,0.4975424706935882,0.2084337174892425,22.352040672428856,0.0056956843473017,0.504460334777832,0.2016275823116302,22.444540871422014,0.0061906049959361,0.477194219827652,0.2171876430511474,22.082669061402413,0.0156038487330079,0.3937879502773285,0.3073808848857879,18.067682684819065,0.0118121979758143,0.4231079816818237,0.2169484496116638,19.27669282746309,0.0122226849198341,0.4128636121749878,0.2271859347820282,19.12833383472509,0.0124164698645472,0.4066839516162872,0.2437219321727752,19.060018611858347,0.0132092386484146,0.381166934967041,0.2527496218681335,18.79122213446876
000000001268__woman_with_hat_matisse,0.0001064891475834,0.9880018830299376,0.0299460403621196,39.72694649359129,0.0110872322693467,0.0111273005604743,0.0110504468902945,0.0052302312105894,0.5657193660736084,0.1859576106071472,22.8147911203834,0.0016286888858303,0.8155062198638916,0.1301600635051727,27.881618672392104,0.0022455614525824,0.7869579195976257,0.1900631040334701,26.48675055429909,0.001913241459988,0.7906978726387024,0.172132134437561,27.18230216526324,0.009489556774497,0.5241742134094238,0.1857609450817108,20.22754071543772,0.0090786749497056,0.5114646553993225,0.1716672778129577,20.41977532979351,0.0098978662863373,0.4757231771945953,0.1862256675958633,20.04458417518001,0.0098448367789387,0.4811819493770599,0.1994910538196563,20.06791479789331,0.0106189548969268,0.4567219316959381,0.2037221193313598,19.739182238225528,0.0076424232684075,0.4772030115127563,0.2738840878009796,21.167689129910737,0.0050490167923271,0.5107300281524658,0.2264675050973892,22.967931848991068,0.0052597192116081,0.4939018487930298,0.2294592261314392,22.79037439896468,0.0057320087216794,0.4820970296859741,0.266220211982727,22.416931574626947,0.0058454871177673,0.4703598320484161,0.2751623392105102,22.33179292244901
000000360097__antimonocromatismo,0.0001057388726621,0.9938390254974364,0.0167871117591857,39.75765324148436,0.0151438331231474,0.0150921670719981,0.0149730555713176,0.0062025771476328,0.6088401675224304,0.1565603017807006,22.074278252689147,0.0028493478894233,0.7505785822868347,0.150144562125206,25.45254522598676,0.0034725042060017,0.7420231699943542,0.1564033031463623,24.593572195594614,0.0031239595264196,0.7331780791282654,0.1589859724044799,25.052946014165293,0.0067804954014718,0.5469416975975037,0.2022237628698349,21.687385742353506,0.0055320193059742,0.5345323085784912,0.1601442545652389,22.57116312933036,0.0056984070688486,0.5320261120796204,0.1757471114397049,22.44246529922781,0.0061677806079387,0.5122978091239929,0.1923790425062179,22.098710828261247,0.0063347220420837,0.50547194480896,0.1977704614400863,21.982724365402248,0.0134914731606841,0.488658457994461,0.2374820113182068,18.69940626263969,0.0113033624365925,0.4749658107757568,0.1957894414663314,19.467923467432318,0.012131318449974,0.4481678009033203,0.2141766548156738,19.160919967894863,0.0128733804449439,0.4344679415225982,0.2304475307464599,18.90307395922967,0.0136682614684104,0.4104155600070953,0.2516888678073883,18.642867219129485
000000360097__impronte_d_artista,0.0001138076549977,0.9852948784828186,0.0366014316678047,39.43828525186178,0.0149157214909791,0.01494877692312,0.0147865898907184,0.0070890295319259,0.556713879108429,0.1692721992731094,21.494132144328816,0.0032201486174017,0.7222157120704651,0.1537187099456787,24.921240841339717,0.0039094928652048,0.7087346911430359,0.1584852188825607,24.07879575117568,0.0037060566246509,0.6850820183753967,0.2084503918886184,24.31087949403096,0.0115862749516963,0.4965375363826751,0.2218175232410431,19.3605616955458,0.0095405811443924,0.5276325345039368,0.1582055389881134,20.20425170357136,0.010474900715053,0.490506649017334,0.18867889046669,19.79850084744381,0.0104893781244754,0.5069335699081421,0.2002270072698593,19.792502587191684,0.0115108443424105,0.4682105481624603,0.2253294885158538,19.388928188723288,0.0093529233708977,0.5041885375976562,0.1978371888399124,20.29052623842599,0.0068915081210434,0.5228201746940613,0.1797891557216644,21.61685727732998,0.0071602431125938,0.5124441981315613,0.1744340509176254,21.45072231789133,0.0077164471149444,0.503664493560791,0.1805943101644516,21.125826159261106,0.0080695115029811,0.4862571656703949,0.1961256265640258,20.931527549905677
000000360097__picasso_self_portrait,0.0001046600009431,0.9938488006591796,0.0159502737224102,39.80219265682835,0.0147509677335619,0.0146853309124708,0.0146580999717116,0.0054310564883053,0.6569081544876099,0.1325439512729644,22.651156800960276,0.0024941188748925,0.7847988605499268,0.1190666928887367,26.030828509859635,0.0030774439219385,0.777653157711029,0.1375071704387664,25.118098521625413,0.0028926290106028,0.7540271878242493,0.1330939978361129,25.38707262508117,0.0064885946922004,0.5933164954185486,0.1458021253347396,21.87849353047028,0.0056387339718639,0.5729894042015076,0.1543655693531036,22.488183943772164,0.0058249663561582,0.5650967359542847,0.1483326554298401,22.347065786928475,0.0061361319385468,0.5595832467079163,0.1615034192800521,22.121053107985094,0.0063071581535041,0.5523456335067749,0.1542246043682098,22.00166278831798,0.0116088474169373,0.4671327173709869,0.3064678907394409,19.35210896998056,0.0075628678314387,0.4941777884960174,0.205374538898468,21.213134892612203,0.0077438410371541,0.4801180064678192,0.1948233991861343,21.110435706525728,0.0088036665692925,0.4477607905864715,0.2467131167650222,20.55336414307982,0.0086876479908823,0.4580789804458618,0.2271620333194732,20.610977842923425
000000360097__trial,0.0001125789422076,0.9883244037628174,0.0273027643561363,39.48542836290065,0.0147336097434163,0.0148988384753465,0.0146333649754524,0.0084750484675168,0.5190979838371277,0.2080172896385193,20.718578094534998,0.0031865329947322,0.7123531699180603,0.1675698161125183,24.966815802891,0.0039212778210639,0.6973608136177063,0.169411152601242,24.06572387008458,0.0036849954631179,0.6750991940498352,0.2092852741479873,24.33563042498023,0.0089788120239973,0.4961981773376465,0.2328494489192962,20.467811205211408,0.0064747855067253,0.5158016085624695,0.1607057154178619,21.88774614086641,0.0066240015439689,0.5121113061904907,0.1642419993877411,21.78879574994749,0.0069070402532815,0.5042720437049866,0.1729513108730316,21.60708012977908,0.0071483184583485,0.4963643550872803,0.1841999888420105,21.45796107869991,0.0144818881526589,0.445225715637207,0.2440255433320999,18.391748110103087,0.0113795474171638,0.4561322629451751,0.1917462646961212,19.438750101849664,0.0116759808734059,0.4512000977993011,0.2020652592182159,19.327066251075472,0.0126177109777927,0.427745908498764,0.2224851995706558,18.99019424797157,0.0129950223490595,0.4169766902923584,0.2234579175710678,18.86222969255319
000000360097__woman_with_hat_matisse,0.0001105042247218,0.9889485836029052,0.028466148301959,39.56621118012396,0.0149223105981946,0.0149643793702125,0.0147573072463274,0.0057292873971164,0.6159917712211609,0.1258653700351715,22.41899391775315,0.0029517307411879,0.7475862503051758,0.1326068639755249,25.29923261669351,0.0033013068605214,0.7403914332389832,0.1434895247220993,24.8131410558872,0.0034505252260714,0.7115912437438965,0.1838584691286087,24.62114793209846,0.0086094280704855,0.5815978050231934,0.1425479650497436,20.650256980332408,0.0084407124668359,0.5623193383216858,0.1373327672481537,20.736208937349847,0.0090811653062701,0.5377677083015442,0.1372204422950744,20.418584187024106,0.0092883752658963,0.5369612574577332,0.1678926646709442,20.320602466915624,0.0098408050835132,0.5173406004905701,0.1564866006374359,20.069693701637195,0.0081452736631035,0.5215862393379211,0.2501029372215271,20.890943197803693,0.0063937660306692,0.5102254748344421,0.1888714283704757,21.942432600643976,0.0065555213950574,0.4982234537601471,0.2043325006961822,21.83392760878373,0.0073066824115812,0.4833867251873016,0.2085593938827514,21.36279769060319,0.0075094476342201,0.47638139128685,0.2417426258325576,21.24392006835065
000000074457__antimonocromatismo,0.00010282650328,0.99490088224411,0.0276560373604297,39.878949325703246,0.0054965745657682,0.0053091919980943,0.0053968466818332,0.0058274934999644,0.3426460325717926,0.4494765698909759,22.345182022228528,0.0010957703925669,0.8519819378852844,0.1595401167869568,29.602804382675465,0.0013713390799239,0.8274475932121277,0.1510288715362548,28.628551474479607,0.0010940353386104,0.8482392430305481,0.1666665226221084,29.60968649560515,0.0093110874295234,0.2940552830696106,0.4196847677230835,20.30999595381402,0.0060702748596668,0.3780865669250488,0.2899341583251953,22.167916437955757,0.0061056870035827,0.3729605674743652,0.2872607409954071,22.14265462746329,0.006282961461693,0.373047262430191,0.2979297339916229,22.018356041429467,0.0063754967413842,0.367645114660263,0.3180538415908813,21.95485971892029,0.0186848752200603,0.3140885531902313,0.414008617401123,17.285097980776666,0.0170331373810768,0.2382194995880127,0.3115225732326507,17.687053507575463,0.0176677200943231,0.2328534126281738,0.3121667504310608,17.528194897879864,0.0179760735481977,0.2287856787443161,0.311093658208847,17.45305163691337,0.0183361507952213,0.2134614139795303,0.3112990856170654,17.36691828090582
000000074457__impronte_d_artista,9.484559996053576e-05,0.9884034991264344,0.0296800900250673,40.22982811925387,0.0050261728465557,0.0050111357122659,0.0049481587484478,0.0045172092504799,0.4402508437633514,0.3342236876487732,23.451297911689775,0.0010940091451629,0.8393601775169373,0.1126777455210685,29.60979047584648,0.0011807038681581,0.8415583968162537,0.1181174218654632,29.278590139458338,0.00122375797946,0.8359901905059814,0.132846713066101,29.12304463381513,0.0194274131208658,0.2311998158693313,0.3894673883914947,17.115850245226202,0.016486233100295,0.2470662146806717,0.3026006817817688,17.82878563921153,0.0167457293719053,0.2452527433633804,0.3042765259742737,17.760959317135296,0.0170048419386148,0.2432733625173568,0.2999982237815857,17.69427400514935,0.0169833749532699,0.2449241131544113,0.3054572343826294,17.699760020816335,0.0152298221364617,0.2640536725521087,0.37071093916893,18.17305168601204,0.0110210450366139,0.2838260233402252,0.315388947725296,19.57777222896529,0.0112405968829989,0.2736883163452148,0.3160893023014068,19.492106268354448,0.0116177983582019,0.2822152078151703,0.3309933543205261,19.34876165532381,0.0118591710925102,0.2646257579326629,0.3212738931179046,19.259456653165653
000000074457__picasso_self_portrait,9.91071792668663e-05,0.995356023311615,0.0198795776814222,40.0389488433358,0.0052840681746602,0.0050631184130907,0.0051897056400775,0.0049247294664382,0.3886387050151825,0.3865988850593567,23.07617621909532,0.0011746975360438,0.8561831116676331,0.1455645263195037,29.300739421896356,0.0011763516813516,0.8533310890197754,0.1407857090234756,29.29462822445579,0.0011838776990771,0.8488364219665527,0.1500690877437591,29.266931602476877,0.0111886532977223,0.3429440557956695,0.3031134605407715,19.51222183405938,0.0092409634962677,0.3398956060409546,0.2880933284759521,20.34282745306129,0.0093295266851782,0.3373828828334808,0.29012531042099,20.301403887539795,0.0094692604616284,0.3343320786952972,0.2947003841400146,20.23683937572798,0.0093159051612019,0.3408236503601074,0.2850625813007355,20.30774941367103,0.0116842091083526,0.3291325569152832,0.4023459553718567,19.32400679206958,0.0081657161936163,0.3318614065647125,0.3053743839263916,20.880057184233365,0.0084335589781403,0.3169914782047272,0.3041228652000427,20.73989113585318,0.0085336454212665,0.3245693147182464,0.3028594255447387,20.688654063309976,0.0088034877553582,0.3124726116657257,0.3062263429164886,20.5534523548414
000000074457__trial,0.0001053088635671,0.9912665486335754,0.023672129958868,39.7753507386372,0.0051544960588216,0.0050602983683347,0.0050567220896482,0.0072560072876513,0.2872317731380462,0.5591484308242798,21.39302289759268,0.0012066138442605,0.8282243609428406,0.163620576262474,29.184316960497156,0.0012356406077742,0.8303783535957336,0.1825138628482818,29.081078275942104,0.0012130531249567,0.8307805061340332,0.1715643852949142,29.161201790424407,0.011564128100872,0.2829090356826782,0.3997073769569397,19.3688710610604,0.0075165182352066,0.3330298960208893,0.313119113445282,21.23983284594445,0.0076830456964671,0.3210626542568207,0.2906808853149414,21.144665837500163,0.0077620609663426,0.3299919664859772,0.2950024902820587,21.10022950459412,0.0080392966046929,0.3110521137714386,0.2867098152637481,20.94781948025681,0.0203020758926868,0.2614541351795196,0.4467323720455169,16.924595530894692,0.0161069761961698,0.2592216730117798,0.3386468887329101,17.92985983142376,0.0169930085539817,0.2349904179573059,0.3586822748184204,17.69729723972533,0.0170383881777524,0.2457921057939529,0.3600674867630005,17.685714916477767,0.0174307376146316,0.2316262125968933,0.3562945425510406,17.58684234508695
000000074457__woman_with_hat_matisse,0.0001024313169182,0.9901697635650636,0.0346922688186168,39.89567243697645,0.0051628611981868,0.0051124300807714,0.0050710281357169,0.0029347299132496,0.480467826128006,0.3082417845726013,25.3243186122477,0.0012123532360419,0.8472104072570801,0.1261762827634811,29.16370823971041,0.0011957221431657,0.8542472720146179,0.122266836464405,29.223697281313605,0.0012206843821331,0.848056972026825,0.1205154657363891,29.13396611908388,0.0144531205296516,0.3580314218997955,0.3609570860862732,18.400383755720625,0.013614916242659,0.3285664021968841,0.3255467712879181,18.659850260436546,0.0141790295019745,0.3126347064971924,0.3243802487850189,18.48353493861076,0.0140974223613739,0.3185470402240753,0.3242272138595581,18.50860288519694,0.0146078364923596,0.3008545935153961,0.3209991455078125,18.35414100903928,0.0103953368961811,0.285974383354187,0.4384636282920837,19.831614313174533,0.0069827102124691,0.3664781749248504,0.3003176152706146,21.559759811205268,0.0068448558449745,0.3675566017627716,0.2976481914520263,21.646356938252943,0.0074884961359202,0.3617615699768066,0.3146588206291199,21.25605389970465,0.0077097895555198,0.3537527322769165,0.32288259267807,21.129574761804083
000000429011__antimonocromatismo,0.0001070218931999,0.9940049052238464,0.0138883041217923,39.70527370694597,0.0131164509803056,0.0129561871290206,0.0130058676004409,0.0052622058428823,0.5131605267524719,0.1279510706663131,22.788321675236965,0.001621431321837,0.7655296325683594,0.1178349629044532,27.90101441797595,0.0018088620854541,0.7502145767211914,0.1448245495557785,27.425945441459927,0.0017494754865765,0.7528106570243835,0.1279816478490829,27.57092138416353,0.0058753513731062,0.5118449330329895,0.1687024086713791,22.30966155466785,0.0046273334883153,0.5006102919578552,0.1404612362384796,23.34669200107616,0.0046978206373751,0.5021871328353882,0.1375399827957153,23.281035685897592,0.0047258320264518,0.4917986094951629,0.1391835659742355,23.255217188613983,0.0048794443719089,0.4870451390743255,0.1497333496809005,23.11629628807196,0.0133250653743743,0.4656061232089996,0.2088329493999481,18.75330651595168,0.0127391889691352,0.4027951955795288,0.1816675364971161,18.948582201514583,0.0134973488748073,0.3796669244766235,0.2127250432968139,18.697515264760696,0.0135849425569176,0.3771850168704986,0.20309779047966,18.669421936293386,0.0143149914219975,0.3522523939609527,0.2234711199998855,18.442089078855016
000000429011__impronte_d_artista,0.0001125141861848,0.98565936088562,0.0254622716456651,39.48792716722525,0.012987551279366,0.0129526797682046,0.0128629691898822,0.0055560762993991,0.4813597202301025,0.1633534282445907,22.552317988990566,0.0019003130728378,0.7483218312263489,0.120185300707817,27.211748439917685,0.0020834144670516,0.7345731258392334,0.1431812494993209,26.81224324460363,0.0020982795394957,0.7232944965362549,0.1604829132556915,26.781366541914178,0.0126245319843292,0.4545999467372894,0.1963860094547271,18.98784713042233,0.0109962848946452,0.4704626500606537,0.1582990437746048,19.58754016866989,0.012046287767589,0.4307936131954193,0.1670180857181549,19.191467664034214,0.0115294978022575,0.4490045607089996,0.1658409386873245,19.381896091370702,0.0124928141012787,0.4138449132442474,0.1794687211513519,19.0333972247475,0.0094869481399655,0.456148236989975,0.22042778134346,20.22873473466789,0.0067672641016542,0.4757182598114013,0.1782698035240173,21.69586874254972,0.0071037095040082,0.4551505744457245,0.1889286637306213,21.48514806715064,0.0072383000515401,0.4543713629245758,0.195864588022232,21.403634179082253,0.0076534464024007,0.4379090964794159,0.1978677064180374,21.16142954847039
000000429011__picasso_self_portrait,0.000103652193502,0.9948720932006836,0.0120100108906626,39.8442150287297,0.0128570515662431,0.0127348396927118,0.0127724548801779,0.0052602966316044,0.5268072485923767,0.1280185133218765,22.78989765002797,0.0016196272335946,0.7701961994171143,0.1286389231681823,27.905849292977685,0.0021668206900358,0.7332927584648132,0.1601325720548629,26.6417702617442,0.001805274747312,0.7519833445549011,0.1425249576568603,27.434566928379603,0.0065580937080085,0.5549066662788391,0.1388000249862671,21.832223820277004,0.0055236481130123,0.5294182300567627,0.1218570172786712,22.577739961768103,0.0056943758390843,0.5177962183952332,0.1333277970552444,22.445538720233195,0.0058384747244417,0.5076192021369934,0.134562149643898,22.33700595572149,0.0059542250819504,0.5022379755973816,0.1375822722911834,22.25174752154626,0.0089969700202345,0.467343658208847,0.2639488577842712,20.459037266774605,0.0071794656105339,0.4234634339809418,0.1875473707914352,21.439078804141587,0.0074665290303528,0.4054434597492218,0.2094940096139907,21.2688124199834,0.0076371077448129,0.4000658690929413,0.2001392543315887,21.17071082299373,0.0076658059842884,0.3960014283657074,0.2056491523981094,21.15442176605173
000000429011__trial,0.0001106854251702,0.988552987575531,0.022938422858715,39.559095623631045,0.0128523912280797,0.0128279076889157,0.0127290356904268,0.0069480277597904,0.4516063034534454,0.2241972386837005,21.58138455063783,0.0018267590785399,0.7539202570915222,0.1375812143087387,27.38318725641435,0.0021385129075497,0.7315813899040222,0.1615173518657684,26.69888124102186,0.0019882454071193,0.734463632106781,0.1683446764945984,27.01530012101665,0.0087699824944138,0.4463802874088287,0.2470773458480835,20.570012735195988,0.0061688497662544,0.4720934331417084,0.1561071574687957,22.0979580626456,0.0064069968648254,0.453187346458435,0.1665928661823272,21.933454885240323,0.0065512550063431,0.4483893811702728,0.1834823042154312,21.836754954097295,0.0064377249218523,0.4473049938678741,0.1740719079971313,21.91267584263312,0.0144754527136683,0.4068558514118194,0.2317980229854583,18.3936784501168,0.0120950760319828,0.4015267789363861,0.1842038780450821,19.173913972345662,0.0125130182132124,0.380587100982666,0.1842892616987228,19.026379233005716,0.0126993050798773,0.3830960690975189,0.1747102737426757,18.962200434717506,0.0129429148510098,0.3730788230895996,0.1828999668359756,18.87967905958472
000000429011__woman_with_hat_matisse,0.0001108908109017,0.9894862174987792,0.0208421647548675,39.55104440685852,0.0130477044731378,0.0130663225427269,0.0129237174987792,0.0051627620123326,0.5032867789268494,0.1286117732524871,22.871178941495348,0.0016839638119563,0.7587432265281677,0.1116440594196319,27.73667245637164,0.0022344109602272,0.7277353405952454,0.141045406460762,26.50836947001581,0.0018380358815193,0.7398316264152527,0.1334759443998336,27.35646014716101,0.0092627834528684,0.5476526618003845,0.129148930311203,20.33258488849798,0.00904908683151,0.5101146101951599,0.1308957934379577,20.43395244446261,0.0096751386299729,0.4860483407974243,0.1338151842355728,20.143428034872485,0.009547509253025,0.4954167306423187,0.1324432492256164,20.20109912055375,0.0101205660030245,0.4724468886852264,0.141353890299797,19.947951984530828,0.0067073381505906,0.5016238689422607,0.1856183409690857,21.73449798142185,0.0051772990263998,0.4802513122558594,0.1505931764841079,22.85896750651717,0.0053088017739355,0.4701984226703644,0.152525708079338,22.750034905362533,0.005523357540369,0.464251160621643,0.1714487075805664,22.57796842928149,0.0057729338295757,0.4500348269939422,0.1887626647949218,22.38603420435684
000000063740__antimonocromatismo,0.0001068665587808,0.993521213531494,0.0115513131022453,39.71158175137776,0.0121357701718807,0.0122061697766184,0.0120987994596362,0.0055087259970605,0.5425058603286743,0.1618702709674835,22.58948828810932,0.0011148903286084,0.8670657277107239,0.0667898058891296,29.527678519187376,0.0016989266732707,0.8438608646392822,0.0795388594269752,27.69825365145732,0.0012617267202585,0.8561251163482666,0.0792061686515808,28.99034699557624,0.0056355819106101,0.5208763480186462,0.170499712228775,22.490612335630395,0.0035799590405076,0.5632784366607666,0.0928729251027107,24.46121942234132,0.0036785567644983,0.5580742359161377,0.0974533259868621,24.34322537890289,0.0036966055631637,0.5550599098205566,0.105988934636116,24.32196887236001,0.0037986629176884,0.5481633543968201,0.1068868637084961,24.20369242766124,0.0132062593474984,0.4593437016010284,0.1796638071537017,18.79220178206315,0.0120518701151013,0.4117016792297363,0.1740982681512832,19.18945557433358,0.0125286728143692,0.3996145725250244,0.1719432175159454,19.0209493219211,0.0126517750322818,0.3884366750717163,0.1856918185949325,18.978485391011795,0.0133800553157925,0.3690032660961151,0.1915154010057449,18.7354209110528
000000063740__impronte_d_artista,0.0001076478729373,0.9866037368774414,0.0211769323796033,39.67994547175247,0.0123837627470493,0.0125018237158656,0.0123962145298719,0.0047596259973943,0.5617836117744446,0.1448503732681274,23.22427171995749,0.0012898719869554,0.8614221215248108,0.0733765661716461,28.894533890166908,0.0013994192704558,0.8600795865058899,0.0830932408571243,28.54052150007263,0.0014272691914811,0.8531320095062256,0.0889082849025726,28.454941086307297,0.012478232383728,0.4264907836914062,0.1777194142341613,19.038469307082995,0.0112443314865231,0.434741348028183,0.1404047906398773,19.490663597343072,0.0115918079391121,0.4219942986965179,0.1495150029659271,19.358488231609996,0.0114714847877621,0.4223025143146515,0.1495377123355865,19.403803664580472,0.0118953846395015,0.407636433839798,0.1774413436651229,19.246215104058425,0.0084217153489589,0.470579981803894,0.1643280833959579,20.745994416696792,0.0058134347200393,0.5052695870399475,0.1443314552307129,22.35567199931083,0.0058569409884512,0.5051408410072327,0.1493981927633285,22.32329151679587,0.0061589814722537,0.489383339881897,0.1498204469680786,22.10491102373464,0.0060817771591246,0.4934376776218414,0.1497044712305069,22.159694967758263
000000063740__picasso_self_portrait,0.0001038844420691,0.9942190051078796,0.0095516126602888,39.83449488337562,0.0121233891695737,0.0121043194085359,0.0120610296726226,0.0055042617022991,0.547368049621582,0.1476355493068695,22.593009255787845,0.0011670814128592,0.8627796173095703,0.0716084316372871,29.328988475345028,0.0015005712630227,0.8456396460533142,0.0910479500889778,28.23743374845844,0.0013444818323478,0.8502302169799805,0.0823698788881301,28.714450619155052,0.0063338708132505,0.5452976226806641,0.1309922635555267,21.98330798820846,0.0045618833974003,0.5577604174613953,0.1086534857749939,23.40855819566334,0.0047269915230572,0.5508434176445007,0.1090350300073623,23.25415176519336,0.004797647241503,0.5488829612731934,0.116044744849205,23.18971687735589,0.0050088986754417,0.5379689931869507,0.1195970326662063,23.00257753525421,0.0089073264971375,0.4940507709980011,0.2034766376018524,20.5025262837292,0.0062861866317689,0.4836729764938354,0.1487808525562286,22.01612729277048,0.0064794868230819,0.4732099771499634,0.1662181466817855,21.88459388995021,0.0065303123556077,0.4670586585998535,0.1871559619903564,21.850660452069324,0.0067025483585894,0.4577715098857879,0.2037025541067123,21.73760043918336
000000063740__trial,0.0001074579558917,0.9885735511779784,0.0159799233078956,39.68761425012296,0.0121559090912342,0.0121985338628292,0.0121436631307005,0.0052360747940838,0.5521342158317566,0.1896024942398071,22.80994158449416,0.0011646621860563,0.8678646683692932,0.0697442591190338,29.33800024858155,0.0014166872715577,0.8557434678077698,0.0809442922472953,28.487260080631717,0.0012998008169233,0.8601849675178528,0.0817236378788948,28.86123194415259,0.0074979341588914,0.471265584230423,0.1993956118822097,21.25058377538858,0.0055674705654382,0.5147640109062195,0.1164511069655418,22.54342070351675,0.0057498221285641,0.5022629499435425,0.1294336766004562,22.40345590054357,0.005537002813071,0.5042787194252014,0.1345314532518386,22.567252558449557,0.0057984902523458,0.4881691038608551,0.1567635238170623,22.366850685795868,0.0136425541713833,0.4033634960651397,0.2109480798244476,18.651043130598488,0.0113527597859501,0.4101492464542389,0.1478003561496734,19.448985513240444,0.0119270561262965,0.3920912742614746,0.1582226008176803,19.23466737040016,0.0120316818356513,0.3931114971637726,0.162395104765892,19.19673661031679,0.0126404464244842,0.3724845349788666,0.177146315574646,18.98237587741417
000000063740__woman_with_hat_matisse,0.0001101855377783,0.989500105381012,0.0206111446022987,39.57875404352215,0.0123830158263444,0.0124729564413428,0.0123808309435844,0.0042935064993798,0.585256814956665,0.1065369024872779,23.671878753429525,0.0011006114073097,0.8691651225090027,0.0678471177816391,29.583659902473656,0.0014793589944019,0.8521245121955872,0.0833059623837471,28.29926423454681,0.0012354095233604,0.8611567616462708,0.0819014310836792,29.08189055153948,0.0089200204238295,0.5367205142974854,0.1162272542715072,20.49634151235276,0.0093249203637242,0.4780448377132416,0.1213969588279724,20.303548684461177,0.009762892499566,0.4643099009990692,0.1300864964723587,20.104214927336837,0.0097094094380736,0.4639289379119873,0.1318819224834442,20.12807184673421,0.0103021310642361,0.4461511075496673,0.1417481005191803,19.870729293037733,0.0065457616001367,0.5032640099525452,0.1778955161571502,21.840398159590386,0.004162065219134,0.5412686467170715,0.1213288009166717,23.806911187211888,0.0042190789245069,0.5346205830574036,0.1261307150125503,23.747823503808032,0.0043788468465209,0.5305208563804626,0.1287924200296402,23.58640244320098,0.0045874719507992,0.5188694596290588,0.1364292502403259,23.38426578140477
000000367082__antimonocromatismo,0.0001021058415062,0.9930612444877625,0.0159719958901405,39.90949411082831,0.0117501933127641,0.0115559753030538,0.011643499135971,0.0045582437887787,0.5271409749984741,0.1157170534133911,23.412024511411555,0.0010573791805654,0.8316102027893066,0.0979756712913513,29.757692449565777,0.0013542383676394,0.8098853230476379,0.1252831071615219,28.683048861389,0.0012444688472896,0.8037545084953308,0.1124185621738433,29.050159705857435,0.0056575331836938,0.482215404510498,0.1720750629901886,22.47372890055005,0.0034949521068483,0.547012448310852,0.1030924022197723,24.565587712413304,0.0035894678439944,0.5406023263931274,0.105936124920845,24.44969932911269,0.0037289934698492,0.5340548157691956,0.1189890652894973,24.284083771672336,0.0038706006016582,0.5200517773628235,0.120652750134468,24.12221640214213,0.0129474056884646,0.415522426366806,0.1886868923902511,18.87817243787849,0.0112537024542689,0.3958298861980438,0.1517220288515091,19.487045716929032,0.0114492448046803,0.3853145539760589,0.1666468232870102,19.412231585622223,0.0120577150955796,0.3746653795242309,0.1820245832204818,19.18734982029749,0.0123666198924183,0.3579367101192474,0.1947820335626602,19.07748987732892
000000367082__impronte_d_artista,0.0001083991301129,0.9851655960083008,0.0253302827477455,39.64974202932857,0.0117172449827194,0.0117667494341731,0.0116378907114267,0.0041433214209973,0.5243816375732422,0.1267134249210357,23.82651374702927,0.0014002110110595,0.7982318997383118,0.1251798719167709,28.53806511440812,0.0018794178031384,0.7733748555183411,0.1493104845285415,27.25976663525052,0.0015798392705619,0.7783629298210144,0.161720335483551,28.01387094981502,0.0117634544149041,0.4144837856292724,0.1791496723890304,19.29465126131236,0.0098865181207656,0.4476096928119659,0.1449719220399856,20.049566332953127,0.010603904724121,0.4173930883407593,0.1462939232587814,19.74534183048936,0.0103557994589209,0.4300735294818878,0.1566129028797149,19.84816368311259,0.0110269039869308,0.4029728174209595,0.1679046154022216,19.575464068827987,0.007624078541994,0.455219954252243,0.1729658842086792,21.178126383168795,0.0043738014064729,0.5410627126693726,0.1120660156011581,23.59140940098332,0.0045555210672318,0.5312817692756653,0.1140265762805938,23.41461940605155,0.0049212058074772,0.5141647458076477,0.1329577267169952,23.07928472157,0.0050860489718616,0.5040188431739807,0.1413356065750122,22.936194624641107
000000367082__picasso_self_portrait,9.798258543014526e-05,0.9940471053123474,0.013084540143609,40.08851105161058,0.0116549693048,0.0114261582493782,0.011549319140613,0.0047487467527389,0.527065098285675,0.1109890341758728,23.234209904139085,0.0012062311870977,0.8271927833557129,0.1006391048431396,29.18569447039537,0.0015660392818972,0.8053164482116699,0.1315241456031799,28.05197348473957,0.0014147359179332,0.8017866611480713,0.1113413572311401,28.49324620272511,0.0054636145941913,0.5235727429389954,0.1259133219718933,22.62519943572385,0.0035286948550492,0.5860283970832825,0.0812157392501831,24.52385895762473,0.0037157963961362,0.5723404884338379,0.0801486447453498,24.29948090818606,0.0038607891183346,0.5656929612159729,0.0916633382439613,24.133239194960737,0.0039832605980336,0.5584376454353333,0.0968224331736564,23.997612796851357,0.008923671208322,0.4472917020320892,0.2066265046596527,20.494564396255356,0.0058431564830243,0.4684623181819916,0.1501427888870239,22.33352482882958,0.006096817087382,0.453777551651001,0.1685117185115814,22.14896834194456,0.0062456293962895,0.4473562240600586,0.1751415580511093,22.044237895457144,0.0065329731442034,0.4320665299892425,0.2091837227344513,21.84889127107636
000000367082__trial,9.962524200091138e-05,0.9876911044120787,0.0196313243359327,40.01630610644436,0.011479758657515,0.0114601459354162,0.0113933011889457,0.0043957801535725,0.5219922661781311,0.1219734847545623,23.569640361024685,0.0011656838469207,0.8252358436584473,0.1104346737265586,29.33419221580089,0.0015401914715766,0.8104443550109863,0.1376338899135589,28.124252857348345,0.0012912963284179,0.8123858571052551,0.1342091113328933,28.889740838147517,0.0077650267630815,0.4293014705181122,0.1780358850955963,21.098570430856345,0.0053221881389617,0.4924782216548919,0.1309695988893509,22.73909777235073,0.0056266435422003,0.4718027114868164,0.1578253805637359,22.49750597296513,0.0056055262684822,0.4748630225658417,0.1550921946763992,22.5138360790957,0.0057322815991938,0.4660569727420807,0.1718571186065673,22.4167248296904,0.0138465724885463,0.3665145337581634,0.1882955282926559,18.58657716385078,0.0104976063594222,0.39891517162323,0.1526055932044983,19.78909716492246,0.0109379841014742,0.3821428716182709,0.1443156599998474,19.61062712214535,0.0113374562934041,0.3753035068511963,0.1593634635210037,19.454843741607355,0.0116290440782904,0.3621394336223602,0.1559600681066513,19.34455983344303
000000367082__woman_with_hat_matisse,0.0001090097648557,0.9886155724525452,0.0249382108449935,39.62534597169362,0.0116542838513851,0.0116970706731081,0.0115498900413513,0.0038312647957354,0.5493124723434448,0.103349968791008,24.166578309580338,0.0011422868119552,0.8151593804359436,0.0949773713946342,29.42224837236859,0.001774406991899,0.7867372632026672,0.1249009221792221,27.50946759891276,0.0013237707316875,0.7980836033821106,0.1248228996992111,28.781872253078788,0.00950095243752,0.4739545583724975,0.13091641664505,20.222328560137093,0.0085657723248004,0.465385764837265,0.1138998717069625,20.67233473179804,0.0091098863631486,0.4477051496505737,0.1244100183248519,20.40487040388722,0.0090929083526134,0.4500036239624023,0.1181895434856414,20.412971861429845,0.0096798203885555,0.431351751089096,0.1304390728473663,20.14132701057609,0.0068555516190826,0.4639450311660766,0.2145092338323593,21.63957594778861,0.003820800455287,0.5297157168388367,0.1326103806495666,24.17845643136151,0.003841521218419,0.5258206725120544,0.1160456910729408,24.154967636689463,0.0041504418477416,0.5142527222633362,0.1296586096286773,23.819056667044286,0.0042555220425128,0.5042609572410583,0.1333310306072235,23.71047155608595
000000449996__antimonocromatismo,0.0001007729515549,0.9954069256782532,0.022525742650032,39.966560211323774,0.0093694068491458,0.0091863106936216,0.0092900786548852,0.0062586087733507,0.3917213678359985,0.3943252861499786,22.035221954167184,0.0015258115017786,0.8852580189704895,0.0906729474663734,28.164991156562863,0.0019435095600783,0.8692667484283447,0.1328998506069183,27.11413318742992,0.0016948701813817,0.8750560879707336,0.1059091165661811,27.708635609822643,0.0081166289746761,0.3689533174037933,0.3338751494884491,20.90624305940448,0.0062552262097597,0.4037425518035888,0.2868052423000335,22.03756980155373,0.0063372086733579,0.3995667994022369,0.2730274796485901,21.981019920706267,0.0065556126646697,0.392613798379898,0.2765484750270843,21.83386714431313,0.0067632435820996,0.3874591886997223,0.2738983929157257,21.69844970927936,0.017269292846322,0.3763997554779053,0.4040477871894836,17.627254458273313,0.0162409227341413,0.2537146806716919,0.3277176916599273,17.89389299789327,0.0168358664959669,0.2413057535886764,0.3537294566631317,17.737645267524048,0.0174252334982156,0.2372533231973648,0.3679182231426239,17.588213936427408,0.0179015789180994,0.2262629121541977,0.3940463066101074,17.47108662585636
000000449996__impronte_d_artista,8.934592915466055e-05,0.99332195520401,0.0221762545406818,40.48925230354121,0.0091343000531196,0.0093246800824999,0.0090530216693878,0.0072293002158403,0.3494422137737274,0.4848845601081848,21.409037396498253,0.001537334290333,0.879025936126709,0.0906485468149185,28.132316857460133,0.0031788174528628,0.8315370082855225,0.1250354498624801,24.97734411214089,0.0017022074898704,0.8721981048583984,0.099818654358387,27.689875028803872,0.0164798125624656,0.3034532964229584,0.3784202337265014,17.830477321746912,0.0147703737020492,0.2869721949100494,0.2891235947608948,18.306085165577368,0.0151267992332577,0.271964281797409,0.3129753768444061,18.20252957131517,0.0153141347691416,0.2788577675819397,0.3234510421752929,18.149075352989552,0.0157534386962652,0.2584389746189117,0.3511243760585785,18.02624632743653,0.0138977197930216,0.317402571439743,0.3677624464035034,18.570564488496355,0.0095300506800413,0.3107010424137115,0.3034496009349823,20.20904789812485,0.0097124921157956,0.3043380677700043,0.3148261308670044,20.12669320733408,0.0105904387310147,0.2768132984638214,0.3544075489044189,19.75086047965041,0.0106935827061533,0.2796533405780792,0.3469986319541931,19.70876767304211
000000449996__picasso_self_portrait,9.794784273253754e-05,0.9957221150398254,0.0163118727505207,40.09005124750125,0.0092669036239385,0.0091699808835983,0.0092147542163729,0.0063905380666255,0.4122325479984283,0.3707278966903686,21.944625738402664,0.0015235081082209,0.8887410759925842,0.0888962894678115,28.17155230088327,0.0020267798099666,0.8766137957572937,0.1320586949586868,26.93193430641349,0.0016859074821695,0.8788881301879883,0.1048763170838356,27.73166261909198,0.0092945266515016,0.4364259243011474,0.2775697708129883,20.317727229308588,0.0080338967964053,0.3746070563793182,0.266606867313385,20.95073751523885,0.0084365056827664,0.3649444580078125,0.2785557508468628,20.73837396612367,0.0085701374337077,0.3612724244594574,0.2943718135356903,20.670122135234404,0.0085920328274369,0.3596281111240387,0.2992462813854217,20.65904072339646,0.0125651722773909,0.368209958076477,0.443454772233963,19.008315525463487,0.0088139111176133,0.3121654689311981,0.3590845465660095,20.548313333728107,0.0091496827080845,0.3024420738220215,0.3918077051639557,20.38593966099373,0.0098681272938847,0.2875763177871704,0.4204577803611755,20.057652569655232,0.0102646565064787,0.275386095046997,0.4499412477016449,19.886555791562067
000000449996__trial,9.845154272625224e-05,0.9926776885986328,0.0209690704941749,40.06777474119575,0.0092266453430056,0.0093226172029972,0.0091524804010987,0.0084215076640248,0.3207564353942871,0.4681631922721863,20.746101517838667,0.001590660889633,0.8770027756690979,0.1087203547358512,27.984223970087005,0.0025657406076788,0.8484599590301514,0.1443841308355331,25.9078725222766,0.0017681405879557,0.8685957789421082,0.1333542168140411,27.52483206434956,0.0106684910133481,0.3528917133808136,0.3855915665626526,19.718970042794712,0.0076894969679415,0.3429940938949585,0.3002085387706756,21.14102069976568,0.0080850655212998,0.3319896161556244,0.338900476694107,20.92316456224659,0.0083575509488582,0.3230840861797333,0.360155701637268,20.77920967204367,0.0087206717580556,0.3121857941150665,0.3925905525684356,20.59450059840369,0.0176678616553545,0.3328584134578705,0.4102608561515808,17.528160100561287,0.0151597894728183,0.2768082618713379,0.3137630820274353,18.193068298008075,0.0160009581595659,0.2547836601734161,0.3400567173957824,17.958540104095132,0.0164705198258161,0.2538506686687469,0.3678384721279144,17.83292693852656,0.0174247529357671,0.2355683296918869,0.3935302495956421,17.58833371014382
000000449996__woman_with_hat_matisse,9.219709318131208e-05,0.9934148788452148,0.0268604811280965,40.35282771302301,0.0091562755405902,0.0093004712834954,0.0090620219707489,0.0058100870810449,0.4355617463588714,0.3510002195835113,22.358173583955782,0.0014467034488916,0.886361300945282,0.075830690562725,28.39620483192684,0.0027319884393364,0.848524272441864,0.1083356812596321,25.63521142744174,0.001603944809176,0.8782194256782532,0.0862388238310813,27.948105796196103,0.0114293890073895,0.4483300149440765,0.2983162999153137,19.419769855112484,0.0125956172123551,0.3435163497924804,0.2822853624820709,18.99780546280014,0.0134654184803366,0.3183098137378692,0.2863396406173706,18.70780144972349,0.0135650970041751,0.3196457922458648,0.2989326417446136,18.675770962461097,0.0140621932223439,0.3034298419952392,0.3134830892086029,18.51946938912312,0.0098299933597445,0.35396409034729,0.3846482038497925,20.074467755378823,0.0070294407196342,0.3840875625610351,0.3087720274925232,21.530792271905568,0.0071305818855762,0.3804903924465179,0.2891085743904114,21.468750284393696,0.0075978622771799,0.3695327043533325,0.3225445449352264,21.193085829585648,0.0077238250523805,0.3701757490634918,0.3405736684799194,21.121675717189262
000000278353__antimonocromatismo,0.0001101556918001,0.9946750998497008,0.0141677958890795,39.579930577184456,0.0094030480831861,0.0092083364725112,0.0092809721827507,0.0064361258409917,0.5334279537200928,0.1778532564640045,21.913754730388227,0.0023369719274342,0.7270521521568298,0.1767632067203521,26.313465044813903,0.0028274890501052,0.6994166374206543,0.2256161272525787,25.48599068272743,0.0026181656867265,0.7080848217010498,0.2101573050022125,25.8200287323439,0.0069795693270862,0.4867112636566162,0.2147380113601684,21.56171374603264,0.0051434789784252,0.5115270614624023,0.1934809386730194,22.887430308021685,0.0054669938981533,0.4910722076892853,0.2101318836212158,22.622514108349524,0.0054770670831203,0.4898076951503753,0.2006156295537948,22.6145193979961,0.0057342681102454,0.4784206449985504,0.2111622393131256,22.41522005132469,0.0140757150948047,0.4787222445011139,0.2151426970958709,18.515295322607148,0.0122009888291358,0.479118674993515,0.1873210370540619,19.13604970502736,0.0129170762374997,0.452099084854126,0.2026081681251526,18.888357771780264,0.0135381743311882,0.4372106790542602,0.215000182390213,18.68439897788945,0.0141596840694546,0.4197424948215484,0.2339147478342056,18.489464365066432
000000278353__impronte_d_artista,0.0001161715699709,0.986157476902008,0.0270572341978549,39.34900141441744,0.0094384374096989,0.0095115080475807,0.009432254359126,0.0074536055326461,0.4740350544452667,0.2443601042032241,21.27633595151837,0.0024733019527047,0.7320991158485413,0.148552805185318,26.06722859624034,0.0028122204821556,0.7126076817512512,0.2176713794469833,25.509506330014883,0.0028671352192759,0.7050696015357971,0.2428808510303497,25.42551824458265,0.0122563792392611,0.5029018521308899,0.2040324658155441,19.116378094795607,0.0102087734267115,0.5381725430488586,0.1630395650863647,19.910264347995582,0.0112782744690775,0.5048769116401672,0.1762379556894302,19.477573405904213,0.0107547072693705,0.5154163241386414,0.1818555444478988,19.68401406106572,0.0116810547187924,0.4897710978984833,0.1887503415346145,19.32517941652461,0.0093362713232636,0.4891673028469085,0.2210725545883178,20.29826535659773,0.0068496670573949,0.5181290507316589,0.1856357753276825,21.643305377995844,0.00749426567927,0.493634819984436,0.197308674454689,21.25270914792303,0.0077987425029277,0.4818042814731598,0.2144780755043029,21.0797541885652,0.0082743484526872,0.4680148661136627,0.2120632529258728,20.822661938716426
000000278353__picasso_self_portrait,0.0001078337591025,0.9946644902229308,0.0148557964712381,39.67245254949843,0.0094142723828554,0.009212034754455,0.0093512386083602,0.0055946190841495,0.5969229340553284,0.1492237597703933,22.522294775509128,0.0019625758286565,0.7860427498817444,0.1733588874340057,27.07173554286709,0.0024927130434662,0.7531589865684509,0.2369360327720642,26.033277137995228,0.0022440068423748,0.762736976146698,0.2068638950586319,26.489758231729667,0.0065957517363131,0.5927181839942932,0.1569624543190002,21.80735699537284,0.0055299513041973,0.5741657614707947,0.1431451737880706,22.57278693001181,0.0057818349450826,0.5618197917938232,0.1461215615272522,22.379343103587136,0.0061614220030605,0.5465992093086243,0.1581653356552124,22.103190448465675,0.0062577812932431,0.543194591999054,0.1515779346227646,22.035796193293965,0.0109786046668887,0.4493867456912994,0.3015436232089996,19.59452853326553,0.007014621514827,0.4731642305850982,0.2361481338739395,21.539957570599352,0.0075925677083432,0.4483571350574493,0.2457448095083236,21.196113264786803,0.0081223417073488,0.4357089698314667,0.2444833666086197,20.90318743669628,0.0082774991169571,0.4299302995204925,0.2570990622043609,20.82100856906385
000000278353__trial,0.000117600277008,0.98943692445755,0.0254476703703403,39.29591655275916,0.0093398392200469,0.0093725863844156,0.009328844025731,0.0091522447764873,0.4402761459350586,0.2963498830795288,20.384723732040037,0.0026272067334502,0.7000554203987122,0.2045870125293731,25.805057514757877,0.0028939039912074,0.6831623911857605,0.2469679415225982,25.385158812268145,0.0030111747328191,0.6690435409545898,0.2657882869243622,25.212640424622,0.0090558156371116,0.4660542011260986,0.2945640385150909,20.430724276531645,0.0064556137658655,0.4889173209667206,0.1993776559829712,21.900624609952587,0.0069223716855049,0.4665218889713287,0.2089692056179046,21.59745085678977,0.0067198616452515,0.47475266456604,0.2211575806140899,21.72639668512004,0.0072892163880169,0.447304755449295,0.2226631194353103,21.373191570938424,0.0153362257406115,0.4332713186740875,0.2632385790348053,18.142815075125966,0.0129633443430066,0.4179970920085907,0.2222614288330078,18.872829427289275,0.0136768976226449,0.3954262733459472,0.2268357276916504,18.64012403943828,0.0137992836534976,0.3871053457260132,0.2678422331809997,18.601434580486163,0.0146586848422884,0.3674135506153106,0.2654920220375061,18.339049922704906
000000278353__woman_with_hat_matisse,0.0001098909124266,0.9909030795097352,0.0238694325089454,39.59038220644295,0.0094185769557952,0.0094598829746246,0.0093813557177782,0.0053867646493017,0.5616123080253601,0.1522384881973266,22.6867199860336,0.0024332236498594,0.7155367732048035,0.1638672649860382,26.138179710380093,0.0026925813872367,0.7063932418823242,0.2000579386949539,25.69831160641456,0.0028637156356126,0.6850385665893555,0.2007724791765213,25.43070109274694,0.0111737186089158,0.5143668055534363,0.1587832570075988,19.51802269805449,0.0111351013183593,0.473377376794815,0.2008292526006698,19.53305826963647,0.011587762273848,0.4588762521743774,0.1934363543987274,19.360004230484464,0.0116204991936683,0.451568603515625,0.2016828060150146,19.347752151127345,0.0120378071442246,0.4388551712036133,0.1986109018325805,19.194526187176557,0.0080659417435526,0.4800716638565063,0.2539403438568115,20.933449190188256,0.0061333836056292,0.4632712602615356,0.2575709521770477,22.12299871999602,0.0063924021087586,0.4517454802989959,0.2650719881057739,21.94335913900211,0.0063913338817656,0.448923796415329,0.2646868824958801,21.944084944181345,0.0067556626163423,0.4352221190929413,0.2627383172512054,21.70332047603031
000000067616__antimonocromatismo,0.0001274208625545,0.9951038956642152,0.0199993047863245,38.94759459358959,0.0176235847175121,0.0176442079246044,0.0175295677036046,0.0099687222391366,0.5310259461402893,0.1775758415460586,20.01360504682816,0.0032220548018813,0.7343111634254456,0.1690709292888641,24.91867077215296,0.0037621718365699,0.7097137570381165,0.2363183200359344,24.24561372004733,0.0035458439961075,0.7114968299865723,0.1937239170074463,24.502803756499407,0.0084911407902836,0.5945084691047668,0.2472215890884399,20.7103395809027,0.0097787659615278,0.4405094683170318,0.3252612352371216,20.09715947862084,0.0098912958055734,0.432068258523941,0.3336025178432464,20.04746810086703,0.0101402169093489,0.4171167910099029,0.3506088256835937,19.93952754911383,0.0102596711367368,0.4098505675792694,0.3614871501922607,19.888665598664524,0.015527069568634,0.5393756031990051,0.2502664923667907,18.08910501145885,0.0167269706726074,0.4243755638599396,0.2642537355422973,17.76582704542421,0.0174924973398447,0.4033567905426025,0.2684870958328247,17.571481834607468,0.0180610883980989,0.3904626071453094,0.2814125120639801,17.432560817608458,0.0187702849507331,0.3683414459228515,0.2751666903495788,17.265291343263524
000000067616__impronte_d_artista,0.0001322927564615,0.9924476742744446,0.0302176438271999,38.78463934458794,0.0176210701465606,0.017870157957077,0.0175649411976337,0.0113651352003216,0.4851473271846771,0.2177759706974029,19.44425393515393,0.0037358740810304,0.7072417736053467,0.1906211823225021,24.27607770245804,0.0046224459074437,0.6687341332435608,0.2448668032884597,23.35128162318306,0.0042971516959369,0.6665317416191101,0.2499783784151077,23.668193147951584,0.0112493969500064,0.6494413018226624,0.2098079025745391,19.48870758290777,0.0134293185546994,0.5219693183898926,0.2102932184934616,18.719460242219988,0.0141356838867068,0.4963111579418182,0.2250322252511978,18.49683175427857,0.014116640202701,0.5022816061973572,0.2318016290664672,18.50268654208662,0.0149555327370762,0.4721058905124664,0.2424334287643432,18.25198112177851,0.0096930963918566,0.5838115811347961,0.2357219159603119,20.135374684508392,0.0098022697493433,0.4717778265476227,0.2620079815387726,20.086733502788697,0.0100052254274487,0.4645649194717407,0.2597327828407287,19.99773121840949,0.0105022927746176,0.4447965919971466,0.2720638513565063,19.787158789618758,0.0107933552935719,0.4326434135437011,0.2866176962852478,19.6684352668272
000000067616__picasso_self_portrait,0.0001252218498848,0.9956220984458924,0.0150939468294382,39.02319884732,0.0174571145325899,0.0176653489470481,0.0173633992671966,0.0100707774981856,0.5284170508384705,0.1805521249771118,19.969369991447927,0.0034885683562606,0.7215473651885986,0.1673247814178466,24.573527628794885,0.0045452481135725,0.6773537993431091,0.2392305433750152,23.424424047600795,0.0038426311220973,0.6971745491027832,0.1963299214839935,24.15371304145262,0.0075986124575138,0.639118492603302,0.2004433721303939,21.19265704700893,0.0085897883400321,0.5104537010192871,0.215605154633522,20.6601753743635,0.0086928261443972,0.5072998404502869,0.2203399986028671,20.60839006131633,0.0091796098276972,0.4842874109745025,0.2468852996826172,20.37175777761631,0.0091449432075023,0.4886484146118164,0.2410474717617035,20.388189872619137,0.0118944868445396,0.5325568318367004,0.3360080122947693,19.24654289683216,0.012976661324501,0.3832752704620361,0.333650529384613,18.868370297895968,0.013131964020431,0.3694352209568023,0.3414792716503143,18.81670315841393,0.0134195713326334,0.3558359444141388,0.3499656915664673,18.722613568082515,0.0134679824113845,0.354210764169693,0.3570247888565063,18.706974594538043
000000067616__trial,0.000125896782265,0.992503583431244,0.0206245649605989,38.99985369672864,0.0174905061721801,0.0177159421145916,0.0174433328211307,0.0107241086661815,0.50555419921875,0.2179212570190429,19.696387940099413,0.0033925119787454,0.7289947867393494,0.1874139606952667,24.69478610199141,0.0039954730309545,0.7038649916648865,0.2390315532684326,23.98431796432096,0.0037878600414842,0.6999203562736511,0.2377903163433075,24.216060762194573,0.0108237462118268,0.5579177737236023,0.2913075089454651,19.65622399346072,0.0111322710290551,0.4498054683208465,0.3030504286289215,19.534162287671894,0.0114327548071742,0.4341262876987457,0.3095954358577728,19.418491105143904,0.0112446509301662,0.4349515736103058,0.3048854470252991,19.490540219051507,0.0115313790738582,0.4189523458480835,0.3138154149055481,19.38118750957535,0.0156169896945357,0.5058664679527283,0.254985511302948,18.06402676287533,0.01474289316684,0.4425146281719208,0.2449067533016204,18.31417281531347,0.0153325758874416,0.4217711985111236,0.2592640221118927,18.14384877126979,0.0155509421601891,0.417912870645523,0.2693111598491668,18.082432939312948,0.0162046533077955,0.3977434337139129,0.2639926075935364,17.903602560925528
000000067616__woman_with_hat_matisse,0.0001313487737206,0.9936755299568176,0.0279758386313915,38.81573977455989,0.0175258032977581,0.0176929235458374,0.0174510180950164,0.0110066207125782,0.4899816215038299,0.1978529095649719,19.583459990256557,0.0037028677761554,0.7007220387458801,0.173716053366661,24.314617956770785,0.0040565277449786,0.6862618923187256,0.2277592271566391,23.91845549280624,0.0041919401846826,0.6654173731803894,0.2206803262233734,23.77584922982253,0.0094033824279904,0.6747583746910095,0.1619165390729904,20.26715901125479,0.0119097754359245,0.5215725898742676,0.2015780955553054,19.240964272542723,0.0124639719724655,0.503631055355072,0.2136771231889724,19.0434353626147,0.0124240228906273,0.5074912905693054,0.2201433926820755,19.057377571133674,0.0131564224138855,0.4829565286636352,0.2195216566324234,18.808621910517644,0.0093885846436023,0.5758176445960999,0.2810583710670471,20.273998739536545,0.0106464335694909,0.4096794128417969,0.3497273325920105,19.727958514261573,0.010813289321959,0.394296646118164,0.3736815452575683,19.66042176807169,0.0109097808599472,0.3900680840015411,0.3844567537307739,19.62183972809597,0.011354211717844,0.3668061196804046,0.4035361111164093,19.448430119043252
000000262682__antimonocromatismo,0.0001096755950129,0.9935963153839112,0.0153588214889168,39.59890000778556,0.0101024936884641,0.0100044906139373,0.0100064128637313,0.0048910905607044,0.5064114928245544,0.2262324094772339,23.105942959499053,0.0008116902317851,0.8764230608940125,0.0780245810747146,30.90609680480254,0.0009675704059191,0.8620484471321106,0.1010911464691162,30.143174234256826,0.000910677248612,0.8651955723762512,0.0891747176647186,30.406355132382217,0.0060473312623798,0.4728747606277466,0.2124753296375274,22.18436240839532,0.0037715996149927,0.5289731621742249,0.133772999048233,24.23474417267847,0.0039509260095655,0.5211887955665588,0.1436301320791244,24.03301103433781,0.0040415553376078,0.5119800567626953,0.1430402398109436,23.934514703967416,0.0041367770172655,0.5104873776435852,0.1633927226066589,23.83337888043585,0.0135941915214061,0.435626745223999,0.2242765724658966,18.666466158243832,0.0122523950412869,0.3886158764362335,0.1761226058006286,19.11779009132423,0.0126989893615245,0.3791778087615967,0.181905597448349,18.96230840632857,0.0129804024472832,0.372178316116333,0.1897006630897522,18.86711842364241,0.0132071813568472,0.3618289530277252,0.2028319835662841,18.791898585234595
000000262682__impronte_d_artista,0.0001079000285244,0.9857540130615234,0.0302969180047512,39.66978440506972,0.0100485142320394,0.0101893078535795,0.0100301383063197,0.0041648484766483,0.5337110161781311,0.1924677044153213,23.80400794245801,0.0008669143426232,0.8784666061401367,0.0845381841063499,30.62023811824662,0.001180954859592,0.8603398203849792,0.1035585552453994,29.27766702390519,0.0009609303087927,0.8706772923469543,0.1065903156995773,30.173081082776136,0.0130907827988266,0.4081427156925201,0.2116837203502655,18.830343828574872,0.0113436458632349,0.4175795614719391,0.1611345410346985,19.45247340169082,0.0119927925989031,0.4022100269794464,0.1761296540498733,19.21079676861325,0.0115711344406008,0.4140395224094391,0.1747729033231735,19.36624060482923,0.0124024488031864,0.390041708946228,0.1819759905338287,19.06492557038362,0.0094632534310221,0.4269566535949707,0.2155773192644119,20.23959529113072,0.0059690424241125,0.4764732420444488,0.148762360215187,22.240953344116413,0.0062625235877931,0.4731545448303222,0.1515923887491226,22.032506253515884,0.0063072019256651,0.4698242247104645,0.1551051288843155,22.00163264805265,0.00651959143579,0.4617804586887359,0.1598129868507385,21.857796194124823
000000262682__picasso_self_portrait,0.0001028784972731,0.9941649436950684,0.0121803041547536,39.87675388031103,0.0101862922310829,0.0101379454135894,0.0100909629836678,0.0047355541028082,0.5192748308181763,0.1986415535211563,23.246291972916005,0.0007952820160426,0.8770267367362976,0.071383535861969,30.994788382711988,0.000908417860046,0.8672428131103516,0.1004358455538749,30.417143358754775,0.0009199451305903,0.8648857474327087,0.0846151933073997,30.36238075037562,0.0069520599208772,0.5004422068595886,0.1531942337751388,21.578864932921032,0.005145417060703,0.5198390483856201,0.1152203977108001,22.885794178264973,0.0052627804689109,0.5169487595558167,0.1309559941291809,22.78784745720721,0.0053678378462791,0.510747492313385,0.1294883340597152,22.70200611976518,0.0054190307855606,0.5119636654853821,0.1299282312393188,22.66078381749905,0.0098406942561268,0.4398840665817261,0.2739928364753723,20.06974261226287,0.0063463058322668,0.4584197103977203,0.1766876280307769,21.974790028209448,0.0064774467609822,0.4509930610656738,0.1879404485225677,21.88596147853004,0.0066619492135941,0.4376457035541534,0.2075790464878082,21.7639868241336,0.0067763146944344,0.432967871427536,0.2262287586927414,21.690064334207385
000000262682__trial,0.0001053949017659,0.9893157482147216,0.0176127701997756,39.7718039660407,0.009939020499587,0.0100642321631312,0.0098834438249468,0.0045970291830599,0.5291536450386047,0.2172230780124664,23.37522739233884,0.0007999833323992,0.8919780254364014,0.0851508751511573,30.96919061411091,0.0012764479033648,0.8645598292350769,0.1054708734154701,28.939969056876635,0.0008861919050104,0.8821597695350647,0.0994957610964775,30.524722213833183,0.0086363414302468,0.4174674749374389,0.2574455142021179,20.636701965438014,0.0059400871396064,0.4765838384628296,0.1654907912015915,22.262071839796373,0.0061539895832538,0.4639283120632171,0.177417054772377,22.10843243210302,0.006153680384159,0.4599603712558746,0.1958710849285125,22.108650643122736,0.0063883922994136,0.4498573839664459,0.2030731737613678,21.946084224898247,0.0151170827448368,0.3641177117824554,0.2380323559045791,18.205320097645718,0.0119902836158871,0.3823118209838867,0.183970421552658,19.211705440606167,0.0125740496441721,0.363907128572464,0.1927211582660675,19.00524829324826,0.0125515097752213,0.3598408699035644,0.1923389881849289,19.01304031345424,0.0129431961104273,0.35288867354393,0.1977652162313461,18.879584685104746
000000262682__woman_with_hat_matisse,0.0001099641667678,0.9895371794700624,0.0251612979918718,39.58748812207807,0.0101526631042361,0.0102711655199527,0.0100754257291555,0.0039219073951244,0.5423036813735962,0.1661085486412048,24.065026651968594,0.0007900520577095,0.8750956058502197,0.0697372257709503,31.02344291454964,0.0012821517884731,0.8475315570831299,0.0936987698078155,28.92060557505114,0.0008529975893907,0.8688569664955139,0.0883751362562179,30.6905219616634,0.009795936755836,0.5042478442192078,0.1817498803138733,20.089540274142177,0.009513453580439,0.4692631661891937,0.1628625243902206,20.21661796558646,0.0103414906188845,0.4367855787277221,0.1669275164604187,19.854168576735777,0.0099313929677009,0.4549340307712555,0.1639238595962524,20.02989833502747,0.0106494827196002,0.4267729818820953,0.1709957867860794,19.726714868242283,0.0070302337408065,0.468538761138916,0.2273260653018951,21.53030235342205,0.0041957991197705,0.5155207514762878,0.144735500216484,23.77185312485999,0.0043756151571869,0.5017252564430237,0.1517233252525329,23.58960881935089,0.0044543496333062,0.498140424489975,0.1583808660507202,23.512156970783305,0.0046994476579129,0.4894840717315674,0.1722554564476013,23.27953183174256
000000356432__antimonocromatismo,0.0001061906732502,0.9939311146736144,0.017456691712141,39.73913625757662,0.0096316058188676,0.0094386991113424,0.0095176696777343,0.0044986926950514,0.4532493352890014,0.2576689124107361,23.4691367240493,0.0008681561448611,0.8754902482032776,0.0895943269133567,30.614021564446396,0.0010934666497632,0.8697175979614258,0.1021401509642601,29.611944582090125,0.0009352303459309,0.8702864646911621,0.093115784227848,30.29081409826837,0.0064639816991984,0.4030760824680328,0.2440364062786102,21.894998818046897,0.0038842468056827,0.4924025237560272,0.123499609529972,24.106931827442743,0.0039521758444607,0.485607773065567,0.1379571408033371,24.031637405570784,0.0041182893328368,0.4759693145751953,0.1331058293581009,23.852831450321265,0.0041811000555753,0.4676064550876617,0.1508929431438446,23.78709439466009,0.0149960787966847,0.3895086050033569,0.2480047643184662,18.24022286250256,0.0136904967948794,0.3235146701335907,0.1852498054504394,18.635807920880616,0.0142257129773497,0.3094688653945923,0.191066175699234,18.469259580176622,0.0148102780804038,0.3029069900512695,0.1938198208808899,18.294367870121405,0.0149719594046473,0.291337102651596,0.2085174769163131,18.24721359113156
000000356432__impronte_d_artista,0.0001014613299048,0.9852588772773744,0.0398299060761928,39.93699449464378,0.0093151200562715,0.009392637759447,0.0092608090490102,0.0037093579303473,0.5020331740379333,0.2183516174554824,24.30701257888792,0.0009969836100935,0.8652682304382324,0.0813325941562652,30.01311981211333,0.0011900613317266,0.8634343147277832,0.0989547371864318,29.244306559654056,0.0010745992185547,0.8647624850273132,0.1130831539630889,29.687534795848048,0.0149566261097788,0.328991174697876,0.2370034158229828,18.251663628324398,0.0125320814549922,0.3524501323699951,0.165228322148323,19.019767909896053,0.0131962550804018,0.3371102809906006,0.188059464097023,18.79549298238826,0.0131363878026604,0.3412365615367889,0.1813426911830902,18.815240391170303,0.0136498240754008,0.3247365951538086,0.1908168196678161,18.64872945954728,0.0101543366909027,0.3626411855220794,0.2468322962522506,19.933484406382345,0.0070340167731046,0.3959419727325439,0.1998639404773712,21.527966004122927,0.0072608473710715,0.3912641108036041,0.204879879951477,21.39012692370759,0.0072882622480392,0.3941579759120941,0.1941137313842773,21.37376008863372,0.0074272397905588,0.3904694318771362,0.2118746191263198,21.291725545366177
000000356432__picasso_self_portrait,9.877062984742224e-05,0.9947969317436218,0.0137196891009807,40.05372176783307,0.009547222405672,0.0094191012904047,0.0094672366976737,0.0042323204688727,0.4757882356643677,0.2269393056631088,23.734214551993105,0.0008738886099308,0.878858745098114,0.0920609831809997,30.58543921113143,0.0011808014241978,0.865419864654541,0.1117567494511604,29.27823131705912,0.0009657067130319,0.8689677119255066,0.1019127964973449,30.151547496213247,0.0078415190801024,0.4282454550266266,0.1732732951641082,21.055997964737525,0.0059929979033768,0.437129259109497,0.1702998578548431,22.223558742394463,0.0061179604381322,0.4392768144607544,0.1635299772024154,22.133933357129607,0.0063090869225561,0.4342507421970367,0.1660034656524658,22.000334891217637,0.0063114487566053,0.4322714805603027,0.166528970003128,21.998709395227923,0.0103007508441805,0.4080197811126709,0.2876679301261902,19.87131117469634,0.0067374152131378,0.4026727676391601,0.1848923116922378,21.71506687140724,0.0067454506643116,0.3941632211208343,0.1693852096796035,21.70989029759976,0.0070517882704734,0.3838121891021728,0.2094814628362655,21.517007358431425,0.0071769743226468,0.3722522556781769,0.216863065958023,21.440586075579485
000000356432__trial,0.0001035954337567,0.98891943693161,0.0245457701385021,39.84659386849171,0.0092464853078126,0.0092635713517665,0.0091990269720554,0.0061801425181329,0.408171683549881,0.3853187561035156,22.09001509680597,0.000964293081779,0.877983570098877,0.0974027216434478,30.15790949028225,0.0011825514957308,0.872992217540741,0.1140725761651992,29.271799382647277,0.0010514786699786,0.8720706105232239,0.1130216941237449,29.781995328725884,0.0106812780722975,0.3412447273731231,0.294379860162735,19.71376778530585,0.0061450586654245,0.4247192442417145,0.176821082830429,22.11473966650829,0.0062022996135056,0.4225053787231445,0.1568934470415115,22.07447258197164,0.0064515247941017,0.4074933230876922,0.1924743950366974,21.90337629333284,0.0066589028574526,0.3985511064529419,0.2010120749473571,21.765973207104,0.0177896488457918,0.2955038547515869,0.3181114792823791,17.498326244759433,0.0134687349200248,0.310653418302536,0.2168687283992767,18.706731944072416,0.0135587444528937,0.3096988499164581,0.2110028564929962,18.677805245121505,0.0141886929050087,0.2940878570079803,0.2235114425420761,18.48057610905349,0.0143972858786582,0.2944955825805664,0.238004982471466,18.417193717255543
000000356432__woman_with_hat_matisse,0.0001081648733816,0.9893026351928712,0.0294272694736719,39.6591375377058,0.0094176083803176,0.0094922231510281,0.009344957768917,0.0032976306974887,0.5104221701622009,0.2008886188268661,24.81797982719176,0.0008827836136333,0.8661329746246338,0.0867992341518402,30.541457368772345,0.001507167587988,0.8439760208129883,0.1047327518463134,28.218384540610717,0.000963507394772,0.8635237812995911,0.1065955758094787,30.16144947851953,0.0112694529816508,0.4348650872707367,0.2172226011753082,19.48097164061808,0.0111496346071362,0.3871907889842987,0.1913104206323623,19.527393649660148,0.0117049841210246,0.3660989701747894,0.1923162788152694,19.316291711306263,0.0116354012861847,0.378204733133316,0.2036360502243042,19.34218634004202,0.0121992230415344,0.3560844957828522,0.1977242231369018,19.13667828302245,0.0074547692202031,0.403507798910141,0.2731097638607025,21.27565796603161,0.004363564774394,0.4704595804214477,0.1687800586223602,23.60158572819042,0.0044910344295203,0.4613231122493744,0.1855155974626541,23.476536155021044,0.0046603656373918,0.457320362329483,0.1817297339439392,23.315800086163883,0.0047750938683748,0.4517624676227569,0.1773967146873474,23.210180866736344
000000345469__antimonocromatismo,0.0001328012003796,0.9952642321586608,0.0121203567832708,38.767979993965554,0.0274906307458877,0.0279617980122566,0.0274620503187179,0.0186624564230442,0.4759038388729095,0.1661828458309173,17.29031193346143,0.0076854056678712,0.6308191418647766,0.2162135243415832,21.14333203679117,0.0087326066568493,0.604702353477478,0.2731980681419372,20.58856101344679,0.0086423913016915,0.6018660068511963,0.2564015984535217,20.63366074021301,0.0097774816676974,0.6137835383415222,0.2130119800567627,20.09772989656099,0.0105713307857513,0.4682233035564422,0.2198994308710098,19.75870337524296,0.0109216095879673,0.455461174249649,0.2358189821243286,19.61713352138682,0.0111536374315619,0.4435837268829345,0.2452761232852935,19.52583477114604,0.0113409534096717,0.4350861608982086,0.2519921958446502,19.453504337011044,0.0162106826901435,0.550159752368927,0.2347535490989685,17.901986950639454,0.0167101919651031,0.4427860081195831,0.2085489928722381,17.770185609440627,0.0175989065319299,0.4227495491504669,0.2180571854114532,17.545143152484446,0.0179581027477979,0.4158960282802582,0.2330839186906814,17.457395479407694,0.0188821274787187,0.3866879045963287,0.2358336001634597,17.239490746452383
000000345469__impronte_d_artista,0.0001306731137447,0.9934762120246888,0.0169447530061006,38.83813760188912,0.0275701470673084,0.02822539024055,0.0276693329215049,0.0194403752684593,0.4496292769908905,0.1856054365634918,17.1129535589904,0.0078250868245959,0.6327949166297913,0.2122397422790527,21.06510834965704,0.0087270736694335,0.6083247065544128,0.2848016321659088,20.59131357928837,0.0089615890756249,0.5936986804008484,0.2857988774776459,20.4761497408958,0.011015098541975,0.6553049087524414,0.1844467967748642,19.580116132617785,0.0133395632728934,0.531038761138916,0.1804456412792205,18.74858388656145,0.014025691896677,0.5160090923309326,0.1813806593418121,18.53075705508725,0.01402800809592,0.5134541392326355,0.1944606602191925,18.530039921480768,0.0145938768982887,0.4981739521026611,0.1886588335037231,18.35829321412076,0.0119535960257053,0.5783419609069824,0.2367977797985077,19.225014253277973,0.0121850743889808,0.4642638266086578,0.2228272259235382,19.14171815135368,0.0125503307208418,0.4526385366916656,0.244287222623825,19.013448296933635,0.0130620328709483,0.4342869818210602,0.245444193482399,18.839892276604324,0.0131415231153368,0.4310806691646576,0.261888176202774,18.81354296705347
000000345469__picasso_self_portrait,0.0001294057146878,0.9954252243041992,0.0108421444892883,38.8804654435808,0.0274697318673133,0.0281220078468322,0.027469802647829,0.0171758383512496,0.4960442781448364,0.154940664768219,17.65082055873311,0.007779287174344,0.6324815154075623,0.208065927028656,21.090601961249543,0.0092093991115689,0.600087583065033,0.278950572013855,20.357687054213077,0.008714560419321,0.6031287908554077,0.2275818139314651,20.597545147247303,0.0091155394911766,0.6535441875457764,0.1654818505048751,20.402176231025223,0.0105519369244575,0.509164035320282,0.1651508510112762,19.76667813504328,0.0108321579173207,0.4955263435840606,0.178924560546875,19.65285017222348,0.0110885957255959,0.4866016805171966,0.1854172945022583,19.551234499951512,0.0111962063238024,0.4810360968112945,0.2007007300853729,19.50929106949063,0.0140252625569701,0.532543957233429,0.264874666929245,18.530889998774345,0.0133203715085983,0.421287328004837,0.2330203056335449,18.75483662411645,0.0135557195171713,0.4108540117740631,0.2472729384899139,18.67877425774829,0.0139223439618945,0.3958941400051117,0.2485926747322082,18.56287640873501,0.0139374993741512,0.3923273980617523,0.269324392080307,18.558151391093013
000000345469__trial,0.0001312050735577,0.9938334822654724,0.0121759679168462,38.82049370939389,0.0275612417608499,0.0283555295318365,0.0276832301169633,0.0197759084403514,0.4485016763210296,0.2033485174179077,17.038635573084186,0.0079375309869647,0.6262406706809998,0.2067053467035293,21.003145662742657,0.0102226622402668,0.577419102191925,0.2757480144500732,19.90435988184388,0.0090784160420298,0.5898707509040833,0.2701867222785949,20.419899184627923,0.0102464146912097,0.61054927110672,0.1923020184040069,19.8942807140916,0.0109930038452148,0.4876244366168976,0.1818169504404068,19.588836201197267,0.0115171074867248,0.469045490026474,0.1867641508579254,19.386565799656022,0.0113652991130948,0.468382716178894,0.1962230503559112,19.444191299823785,0.0116657661274075,0.4570815563201904,0.2040697634220123,19.330867344544764,0.0167480688542127,0.5323629379272461,0.2179622054100036,17.76035262317278,0.0163632873445749,0.4460342824459076,0.2031192183494568,17.861294431958004,0.0171848442405462,0.4219099581241607,0.2170490026473999,17.648543998536596,0.0171858556568622,0.4206514656543731,0.2260521650314331,17.648288401457457,0.0177568234503269,0.402972549200058,0.2294201850891113,17.50634723319971
000000345469__woman_with_hat_matisse,0.0001326885394519,0.9939913749694824,0.017205586656928,38.77166586312142,0.0275269858539104,0.0281214788556098,0.0276069305837154,0.0188535880297422,0.4565602242946625,0.1640471518039703,17.246059869312898,0.0077585075050592,0.6296512484550476,0.2051652818918228,21.10221815424553,0.0085085965692996,0.6107963919639587,0.2628751099109649,20.70142067703024,0.0088257426396012,0.5924711227416992,0.2622053027153015,20.542487408170665,0.0096890870481729,0.6892492771148682,0.1320484727621078,20.13717142311436,0.012916243635118,0.5339832305908203,0.158122032880783,18.88863771614816,0.0135452523827552,0.5159714221954346,0.1549730598926544,18.68212898536549,0.0136174447834491,0.5129073262214661,0.1662164032459259,18.65904377045611,0.0142170153558254,0.4961490631103515,0.1681372970342636,18.47191567498384,0.0116955041885375,0.57816481590271,0.2571049630641937,19.31981051188742,0.0118333911523222,0.4370891153812408,0.2559428215026855,19.268907796583846,0.0121241845190525,0.4259838163852691,0.2727455198764801,19.16347462687415,0.0124775879085063,0.4097775220870971,0.2955232858657837,19.03869361710708,0.0126487528905272,0.4021370410919189,0.314124047756195,18.979522918369177
000000128748__antimonocromatismo,0.0001060191643773,0.993657886981964,0.011859955266118,39.74615623121596,0.0129624744877219,0.0128552867099642,0.0128822056576609,0.0042075566016137,0.611603856086731,0.0981913059949874,23.75970033022209,0.0014473375631496,0.8407203555107117,0.0758169069886207,28.394301663821043,0.0017028301954269,0.8318166136741638,0.0960573330521583,27.688286573021426,0.0016276376554742,0.8293364644050598,0.086930327117443,27.8844227127912,0.0052438601851463,0.5527607798576355,0.1105021089315414,22.803488962399463,0.0041559753008186,0.5688271522521973,0.1043282896280288,23.81327042142297,0.0042449044995009,0.5657515525817871,0.1074706315994262,23.72132075927987,0.0042248028330504,0.5618699789047241,0.1085568889975547,23.74193554292099,0.0044341930188238,0.5541676878929138,0.1204742938280105,23.531854061278,0.0122961411252617,0.4711960256099701,0.1794629395008087,19.10231160995402,0.0109077589586377,0.4551000297069549,0.1397366970777511,19.62264467731709,0.011264119297266,0.4422571659088135,0.1479158699512481,19.48302758604132,0.011816325597465,0.431669145822525,0.165433183312416,19.275175505977515,0.0122979702427983,0.4205860197544098,0.1730011701583862,19.101665621455027
000000128748__impronte_d_artista,0.0001127647192333,0.9870996475219728,0.0224083717912435,39.47826757080948,0.0129729118198156,0.013079110532999,0.0129302907735109,0.0044447942636907,0.5992307066917419,0.1197431609034538,23.521483364286823,0.0016904044896364,0.8216704726219177,0.0922046527266502,27.720093624880818,0.0019110074499621,0.8159258961677551,0.1093863099813461,27.18737619867454,0.0018570887623354,0.8109548091888428,0.1139041483402252,27.31167338009691,0.010906983166933,0.4884866178035736,0.1543070822954177,19.62295357123354,0.0095497937873005,0.5012032389640808,0.1162768602371215,20.200060062177585,0.0102248629555106,0.4717264175415039,0.1348167359828949,19.90342504158212,0.0100819580256938,0.4859000742435455,0.1359245032072067,19.964551149962087,0.0107353562489151,0.4597771167755127,0.1578452140092849,19.6918353908326,0.0071620526723563,0.5237348675727844,0.1606255173683166,21.449624893518173,0.0050078704953193,0.560510516166687,0.1260268539190292,23.00346910607412,0.0051072901114821,0.5552315711975098,0.1320078372955322,22.918094720372885,0.0056439228355884,0.5407251119613647,0.141738474369049,22.48418932605008,0.0057933707721531,0.5328783988952637,0.1579583287239074,22.370686760327377
000000128748__picasso_self_portrait,0.0001027898179017,0.9943339228630066,0.0101331882178783,39.880499033181295,0.0129587398841977,0.012865831144154,0.0128827653825283,0.0045302077196538,0.6075299382209778,0.0991375222802162,23.438818842054413,0.0016189031302928,0.8254929184913635,0.0847852975130081,27.90779137187268,0.0020788179244846,0.80897456407547,0.1097858697175979,26.82183547154548,0.0018170826369896,0.8153178095817566,0.0999164283275604,27.406253214687837,0.0053638368844985,0.5809332728385925,0.1083724200725555,22.705244376137447,0.003996520768851,0.6016051173210144,0.0905482918024063,23.98317925775809,0.0042007127776741,0.5953647494316101,0.0994392111897468,23.76677012186258,0.0042827585712075,0.5900347828865051,0.1020053252577781,23.682764070761458,0.004436822142452,0.583997368812561,0.1122953817248344,23.529279803661225,0.0087293153628706,0.5086856484413147,0.1937160938978195,20.59019816522032,0.006429033819586,0.5164300799369812,0.1431404650211334,21.91854289649776,0.0066084787249565,0.5006046891212463,0.15623140335083,21.798985038117262,0.0068917088210582,0.4910521507263183,0.1682009994983673,21.616730800456946,0.007105004042387,0.4810117185115814,0.1762815117835998,21.48435670644904
000000128748__trial,0.0001072517552529,0.9886970520019532,0.0191731378436088,39.69595591540151,0.0128097515553236,0.0128472847864031,0.0127587858587503,0.0049723321571946,0.5831542611122131,0.1468089669942855,23.03439867717747,0.0016389318043366,0.8335971832275391,0.0802725479006767,27.85439116970362,0.0022004712373018,0.8172723650932312,0.1058295592665672,26.574843037939424,0.0018254279857501,0.8214845657348633,0.1005681827664375,27.38635295559086,0.0077804536558687,0.4906158447265625,0.191465362906456,21.08995079810242,0.0058557647280395,0.535468339920044,0.1165443807840347,22.324163806120268,0.005854935850948,0.5268760919570923,0.1252966076135635,22.324778588720417,0.0056657600216567,0.5345084071159363,0.1206957176327705,22.46741824358012,0.0060236393474042,0.5108534693717957,0.1558972746133804,22.20141038487478,0.0128679238259792,0.433267205953598,0.1797273904085159,18.90491518647811,0.0101374872028827,0.4644117057323456,0.1283763945102691,19.940696810146623,0.0103433551266789,0.4523541927337646,0.1277280747890472,19.85338564080411,0.0106039708480238,0.4496681988239288,0.1380232572555542,19.745314748808305,0.0112583162263035,0.428990364074707,0.1448383778333664,19.48526556936262
000000128748__woman_with_hat_matisse,0.0001106904455809,0.9899372458457948,0.0217523425817489,39.55889864311277,0.0130661819130182,0.0131235290318727,0.0129884406924247,0.0039638797752559,0.6268365979194641,0.0764404833316803,24.018795261682826,0.0015292298048734,0.8330099582672119,0.0727785378694534,28.155272461186524,0.0020467829890549,0.8188961148262024,0.0983718335628509,26.889282011342964,0.001669381163083,0.8254181742668152,0.0871825367212295,27.77444491287188,0.0084876827895641,0.5538457036018372,0.1059814393520355,20.712108597047568,0.0080808391794562,0.5326007008552551,0.0941641181707382,20.92543536244876,0.0083022862672805,0.5229061841964722,0.0941657349467277,20.80802295992805,0.0081616761162877,0.5295726656913757,0.0992853492498397,20.882206435372574,0.0086862966418266,0.5084322690963745,0.1007245779037475,20.611653433241727,0.0061028264462947,0.5421705842018127,0.1414268463850021,22.14468980442919,0.0047205868177115,0.5471665263175964,0.1208401620388031,23.260040107190854,0.0047995555214583,0.5409731268882751,0.1336863785982132,23.18798980023573,0.0051030688919126,0.530680239200592,0.1462552398443222,22.921685686116103,0.005267918575555,0.5269588828086853,0.1539091020822525,22.783609464020547
000000476491__antimonocromatismo,0.0001006170568871,0.9927617907524108,0.0160805247724056,39.97328390214128,0.0082035008817911,0.0077879410237073,0.0080403909087181,0.0042628236114978,0.4972903728485107,0.2375429570674896,23.70302637359437,0.0007449365220963,0.9041149020195008,0.0821094885468483,31.278807329937184,0.0007404903299175,0.905621349811554,0.0851302593946456,31.30480608568677,0.0007441055495291,0.9039473533630372,0.0910684317350387,31.28365456487955,0.0062450864352285,0.4141057431697845,0.245180994272232,22.04461546387837,0.0036063725128769,0.51625657081604,0.1238923147320747,24.42929415735845,0.0037550134584307,0.5069703459739685,0.129216730594635,24.25388502092105,0.0039743930101394,0.4938408136367798,0.1456140428781509,24.007291896430072,0.0041626985184848,0.4860511720180511,0.1586798429489135,23.806250415512853,0.0137205822393298,0.3902619779109955,0.2239101529121399,18.62627458748595,0.0116641400381922,0.3641302585601806,0.1684699803590774,19.331472749100964,0.0117983929812908,0.3594394028186798,0.1716911196708679,19.281771424299897,0.0129444040358066,0.3309968411922455,0.1938564628362655,18.87917939815332,0.0130572170019149,0.3256302177906036,0.2080046981573104,18.84149378153316
000000476491__impronte_d_artista,0.0001038618720485,0.9845516085624696,0.0273809321224689,39.83543853770211,0.0080409599468112,0.0078853219747543,0.0079165529459714,0.0032015067990869,0.556117594242096,0.210966020822525,24.946455715212757,0.0008159836870618,0.8914230465888977,0.0899558812379837,30.88318523464096,0.0008632422541268,0.8918745517730713,0.0977334976196289,30.638673098856305,0.0009240906802006,0.8862918019294739,0.1028042510151863,30.34285409755627,0.0133226960897445,0.3419075012207031,0.217237114906311,18.75407878888341,0.0109273344278335,0.3816850185394287,0.1440102159976959,19.61485765265948,0.0112931663170456,0.3673204183578491,0.1598683893680572,19.47184275858083,0.011478210799396,0.3626570403575897,0.1646745055913925,19.401258036199174,0.0117574902251362,0.3574198186397552,0.1716670095920562,19.296853736425795,0.0092007182538509,0.3951024711132049,0.2205912321805954,20.36178268142684,0.0055478252470493,0.4686599671840668,0.1611447632312774,22.558772273820026,0.0057645901106297,0.4578404426574707,0.1833599507808685,22.39231567644267,0.0063450839370489,0.4380923211574554,0.2007409632205963,21.975626283910174,0.0066355876624584,0.4202462136745453,0.2143415808677673,21.781206090073503
000000476491__picasso_self_portrait,9.60148754529655e-05,0.994157373905182,0.0118417171761393,40.17661477099306,0.0080877803266048,0.0077228141017258,0.007926408201456,0.0040778229013085,0.5143349170684814,0.2126338183879852,23.895716394344323,0.0007465336821042,0.9017074704170228,0.0865692496299743,31.26950592999912,0.0007527279085479,0.9054706692695618,0.0965528637170791,31.233619815295853,0.0007498064660467,0.9038865566253662,0.0991177931427955,31.250508187073432,0.006524593103677,0.4654115736484527,0.1665608882904052,21.85446567259853,0.0044849831610918,0.5148928165435791,0.1384440511465072,23.48239183179229,0.0046258573420345,0.5079488158226013,0.1358706057071685,23.348077646744574,0.0049409801140427,0.4940712451934814,0.1528197228908538,23.061868940115904,0.0052103749476373,0.4797698259353637,0.1697008311748504,22.831310229901668,0.0092556271702051,0.4095140993595123,0.2618898451328277,20.3359414770191,0.005778579507023,0.4438098967075348,0.1820965707302093,22.381789069220424,0.0059349779039621,0.4363496303558349,0.1830713003873825,22.26580893593161,0.0065596611239016,0.4082478284835815,0.2096688002347946,21.83118595962909,0.0066790790297091,0.4025183618068695,0.2264842092990875,21.752834177474966
000000476491__trial,0.0001040420611388,0.9877859950065612,0.0234583616256713,39.82791052743147,0.0080492999404668,0.007801585830748,0.0079181529581546,0.0045200078748166,0.4831970930099487,0.2710029482841491,23.4486080855445,0.0008236112189479,0.8969994187355042,0.0918158367276191,30.842777462040928,0.0008886427967809,0.8948431015014648,0.09478060901165,30.5127277509444,0.0009048679494298,0.8909761905670166,0.1070670560002327,30.434147942956606,0.0082375584170222,0.3759759962558746,0.2665570378303528,20.842014925678345,0.0052707195281982,0.4573465287685394,0.1648555099964141,22.781300933651323,0.0053776991553604,0.4535962045192718,0.1777888089418411,22.694034971706223,0.0055468678474426,0.4420796632766723,0.1642607599496841,22.559521809410885,0.005640547722578,0.4409421384334564,0.1805060058832168,22.486787220195616,0.0149102816358208,0.3242639601230621,0.2724049985408783,18.26514153211812,0.011482193134725,0.3489886522293091,0.1844453662633896,19.39975152413536,0.0118102841079235,0.3398157060146332,0.1979312151670456,19.277396548827305,0.0123733282089233,0.3254573345184326,0.2029598653316497,19.07513467035724,0.0127041563391685,0.3125486373901367,0.2129579782485962,18.960541703939604
000000476491__woman_with_hat_matisse,0.0001039271228364,0.987690269947052,0.0234178118407726,39.832710957440696,0.0082028340548276,0.0079996455460786,0.0080728651955723,0.0024880191776901,0.5854880809783936,0.1880457997322082,26.04146276419761,0.0006243591196835,0.9105852246284484,0.0736090838909149,32.045655403903545,0.0007055017049424,0.9083950519561768,0.0820867344737052,31.515019323756903,0.0006638926570303,0.9075272083282472,0.0806289315223693,31.779021348307506,0.0101843392476439,0.4268014430999756,0.1821666955947876,19.920671424528056,0.0094151133671402,0.4249915778636932,0.1515019088983535,20.26174446287036,0.0096649033948779,0.4131923019886017,0.1576849669218063,20.14802482585364,0.0099234245717525,0.3994785845279693,0.1643548905849456,20.03338427043729,0.0103343268856406,0.3854316174983978,0.167238175868988,19.857178053813517,0.0071661211550235,0.4090015590190887,0.2132380455732345,21.44715853647803,0.0040717269293963,0.5001175403594971,0.1439573764801025,23.902213556793903,0.0042116274125874,0.4889891147613525,0.1534517705440521,23.75550056245952,0.0048654694110155,0.4626985788345337,0.1839940100908279,23.128752534882643,0.0048180245794355,0.4633350074291229,0.1936176270246505,23.17130988753197
000000342128__antimonocromatismo,0.0001216424279846,0.9934823513031006,0.0167584624141454,39.14914919917241,0.0238511934876441,0.0243150722235441,0.0238133482635021,0.0096549363806843,0.5398800373077393,0.0984249114990234,20.15250583573737,0.0045208991505205,0.6833582520484924,0.1128380373120307,23.447751808358525,0.0061478428542613,0.6209206581115723,0.1433883607387542,22.112772420830545,0.0048465402796864,0.668703556060791,0.1297502815723419,23.145681734821547,0.0072724134661257,0.5561535358428955,0.1588166952133178,21.38321437685947,0.007981120608747,0.4502867758274078,0.1995180547237396,20.979361261897147,0.0081830853596329,0.4453573226928711,0.2043203264474868,20.87082918575312,0.0081851566210389,0.4409162104129791,0.2173101603984832,20.86973006050186,0.0083617363125085,0.4341674745082855,0.2202436327934265,20.77703532053257,0.014152000658214,0.5024222731590271,0.2169649451971054,18.49182159899157,0.0138179985806345,0.4399702250957489,0.1714004874229431,18.595548562622422,0.0146338595077395,0.4158044159412384,0.1820361167192459,18.346411187235876,0.0147233651950955,0.4203648865222931,0.1871153861284256,18.31992915635199,0.0155907915905117,0.3939182460308075,0.2057231813669204,18.07131833838509
000000342128__impronte_d_artista,0.0001271524088224,0.988994598388672,0.0276636816561222,38.95675407974437,0.0239695329219102,0.0242707077413797,0.0239687524735927,0.0125767486169934,0.4428099691867828,0.1539818346500396,19.00431619638565,0.004921571817249,0.6529971361160278,0.1294063031673431,23.078961731393125,0.0053288303315639,0.6365783214569092,0.1465697586536407,22.73368107351242,0.0053457948379218,0.6257418990135193,0.1768277585506439,22.719877127078348,0.0116301113739609,0.5469013452529907,0.1816394031047821,19.3441612629777,0.0113802254199981,0.5063800811767578,0.146477997303009,19.438491353318334,0.0121381767094135,0.4844233095645904,0.1557850241661071,19.158465442747357,0.0117791714146733,0.4971998929977417,0.1793363839387893,19.28885258164484,0.0125823952257633,0.4698633253574371,0.1764776110649109,19.002366773077185,0.009147216565907,0.5317746996879578,0.1864475458860397,20.387110386076447,0.0075007304549217,0.4989217519760132,0.1517716497182846,21.24896440995698,0.0077871526591479,0.4845369160175323,0.1696835607290268,21.086213113221245,0.0082009034231305,0.4783468246459961,0.1631004810333252,20.861383024859656,0.0083975475281476,0.4695772230625152,0.1749875545501709,20.75847529474525
000000342128__picasso_self_portrait,0.000119117925351,0.9944021701812744,0.0114354062825441,39.24022879195186,0.0238202325999736,0.0240723807364702,0.0237888377159833,0.0100957909598946,0.5471164584159851,0.0911135897040367,19.95859650364612,0.0045366813428699,0.692890465259552,0.1042437553405761,23.432617245676543,0.0049730502068996,0.6692093014717102,0.1315712034702301,23.03377156197214,0.0050279204733669,0.6652868390083313,0.1287263184785843,22.986116001688615,0.0064671202562749,0.6063611507415771,0.1173814535140991,21.892890632602374,0.006395845208317,0.5425868630409241,0.1240681931376457,21.941020555554523,0.0066763684153556,0.5316987037658691,0.1245694160461425,21.75459706093846,0.0066833677701652,0.5283930897712708,0.1337935775518417,21.75004640004729,0.006880001630634,0.5227600932121277,0.1364032626152038,21.62411458832033,0.0110611878335475,0.4939578771591186,0.2326751798391342,19.56198232718918,0.0102182114496827,0.44203782081604,0.2035206854343414,19.90625114525135,0.0105927996337413,0.4208315908908844,0.2281873673200607,19.749892424612657,0.010698695667088,0.4181763231754303,0.2345761656761169,19.70669166157326,0.0112015875056386,0.3946194350719452,0.2601238191127777,19.50720424108216
000000342128__trial,0.0001189610920846,0.989960253238678,0.0181918442249298,39.24595057564795,0.0237358920276165,0.0239954814314842,0.0237135365605354,0.0102035049349069,0.5134047269821167,0.1184559762477874,19.912506211376996,0.004385391715914,0.6892911791801453,0.1064246892929077,23.579916081219103,0.0050410591065883,0.6600310206413269,0.1296550631523132,22.974782104145213,0.0050414069555699,0.6511003375053406,0.1511606872081756,22.97448243759066,0.0097535839304327,0.5027906894683838,0.2099930495023727,20.10835774536041,0.0088193528354167,0.481231689453125,0.1716973334550857,20.54563282251312,0.0091232433915138,0.4658973515033722,0.1793497800827026,20.39850738796033,0.0090163182467222,0.4611303806304931,0.1974756121635437,20.44970767508081,0.0096030971035361,0.4364916384220123,0.2201369553804397,20.17588679663051,0.0141742983832955,0.4681146144866943,0.2082023322582245,18.484984291408367,0.0129815563559532,0.4395994246006012,0.1810200661420822,18.866732369437404,0.0131601868197321,0.4313820302486419,0.178599551320076,18.80737945509076,0.0132382959127426,0.43228879570961,0.1881121695041656,18.78167915449438,0.0140444179996848,0.4061569273471832,0.2050548493862152,18.524962532415028
000000342128__woman_with_hat_matisse,0.0001272270601475,0.9913215637207032,0.0200414359569549,38.95420508004491,0.0238568466156721,0.0241459310054779,0.0238563828170299,0.0120705040171742,0.4784269630908966,0.0994659513235092,19.182745950801603,0.0049339449033141,0.6563583016395569,0.1214168965816497,23.06805704526107,0.005239323247224,0.6413721442222595,0.140755295753479,22.807248063325428,0.0053705722093582,0.6328807473182678,0.1502123475074768,22.69979439788778,0.0085516041144728,0.6183826327323914,0.1226194724440574,20.6795241243907,0.0097504407167434,0.5346073508262634,0.1292915046215057,20.10975753888737,0.0102843297645449,0.5162492394447327,0.1325301676988601,19.878240062584556,0.0104099521413445,0.5130576491355896,0.1476258188486099,19.82551267107884,0.0107840402051806,0.4983291923999786,0.1398920267820358,19.672185016641382,0.0083046266809105,0.5332491993904114,0.2007916718721389,20.806798856767173,0.0089007401838898,0.4292359352111816,0.2328686118125915,20.505738760053784,0.0091013768687844,0.4204302728176117,0.2361887097358703,20.408929020434663,0.0094131985679268,0.4088815152645111,0.2582885921001434,20.262627799345843,0.0094722276553511,0.4052790403366089,0.2724171280860901,20.23547872669861
000000039951__antimonocromatismo,0.0001091353260562,0.993523120880127,0.0136181395500898,39.62034649704735,0.0117990123108029,0.0115170180797576,0.0116644399240612,0.005057917907834,0.4585413932800293,0.173032522201538,22.960282237191745,0.0010705244494602,0.8597169518470764,0.0862538591027259,29.70403409505088,0.0013398377923294,0.8477528691291809,0.1025969535112381,28.729477763817037,0.0011810138821601,0.855452299118042,0.0912068337202072,29.277449974668134,0.0063471384346485,0.4317781627178192,0.2010915726423263,21.974220293765576,0.0038908186834305,0.5112418532371521,0.1262355744838714,24.099590073407853,0.0040609682910144,0.5054644346237183,0.1249554976820945,23.913704015691163,0.0042191189713776,0.4940953254699707,0.1400194466114044,23.747782281416285,0.0043466379866003,0.4914231300354004,0.1429548114538192,23.61846528884101,0.0147069506347179,0.4037321805953979,0.2033379673957824,18.32477365328181,0.0133656961843371,0.3595802783966064,0.158478170633316,18.7400841504874,0.0138047141954302,0.3506935834884643,0.1653229743242263,18.59972580305588,0.0147177306935191,0.3323646485805511,0.1718899309635162,18.321591481003253,0.015102825127542,0.3184176683425903,0.1797886192798614,18.209418061810126
000000039951__impronte_d_artista,0.0001060898939613,0.9854375720024108,0.0200477670878171,39.74325984674247,0.0117068290710449,0.0117562972009181,0.0116549981757998,0.0042510298080742,0.4983532428741455,0.1599472761154174,23.71505849764289,0.0012799844844266,0.8467128872871399,0.0758871287107467,28.92795294702692,0.0017054756172001,0.8363435864448547,0.0999342799186706,27.681544852223595,0.0014608040219172,0.8407080769538879,0.1083090007305145,28.35408044099153,0.0142612429335713,0.3708749711513519,0.1972051113843917,18.45842622053037,0.012137203477323,0.3977372348308563,0.1465782821178436,19.158813671548284,0.0127136753872036,0.3800190985202789,0.1540811955928802,18.95728881417905,0.012789748609066,0.3801955282688141,0.145257368683815,18.93137991781581,0.0133015224710106,0.36226287484169,0.1671324223279953,18.760986475353683,0.009002354927361,0.4055717885494232,0.1854842901229858,20.45643868540875,0.0056575895287096,0.4756399691104889,0.1333819031715393,22.47368564811691,0.005937002133578,0.4668772518634796,0.1345828622579574,22.264327950016806,0.0063417232595384,0.4516308009624481,0.152061715722084,21.977927136614547,0.006518097128719,0.4467219412326813,0.1475304216146469,21.858791722304257
000000039951__picasso_self_portrait,0.000106701394543,0.993678867816925,0.0117405904456973,39.7182990448936,0.0118062645196914,0.0116031859070062,0.0116910934448242,0.0047772331163287,0.4772574007511139,0.1628887951374054,23.20823565778607,0.001088255434297,0.8528349995613098,0.090086743235588,29.63269155478335,0.0013798475265502,0.8425456881523132,0.1196416020393371,28.601689005815768,0.0012063527246937,0.8487494587898254,0.0932227745652198,29.18525690545043,0.006542133167386,0.471824437379837,0.1600066274404525,21.84280619906495,0.0048071551136672,0.5028817653656006,0.1262887567281723,23.18111864157415,0.0048464657738804,0.5042108297348022,0.1241034939885139,23.14574849937369,0.0051005235873162,0.4980931580066681,0.1333434581756591,22.92385239703908,0.0051972330547869,0.4930903017520904,0.117847241461277,22.84227808068698,0.0095376623794436,0.4300964772701263,0.2308150827884674,20.205580550767973,0.0067735225893557,0.4233599901199341,0.1476603746414184,21.691854165067102,0.0069004236720502,0.4185594618320465,0.159947782754898,21.611242436417484,0.007339424919337,0.4061149358749389,0.1702678799629211,21.343379678963373,0.0075533781200647,0.3948017358779907,0.1756715923547744,21.21858774094405
000000039951__trial,0.0001005949452519,0.9887458682060242,0.0171668902039527,39.974238413908495,0.0115847401320934,0.0115339551120996,0.0115334568545222,0.0062165651470422,0.4332232773303985,0.2482179552316665,22.064495107635903,0.001311898115091,0.8394147753715515,0.0797173157334327,28.82099891920658,0.0015885868342593,0.8310098648071289,0.0968928933143615,27.98989041076705,0.0014835746260359,0.8326463103294373,0.0955566465854644,28.286906031317734,0.0097310366109013,0.3745934069156647,0.216924637556076,20.118408935019744,0.0061063659377396,0.4509227573871612,0.1314691603183746,22.14217173181973,0.0063850320875644,0.4374156296253204,0.1452457308769226,21.94836915876342,0.006474332883954,0.4331258237361908,0.1573262810707092,21.88804974697471,0.0066450205631554,0.4266221523284912,0.153302788734436,21.77503670785793,0.0164636503905057,0.3363029956817627,0.2522859573364258,17.8347386482935,0.0126818418502807,0.3624981343746185,0.1841341853141784,18.968176670123785,0.0131603302434086,0.3463449478149414,0.1787850260734558,18.807332124629035,0.0136964889243245,0.3395864963531494,0.1943492144346237,18.6339074935601,0.013826529495418,0.3379386365413666,0.1908592879772186,18.59286815561857
000000039951__woman_with_hat_matisse,0.0001111294186557,0.9884862899780272,0.0187320113182067,39.5417095754331,0.0119377830997109,0.0119363125413656,0.0118844509124755,0.00398371508345,0.5101305842399597,0.1371821612119674,23.99711730014957,0.0010999551741406,0.8603410720825195,0.0720986947417259,29.58625013041813,0.0014489833265542,0.8451099395751953,0.0921138152480125,28.389366119250464,0.0012467837659642,0.8519411087036133,0.0839416533708572,29.042088611899224,0.011221426539123,0.4530090987682342,0.1783757209777832,19.499519292930582,0.010209497064352,0.4392549693584442,0.1400966495275497,19.909956514053995,0.0106585705652832,0.427398532629013,0.1545297652482986,19.723010352002248,0.0107228672131896,0.426391452550888,0.1480984538793563,19.696890720712947,0.0112946145236492,0.4077406823635101,0.1550568640232086,19.471285866213343,0.0076184221543371,0.4161521196365356,0.2367906421422958,21.181349657497087,0.0043586096726357,0.4937392175197601,0.1344753503799438,23.60652021693621,0.0045250635594129,0.4905266761779785,0.1441788077354431,23.44375316280113,0.0048342435620725,0.4777333736419678,0.1592998057603836,23.15671472463873,0.0049580386839807,0.4697043597698211,0.1670181304216385,23.046900890700496
000000450075__antimonocromatismo,0.0001090593941626,0.9938068985939026,0.0140445725992321,39.62336919197928,0.0130441552028059,0.01301353238523,0.0130042638629674,0.0045858100056648,0.5538447499275208,0.1067156717181205,23.385839424540173,0.0015978744486346,0.8216802477836609,0.074408546090126,27.964573479302057,0.001735289231874,0.814109742641449,0.0925615727901458,27.606281281710658,0.0017779927002266,0.8088549971580505,0.0877755135297775,27.50070026412944,0.0055463560856878,0.5204646587371826,0.1019858196377754,22.55992251403496,0.0047723832540214,0.5169875025749207,0.1161618456244468,23.212646868744613,0.0048399232327938,0.5147414803504944,0.1285279691219329,23.151615267519603,0.004952962975949,0.5075303316116333,0.1367958486080169,23.051349184138942,0.0050681657157838,0.5008504986763,0.137109100818634,22.951491932609983,0.0130957290530204,0.458251804113388,0.1884651631116867,18.82870318934797,0.012723515741527,0.415014773607254,0.1742131114006042,18.95392868548074,0.0131649645045399,0.4005338847637176,0.1980825364589691,18.805803075038455,0.0138679472729563,0.3871904909610748,0.1981659680604934,18.57987818234824,0.0143203437328338,0.3718149363994598,0.2313407063484192,18.440465574833745
000000450075__impronte_d_artista,0.0001132712277467,0.9878845810890198,0.0238812640309333,39.45880392146402,0.0130225364118814,0.0131156630814075,0.0129873314872384,0.004848881624639,0.5272016525268555,0.1228294521570205,23.143584181516623,0.0018534570699557,0.7918002605438232,0.098418615758419,27.32017468710348,0.002074749674648,0.7876319289207458,0.1206263303756713,26.83034294844504,0.0021066225599497,0.7848236560821533,0.1382535398006439,26.7641326923995,0.012180563993752,0.4661668241024017,0.1747788786888122,19.143326022036728,0.011358730494976,0.4588181674480438,0.1470309495925903,19.446702047020796,0.0119163319468498,0.4374739229679107,0.1656476557254791,19.23857407380692,0.0118837719783186,0.4428540170192718,0.1758027672767639,19.250456898798177,0.0124501204118132,0.4190775454044342,0.1945904195308685,19.04826448252328,0.0078939730301499,0.4836397171020508,0.1525112390518188,21.027043617100844,0.0057499059475958,0.5218555331230164,0.1303149461746215,22.40339259097188,0.0060271695256233,0.5042223334312439,0.1514515131711959,22.198865930007575,0.0063367108814418,0.5037918090820312,0.1414017379283905,21.981361075281992,0.0064738453365862,0.4894275665283203,0.1563539206981659,21.888376803226176
000000450075__picasso_self_portrait,0.0001071600054274,0.9947906136512756,0.0122337015345692,39.699672730677165,0.0130451023578643,0.013016921468079,0.0129739306867122,0.0052874982357025,0.5272122025489807,0.1199930906295776,22.76749764529391,0.0017387022962793,0.8082790374755859,0.0884553343057632,27.59774772310804,0.0020329791586846,0.7975677847862244,0.1172188371419906,26.918670735580577,0.0019523833179846,0.7976737022399902,0.1070166155695915,27.094349118013028,0.0058539328165352,0.556524932384491,0.1110645979642868,22.32552266113954,0.0046420563012361,0.5591096878051758,0.0869693905115127,23.33289596502267,0.0048178154975175,0.5527419447898865,0.1018570438027381,23.171498357084275,0.0048948493786156,0.5502268075942993,0.1019146889448165,23.10260667505894,0.0050868582911789,0.540915846824646,0.1115327626466751,22.93550360700913,0.0095192557200789,0.4754652082920074,0.2113679051399231,20.213970063738024,0.0076504885219037,0.4566580057144165,0.1569187492132187,21.163108320891105,0.0077107734978199,0.4472905397415161,0.1824252307415008,21.12902053987257,0.0080822156742215,0.4360699951648712,0.1888693273067474,20.92469564574571,0.0084208222106099,0.4092494547367096,0.2441169768571853,20.746455018379365
000000450075__trial,0.0001066921759047,0.9897934794425964,0.0183965396136045,39.71867427679371,0.0128322523087263,0.0129377646371722,0.0128065794706344,0.0060395463369786,0.4861199557781219,0.1999921202659607,22.189956823633658,0.0018192752031609,0.8078513741493225,0.0862021446228027,27.401015999063564,0.0018912389641627,0.8104443550109863,0.1087339147925376,27.232535931748096,0.0020066413562744,0.799950897693634,0.1163999065756797,26.975302413188057,0.0086165284737944,0.4523588716983795,0.1789573431015014,20.646676724985728,0.0068577430211007,0.488804429769516,0.1285413056612014,21.63818793150638,0.0070141623727977,0.4788013994693756,0.14500093460083,21.54024184734265,0.0068089738488197,0.4815143048763275,0.1431032568216323,21.669183338103625,0.0070750955492258,0.4614166021347046,0.1700877547264099,21.502676906133807,0.0136498501524329,0.4079787731170654,0.1770679354667663,18.64872116266355,0.0116228237748146,0.4138012826442718,0.1668258756399154,19.346883469167125,0.011771410703659,0.4058498442173004,0.1683153212070465,19.291714875302134,0.0120928259566426,0.403773158788681,0.1797693520784378,19.174721975708195,0.0122701218351721,0.3931408822536468,0.184902936220169,19.111511249600145
000000450075__woman_with_hat_matisse,0.0001117177962441,0.9909347891807556,0.0222003925591707,39.518776398205326,0.0132085885852575,0.013275814242661,0.0131412856280803,0.0056147133000195,0.4887353479862213,0.16240294277668,22.50672414896446,0.0018460107967257,0.7871382832527161,0.0747462958097457,27.33765763253388,0.0019443022320047,0.7899866104125977,0.0927259922027587,27.11236225268955,0.0019579536747187,0.7839389443397522,0.103143036365509,27.08197587840353,0.0091390535235404,0.5393837094306946,0.1188679412007331,20.39098779188251,0.0086846956983208,0.5146142244338989,0.112792007625103,20.612453941259623,0.0094712795689702,0.4832452237606048,0.1259826272726059,20.235913438897448,0.0092884311452507,0.4909966289997101,0.1209709346294403,20.3205763396096,0.0098367566242814,0.4673431813716888,0.1276964098215103,20.07148073557516,0.006176967639476,0.5157859921455383,0.1319677531719207,22.092246738822823,0.0055381469428539,0.497511625289917,0.1541454493999481,22.566355253647323,0.0055305329151451,0.4881215989589691,0.1622260510921478,22.572330186128838,0.0058397515676915,0.4855716526508331,0.1722020804882049,22.33605628071781,0.0058872909285128,0.4784451723098755,0.177348107099533,22.300845024032476
000000203095__antimonocromatismo,0.0001043520242092,0.9944016933441162,0.0125187914818525,39.81499122119677,0.0104752611368894,0.0103715118020772,0.0103645613417029,0.0040441458113491,0.6018964648246765,0.0867000818252563,23.931731943464342,0.0013455058215186,0.8255949020385742,0.1208489835262298,28.71114418860513,0.0016716849058866,0.8002224564552307,0.159180998802185,27.7684557888902,0.0016166897257789,0.7998616695404053,0.1486367136240005,27.91373321659364,0.005388481542468,0.5180366635322571,0.1091975420713424,22.68533600422718,0.0036608919035643,0.559610903263092,0.0843367949128151,24.36413094494215,0.0039492761716246,0.537239134311676,0.1009847894310951,24.03482495126745,0.0040589584968984,0.531006932258606,0.1042011752724647,23.915853893479408,0.0042982404120266,0.5137704014778137,0.1237106248736381,23.667092969189017,0.0126476818695664,0.4747498035430908,0.1821913421154022,18.979890668605897,0.0112806931138038,0.4468915164470672,0.1442538201808929,19.47664215401206,0.0119735486805439,0.4212453067302704,0.1658843755722046,19.21777115761349,0.0123817063868045,0.4120438992977142,0.1701508909463882,19.072194988292097,0.0130968168377876,0.3846638202667236,0.1940390616655349,18.82834246158663
000000203095__impronte_d_artista,0.0001129294760175,0.9866387248039246,0.0237536802887916,39.47192686941292,0.01043620146811,0.0104522667825222,0.0103611163794994,0.0042657568119466,0.5624555349349976,0.1616992354393005,23.700039070300768,0.0016673300415277,0.7885923385620117,0.146027386188507,27.77978424750856,0.0018061832524836,0.7782301902770996,0.1755812466144561,27.432381889588488,0.00189093593508,0.766653835773468,0.1791897118091583,27.23323184805164,0.0114145316183567,0.4805106818675995,0.1838513761758804,19.425419045624015,0.009797372855246,0.5008148550987244,0.1302153617143631,20.088903638410137,0.0106933005154132,0.4657914638519287,0.1433991342782974,19.70888227962598,0.0103029245510697,0.4827903211116791,0.1514314115047454,19.87039480526941,0.0111739924177527,0.4535984992980957,0.1574727743864059,19.517916276715106,0.0076503329910337,0.4955373704433441,0.1633186936378479,21.163196611834877,0.0057242452166974,0.5231547355651855,0.1244678646326065,22.42281770094392,0.0058317841030657,0.5149688124656677,0.1266533136367797,22.341985622934388,0.0061115087009966,0.5073491930961609,0.1510081738233566,22.138515655943674,0.0065239924006164,0.4852684438228607,0.1672096848487854,21.854865535134728
000000203095__picasso_self_portrait,0.0001008531544357,0.995201587677002,0.0094320625066757,39.96310513587886,0.0104995248839259,0.010345920920372,0.0104080401360988,0.0039828205481171,0.5946502685546875,0.0959127992391586,23.99809260931419,0.0014588582562282,0.8096825480461121,0.1469461023807525,28.3598690243715,0.0017455122433602,0.7883782386779785,0.1879510134458542,27.58077100613674,0.0016804061597213,0.7903192639350891,0.16767618060112,27.745857351749443,0.005455931648612,0.5685344338417053,0.0928537622094154,22.631310791170783,0.0045994548127055,0.5731620788574219,0.0877400040626525,23.37293643506618,0.0048266262747347,0.5591993927955627,0.0991278290748596,23.16356327264588,0.0049447403289377,0.55438232421875,0.1081558018922805,23.05856510269131,0.0051815244369208,0.542469322681427,0.1145071983337402,22.85542449300539,0.0090009653940796,0.4668736755847931,0.1928482353687286,20.45710908023251,0.0064660762436687,0.459507942199707,0.1667466461658477,21.893591787827027,0.0068724765442311,0.4401051104068756,0.1701578646898269,21.628867337294345,0.0069573963992297,0.4366354644298553,0.1935687959194183,21.57553251911321,0.0067175962030887,0.4397957026958465,0.1892652213573455,21.72786105293541
000000203095__trial,0.0001109800141421,0.9896270632743835,0.0171523354947567,39.54755224179972,0.0103691527619957,0.0103441029787063,0.0102993259206414,0.0057223327457904,0.5115204453468323,0.1813480705022812,22.424268921688054,0.001727619790472,0.7849509716033936,0.1744324564933776,27.625518296050934,0.0018401582492515,0.7752400040626526,0.2011111378669738,27.351448270874982,0.001939850510098,0.7631633877754211,0.2087012380361557,27.12231736637305,0.0082791717723011,0.4464963972568512,0.1937130242586136,20.82013106779157,0.0058016250841319,0.4849582612514496,0.1348039507865905,22.364503398480057,0.0061030336655676,0.4679911136627197,0.146616443991661,22.1445423438063,0.0059807407669723,0.4736470282077789,0.1495599448680877,22.232450215158927,0.0055099516175687,0.4925192296504974,0.1427152007818222,22.588522146355423,0.0137553596869111,0.420116662979126,0.1870620846748352,18.6152804882222,0.0115870600566267,0.4018735587596893,0.1624915599822998,19.36026742047577,0.01202551741153,0.391166090965271,0.1742195934057235,19.19896228539319,0.0122688701376318,0.3873246610164642,0.1694286912679672,19.11195430393247,0.0120792584493756,0.394097238779068,0.1739212274551391,19.17959726412689
000000203095__woman_with_hat_matisse,0.0001078803325071,0.990250289440155,0.0202258136123418,39.67057723640943,0.0105050094425678,0.010524240322411,0.0104533024132251,0.0047491244040429,0.55227130651474,0.1172029376029968,23.23386453858339,0.0013747680932283,0.8089981079101562,0.1251538842916488,28.617705558886584,0.0015523257898166,0.7995020747184753,0.1574599146842956,28.09017127232895,0.0016464920481666,0.7864380478858948,0.1606470793485641,27.83440362398576,0.0098437359556555,0.5073535442352295,0.1177429258823394,20.06840044150433,0.0088682817295193,0.5048893094062805,0.116139531135559,20.521605185760254,0.0096896970644593,0.4720254838466644,0.1196025907993316,20.13689800378568,0.0096228932961821,0.4749457538127899,0.1316665112972259,20.16694329870045,0.0100421253591775,0.4576590955257416,0.1353492587804794,19.981743614859436,0.0067033213563263,0.4988369643688202,0.1278416812419891,21.737099600880164,0.0042693591676652,0.5240228772163391,0.1277249455451965,23.696373078398416,0.004532606806606,0.5057366490364075,0.13214211165905,23.436519533718645,0.0047568357549607,0.4963239729404449,0.155381828546524,23.22681843733696,0.0048928819596767,0.4880816042423248,0.1642094850540161,23.104352614277587
000000280891__antimonocromatismo,0.0001070284270099,0.994772732257843,0.0099099157378077,39.705008573252194,0.0107199773192405,0.0105550307780504,0.0105771217495203,0.004275610204786,0.5729960203170776,0.1785867810249328,23.69001895050469,0.0009243452805094,0.9033241271972656,0.0662500485777854,30.341657718430696,0.0011678887531161,0.8935973644256592,0.0637777969241142,29.325985238407284,0.0009922761237248,0.8980571627616882,0.0767898336052894,30.033674585682277,0.0059588509611785,0.4799602031707763,0.1582542657852172,22.24837476724432,0.0036138936411589,0.5701332092285156,0.0896203741431236,24.420246331080925,0.0037093488499522,0.5641948580741882,0.0939673781394958,24.307023210297416,0.0038425948005169,0.5627667903900146,0.102368414402008,24.153754092326345,0.0039230450056493,0.5541149377822876,0.1030278205871582,24.06376709562781,0.0143949287012219,0.4088965952396393,0.1798357367515564,18.41790481862145,0.0121138086542487,0.4093777239322662,0.1350239366292953,19.167192905918377,0.0127788558602333,0.3903201520442962,0.1489079892635345,18.93508028480508,0.013078324496746,0.3814259469509125,0.1514530330896377,18.83447891212598,0.0134990708902478,0.3710823953151703,0.1680857092142105,18.69696121958651
000000280891__impronte_d_artista,0.0001137155923061,0.9890405535697936,0.0160656794905662,39.441799822055984,0.0107408110052347,0.0107361171394586,0.0106904990971088,0.0033590567763894,0.6254141330718994,0.1475804150104522,24.73782655442568,0.0011713387211784,0.892242431640625,0.0780503451824188,29.313174999172176,0.0011745014926418,0.8945639729499817,0.0740623250603675,29.3014642695303,0.0013230931945145,0.8811102509498596,0.0910755395889282,28.78409564400604,0.0134667241945862,0.3994627296924591,0.1727753728628158,18.707380343611856,0.0112303821370005,0.431105375289917,0.1235848665237426,19.496054657183212,0.0118857072666287,0.4134835302829742,0.1309012323617935,19.249749701953736,0.0116395279765129,0.4220520555973053,0.1248503029346466,19.34064631486164,0.0120806498453021,0.4118434488773346,0.1344916671514511,19.179097034104235,0.0080979717895388,0.4626556932926178,0.1723829954862594,20.91623740492889,0.0055309436284005,0.528197705745697,0.1225357428193092,22.572007678550676,0.0057535846717655,0.5157478451728821,0.1373243480920791,22.40061491293538,0.0059140510857105,0.5148918032646179,0.1364649385213852,22.28114928347885,0.006128339562565,0.5067155361175537,0.1386297196149826,22.1265717907019
000000280891__picasso_self_portrait,0.0001028104670695,0.99534273147583,0.0094809783622622,39.87962667839606,0.0108174886554479,0.0106061389669775,0.0106845693662762,0.0036874779034405,0.5914199352264404,0.1436671912670135,24.33270573438885,0.0010170574532821,0.8954930305480957,0.074245311319828,29.92654513214278,0.0012912724632769,0.8894970417022705,0.0780621618032455,28.889821103184936,0.0011544991284608,0.8863689303398132,0.0887813866138458,29.37606390598491,0.0061937347054481,0.5158875584602356,0.1141340583562851,22.08047400598124,0.0045042224228382,0.5650442242622375,0.0954123139381408,23.46380171747692,0.0047041284851729,0.5565470457077026,0.1067937612533569,23.275208247636392,0.0047705131582915,0.556702733039856,0.1039601862430572,23.2143490191849,0.0048580733127892,0.5527408123016357,0.1061615049839019,23.13535935578735,0.0088014928624033,0.4548703134059906,0.2020674496889114,20.554436588820163,0.00590026890859,0.4777617454528808,0.1362510174512863,22.29128194653537,0.0059699085541069,0.4764624834060669,0.1463805437088012,22.240323212577184,0.0063613033853471,0.4637635052204132,0.1546367406845092,21.96453891416053,0.0064757708460092,0.463102787733078,0.1593669056892395,21.88708527749809
000000280891__trial,0.0001105763949453,0.9911323189735411,0.0137982573360204,39.563375732040186,0.0104656238108873,0.0105205383151769,0.0104001397266983,0.0044010044075548,0.579887330532074,0.1730919480323791,23.56448196495951,0.0010502473451197,0.8952407836914062,0.0807547867298126,29.78708407625072,0.0013856599107384,0.8848283290863037,0.079141080379486,28.583433476559467,0.0011546324240043,0.8877841830253601,0.0857062190771102,29.37556250952698,0.0080691017210483,0.4283860921859741,0.1974228620529174,20.931748096776435,0.0053528901189565,0.498097687959671,0.1134114414453506,22.71411671471905,0.00548623688519,0.4896905720233917,0.1218378394842147,22.60725444323579,0.0053994953632354,0.4972217977046966,0.1209007948637008,22.676468274368965,0.0054716784507036,0.4936137199401855,0.1259024739265442,22.61879432338425,0.0149452136829495,0.3676540553569793,0.1829601824283599,18.25497871145782,0.0114930905401706,0.4050683975219726,0.1417137682437896,19.39563172002417,0.0119463400915265,0.3902117013931274,0.1540748327970504,19.227651258043405,0.012101556174457,0.3925862312316894,0.1537154167890548,19.171587788964647,0.0124947763979434,0.3843613564968109,0.1546385586261749,19.032715114469504
000000280891__woman_with_hat_matisse,0.0001124935224652,0.9908124804496764,0.0150328408926725,39.4887248411794,0.0110359620302915,0.0110513605177402,0.0110132955014705,0.0025061517953872,0.6676254272460938,0.103223480284214,26.009926277143546,0.0009372755885124,0.904861867427826,0.0630811303853988,30.281326940933457,0.001058725407347,0.9024152755737304,0.0597199760377407,29.75216664573871,0.0009818514809012,0.8996434807777405,0.0643673837184906,30.07954200505468,0.011224509216845,0.446243554353714,0.1384009718894958,19.498326391064417,0.0096121216192841,0.4675309956073761,0.109450839459896,20.171807428359017,0.0100573422387242,0.4525273740291595,0.1238148808479309,19.97516771124475,0.0100200027227401,0.4549069404602051,0.1107555776834487,19.99132160457708,0.0104506453499197,0.4412705600261688,0.1222762912511825,19.8085689010267,0.0070877405814826,0.4619839191436767,0.1778723448514938,21.49492186450065,0.0040845642797648,0.5566055178642273,0.1062615886330604,23.88854264954452,0.0041289324872195,0.5549383759498596,0.1101172864437103,23.84162218279986,0.0045096133835613,0.5402842164039612,0.1154991164803505,23.458606892934597,0.0045952768996357,0.5323975086212158,0.1201782375574112,23.376883140144024
000000546826__antimonocromatismo,8.97918944247067e-05,0.9942920804023744,0.0146764582023024,40.46762865621153,0.0087754279375076,0.0086832037195563,0.0087151955813169,0.009913507848978,0.4602311551570892,0.3016005754470825,20.03772645222928,0.0012943531619384,0.9032995700836182,0.056558109819889,28.879472110282308,0.0013354662805795,0.8978672027587891,0.0668094903230667,28.74367073081097,0.0013201892143115,0.9037789702415466,0.0556641481816768,28.79363819671175,0.0076098428107798,0.3757728040218353,0.2767045497894287,21.186243139411214,0.0036816534120589,0.4795081615447998,0.2079213261604309,24.33957098046845,0.0036851139739155,0.4771465361118316,0.2153918147087097,24.335490756537325,0.0040399222634732,0.4687412679195404,0.2004135698080063,23.93626991540239,0.0041434466838836,0.4685652256011963,0.1914068013429641,23.82638245101708,0.01664899289608,0.2911148369312286,0.3087030947208404,17.78612032001716,0.0157038122415542,0.190652847290039,0.3098233342170715,18.039949059032352,0.0155991232022643,0.1961979120969772,0.3082939088344574,18.06899811845529,0.0166181828826665,0.1825770735740661,0.2994373142719269,17.79416465941494,0.0165272336453199,0.1856128424406051,0.3196995556354522,17.817998332473124
000000546826__impronte_d_artista,7.700489368289709e-05,0.9906451106071472,0.0149412788450717,41.13481674412644,0.0085798641666769,0.0086657088249921,0.0085898544639348,0.0059056393802165,0.5628960728645325,0.2314032912254333,22.287330761592308,0.0011716824956238,0.9087457656860352,0.0568297319114208,29.31190058181191,0.0013888506218791,0.9038459658622742,0.0716950222849845,28.573444623849703,0.0012617334723472,0.9013773798942566,0.0797162055969238,28.99032375451337,0.0157977510243654,0.2197824716567993,0.2754960656166076,18.014047350220167,0.0147564699873328,0.2161739021539688,0.2403437197208404,18.31017521129246,0.0148327201604843,0.215820237994194,0.2723270356655121,18.28779196755965,0.0151736848056316,0.2049307227134704,0.2624824643135071,18.1890894153178,0.0149691542610526,0.2113816738128662,0.2629792392253876,18.248027360720297,0.0131726013496518,0.2796728909015655,0.2863830924034118,18.80328451291884,0.0076364483684301,0.3165097832679748,0.269210934638977,21.171085802497668,0.0077597140334546,0.3193390071392059,0.2650210857391357,21.10154283378546,0.0083854170516133,0.3047187328338623,0.2599176466464996,20.764753327346813,0.0082445424050092,0.3187125027179718,0.2647072374820709,20.838334438999205
000000546826__picasso_self_portrait,9.105157369049266e-05,0.9947967529296876,0.0138103812932968,40.40712543672565,0.0087956134229898,0.0086479661986231,0.0087088104337453,0.0121473595499992,0.4142018258571625,0.3316550552845001,19.155181136284416,0.0017765363445505,0.8871206641197205,0.0813740491867065,27.504259032456964,0.0018341591348871,0.8870753645896912,0.0910508036613464,27.365629868747376,0.0019454872235655,0.8842580914497375,0.093946173787117,27.109716169564543,0.0096320463344454,0.3836725652217865,0.2161593288183212,20.162814369307696,0.0061966404318809,0.376145988702774,0.1906951069831848,22.07843703621264,0.0063599520362913,0.3713428080081939,0.203479915857315,21.96546159579973,0.0064211264252662,0.3732272684574127,0.1944714486598968,21.923887791950165,0.0067314370535314,0.3634926080703735,0.2109395712614059,21.71892210992068,0.0142130553722381,0.322056382894516,0.2971736788749695,18.47312552004399,0.0072754924185574,0.3016403615474701,0.2637161314487457,21.38137607506994,0.0073320660740137,0.3021014630794525,0.2514455020427704,21.347736299822905,0.0083687826991081,0.2902387380599975,0.266956627368927,20.773377087340457,0.0083975652232766,0.2920520007610321,0.2615008950233459,20.758466143396326
000000546826__trial,8.815972250886261e-05,0.9910352826118468,0.0185607112944126,40.54729785473455,0.0086068082600831,0.0086309555917978,0.008597370237112,0.0106167001649737,0.4033850431442261,0.3794467449188232,19.74010447739945,0.0011055030627176,0.9136897921562196,0.0415753200650215,29.56440049901624,0.00108895287849,0.9141533970832824,0.0437547378242015,29.62990912764429,0.0011376797920092,0.9162210822105408,0.0388112887740135,29.43979955983074,0.0102441236376762,0.3027060925960541,0.2791619002819061,19.89525188614725,0.0066288146190345,0.3110118806362152,0.2308064550161361,21.78564126261714,0.0066802245564758,0.3078881800174713,0.223952367901802,21.75208938422778,0.0069819744676351,0.3071406185626983,0.2331257313489914,21.56021743689333,0.0070366277359426,0.3004482686519623,0.2232697010040283,21.526354241754465,0.0181254725903272,0.2382237166166305,0.3308998644351959,17.417106611323824,0.0136534674093127,0.206895425915718,0.2579789161682129,18.64757041993189,0.0140304081141948,0.1940731853246688,0.2631016671657562,18.529296961017184,0.0146865723654627,0.1933352798223495,0.2634575963020324,18.330795504630597,0.0148187866434454,0.1924024671316146,0.2617873251438141,18.291873547662057
000000546826__woman_with_hat_matisse,9.126798249781132e-05,0.9913003444671632,0.0202043186873197,40.39681549554791,0.0088305454701185,0.0088728824630379,0.0087990202009677,0.0069373627193272,0.5243361592292786,0.2509452104568481,21.58805597862573,0.0011093206703662,0.8969877362251282,0.0562392994761467,29.549428945722205,0.0011463501723483,0.8973683714866638,0.0581883117556571,29.40682699394092,0.0011054361239075,0.9002059102058411,0.0530629903078079,29.56466347464229,0.011654526926577,0.3465642929077148,0.2421505749225616,19.33505350401393,0.0114104626700282,0.263006716966629,0.2214089632034301,19.426967455058527,0.011654351837933,0.251144677400589,0.2273435890674591,19.33511874956497,0.0117947654798626,0.2553513348102569,0.2328173220157623,19.283106899470244,0.0119830565527081,0.247484803199768,0.2369567304849624,19.214323910733416,0.0106655759736895,0.3442681729793548,0.3158482015132904,19.72015686352316,0.0043149790726602,0.4484648704528808,0.223905861377716,23.6502130624083,0.0043138558976352,0.4577614367008209,0.223567709326744,23.65134366397849,0.0054494943469762,0.4433717429637909,0.2443286180496215,22.636437935960146,0.0053087244741618,0.4471407830715179,0.2391982227563858,22.75009814206077
000000273642__antimonocromatismo,0.0001117193896789,0.9944806694984436,0.0182406716048717,39.5187144550778,0.0088434554636478,0.0088205244392156,0.008767731487751,0.004556936211884,0.5622079968452454,0.1868879795074463,23.413270506408715,0.0010252519277855,0.8144955039024353,0.1615189313888549,29.891694054339418,0.0012648912379518,0.794536292552948,0.1515630185604095,28.97946815822596,0.0010907895630225,0.8038515448570251,0.165085420012474,29.62259026160732,0.0067426394671201,0.4894026815891266,0.2335370481014251,21.71170061682744,0.0046772374771535,0.5439404845237732,0.1833558976650238,23.300105791188464,0.0047648781910538,0.5404358506202698,0.1847115904092788,23.219481971514316,0.0050402409397065,0.5237358212471008,0.2139182537794113,22.975487023870222,0.0051758904010057,0.5171343088150024,0.2075720429420471,22.860149283869543,0.0142727559432387,0.4606424868106842,0.2229643762111663,18.45492160355637,0.0119488267228007,0.4628358781337738,0.1804777085781097,19.22674736793608,0.0124284988269209,0.4480293989181518,0.1955210864543914,19.05581324339521,0.0129581289365887,0.4340008199214935,0.2108778953552246,18.874577030316534,0.0134796276688575,0.4108413755893707,0.2073832899332046,18.70322103616264
000000273642__impronte_d_artista,0.0001180154868052,0.9867356419563292,0.0300758071243762,39.28060997840222,0.0089383348822593,0.0090390499681234,0.0089222155511379,0.004474856890738,0.5640773773193359,0.2529115378856659,23.492208491875346,0.0011702183401212,0.8118249773979187,0.1632699966430664,29.31733099738356,0.0011721919290721,0.8126330375671387,0.1543706804513931,29.310012732047834,0.0012951685348525,0.7992855906486511,0.1746872514486313,28.8767371498499,0.0131688080728054,0.4597278535366058,0.243871659040451,18.804535318589625,0.0110927438363432,0.4894598722457886,0.1691413521766662,19.549610160155563,0.0115186711773276,0.475869208574295,0.1742521077394485,19.38597619319111,0.0112938480451703,0.4796880185604095,0.1776852905750274,19.471580598422765,0.011823589913547,0.4634993076324463,0.187607541680336,19.272506416498707,0.0086455130949616,0.4872453212738037,0.2107902914285659,20.632092270635116,0.005816816817969,0.5453873872756958,0.1717797815799713,22.353146127011783,0.0059616747312247,0.5395755171775818,0.1764091104269027,22.246317227495105,0.006350549403578,0.526190996170044,0.18462835252285,21.9718870106694,0.0065033421851694,0.513972818851471,0.1931382268667221,21.868633941973687
000000273642__picasso_self_portrait,0.0001044376986101,0.9951159358024596,0.0165482629090547,39.81142706859959,0.0088438782840967,0.0087767001241445,0.0087801739573478,0.0044252527877688,0.584988534450531,0.1461379677057266,23.54061915656012,0.0010271039791405,0.8275212645530701,0.1516280025243759,29.883855882614224,0.0010710438946262,0.8260170817375183,0.1470395624637603,29.701927300987656,0.0010916142491623,0.8178628087043762,0.1602585911750793,29.61930803991329,0.0062974882312119,0.5661977529525757,0.1458925902843475,22.008326354415217,0.0049438108690083,0.5880305767059326,0.1391064971685409,23.059381520206124,0.0049978913739323,0.584667444229126,0.1399217844009399,23.01213187228062,0.005126466974616,0.5774783492088318,0.1516177803277969,22.901818360640192,0.0053310063667595,0.5641223788261414,0.1449733972549438,22.731907988018257,0.0099404230713844,0.4608430564403534,0.2838850915431976,20.02595131331293,0.0069716055877506,0.4846867322921753,0.2300750762224197,21.56667190682628,0.0065659112296998,0.5034283995628357,0.2266852557659149,21.827049931741666,0.0074191745370626,0.4619457721710205,0.2527128159999847,21.296444119637123,0.0069920271635055,0.4810331165790558,0.2427160143852234,21.55396893168611
000000273642__trial,0.0001176970181404,0.9893665313720704,0.0306539833545684,39.292345398884926,0.0087886741384863,0.0088496282696723,0.0087605863809585,0.0052129719406366,0.5349225997924805,0.2641823887825012,22.82914612701884,0.0011067694285884,0.810481071472168,0.1690548658370971,29.55942845536424,0.0011550182243809,0.8084556460380554,0.1596480309963226,29.374111632301712,0.0011989773483946,0.7995870113372803,0.1711121648550033,29.211890217052527,0.008529108017683,0.4676820039749145,0.2715603709220886,20.69096385392143,0.006606962531805,0.4952200353145599,0.2148604094982147,21.79998156075965,0.0064752735197544,0.5021762847900391,0.2061778306961059,21.88741881978579,0.0066011021845042,0.495385080575943,0.2268743962049484,21.803835443544813,0.0061042555607855,0.5151903629302979,0.2030192017555236,22.14367292498197,0.0150377601385116,0.414703369140625,0.2432727217674255,18.22816846718237,0.0118977734819054,0.4362679719924927,0.203448936343193,19.245343037330382,0.0121221663430333,0.4317058622837066,0.2018532305955886,19.164197608006987,0.0129215745255351,0.4053316414356231,0.2127130031585693,18.886845632691085,0.0126979574561119,0.414250373840332,0.2165078222751617,18.96266132341741
000000273642__woman_with_hat_matisse,0.000108828615339,0.9908437728881836,0.0317309834063053,39.63256896459095,0.0089025516062974,0.0090109920129179,0.0088705755770206,0.0033274029847234,0.6449194550514221,0.1273378431797027,24.77894598156364,0.0009890490910038,0.8278715014457703,0.1437101513147354,30.04782151857861,0.0010542076779529,0.8232081532478333,0.1362206041812896,29.77073825077565,0.0010559560032561,0.8170892596244812,0.1521833539009094,29.76354176443433,0.0110268956050276,0.5037286281585693,0.167152851819992,19.575467370040805,0.010034997947514,0.5014047026634216,0.1670627295970916,19.984827120039405,0.0105482935905456,0.4792850017547607,0.1695055663585662,19.768177909965896,0.0104702515527606,0.4838906228542328,0.1671759337186813,19.80042884064858,0.0110798105597496,0.4583992063999176,0.1737306416034698,19.554676650190277,0.007468432188034,0.4836715459823608,0.2371031045913696,21.26770557963539,0.0051002851687371,0.5312583446502686,0.214474618434906,22.92405540814493,0.0052302945405244,0.5225304365158081,0.2193531394004821,22.81473853441976,0.0053717852570116,0.5157610177993774,0.2266368865966797,22.69881357053017,0.0055200904607772,0.5027672648429871,0.2361264377832412,22.58053805188465
000000301376__antimonocromatismo,0.0001085111362044,0.9937092661857604,0.0128233339637517,39.64525689059975,0.0120703279972076,0.012133315205574,0.0120102521032094,0.0055667390115559,0.5451429486274719,0.1987454891204834,22.543991394794983,0.001360710710287,0.9009315371513368,0.0673143714666366,28.66234196824855,0.0018842517165467,0.8948963284492493,0.0761935487389564,27.24861080415241,0.0015216012252494,0.8929460644721985,0.0778685063123703,28.17699150696573,0.0057021952234208,0.51579350233078,0.1897126138210296,22.439579180326906,0.0044223987497389,0.5409120917320251,0.1247324272990226,23.54342101421753,0.0045285550877451,0.5327630639076233,0.1271637380123138,23.44040344900741,0.0046885428018867,0.5305033326148987,0.1378843933343887,23.28962114946904,0.0048611210659146,0.5209929943084717,0.1458557546138763,23.13263562713992,0.0135448155924677,0.4488395750522613,0.2061287760734558,18.68226903345382,0.0125941643491387,0.3992860019207001,0.1789417415857315,18.998306436162697,0.0133081153035163,0.3810580670833587,0.1912878453731537,18.758834449940792,0.0136521710082888,0.3773841857910156,0.1990461945533752,18.647982803486386,0.0143474070355296,0.3582216799259186,0.2146787643432617,18.432265805964985
000000301376__impronte_d_artista,0.0001011802742141,0.9896169304847716,0.0215575862675905,39.94904147920907,0.0120778158307075,0.0121931107714772,0.0120440050959587,0.0053782039321959,0.5672693252563477,0.1674041897058487,22.693627341044994,0.0015309896552935,0.9028387665748596,0.0731528550386428,28.15027743765565,0.0017160213319584,0.8994757533073425,0.0806817486882209,27.65477317714429,0.0016977745108306,0.8969994187355042,0.0815301612019538,27.70119990891167,0.0126864900812506,0.4207388162612915,0.1956377625465393,18.96658515745446,0.0113563872873783,0.4298617839813232,0.1629824191331863,19.447598051296897,0.0119048980996012,0.4181279242038727,0.1737399101257324,19.24274317602257,0.0117834033444523,0.4158140122890472,0.1766760498285293,19.2872925621738,0.0123117817565798,0.403795838356018,0.1821189820766449,19.096790915808285,0.0088222026824951,0.4507441520690918,0.1933177411556244,20.544229689019705,0.0063243731856346,0.4879279434680938,0.1675805896520614,21.9898251133945,0.0065440102480351,0.4762418270111084,0.1682026088237762,21.841560292234007,0.0070670978166162,0.4679528176784515,0.1897605210542678,21.507588975174976,0.0074787139892578,0.4478101730346679,0.2040764242410659,21.26173075315436
000000301376__picasso_self_portrait,0.0001080790025298,0.9941441416740416,0.0129461660981178,39.66258672107618,0.0120731620118021,0.0120516419410705,0.0120245032012462,0.0057312566787004,0.5423740744590759,0.1932340115308761,22.41750140897169,0.0015428541228175,0.8905990123748779,0.0781106650829315,28.116751346305296,0.002063141670078,0.8774598240852356,0.0986731499433517,26.85470949234474,0.0016967904521152,0.8842163681983948,0.0904571712017059,27.703717882711576,0.0062708370387554,0.546746015548706,0.152452677488327,22.026744851581338,0.0050955116748809,0.5339233875274658,0.1304142326116562,22.9281219901383,0.0051938616670668,0.5300847291946411,0.1473960727453231,22.84509621520268,0.0054422095417976,0.5255030989646912,0.149676576256752,22.642247405616867,0.0056106965057551,0.5205946564674377,0.1571896076202392,22.50983222553106,0.0095861237496137,0.4730157852172851,0.2696717381477356,20.183569688944605,0.0076420628465712,0.454204797744751,0.195257619023323,21.167893950947636,0.0078028426505625,0.4485560357570648,0.2148658782243728,21.07747150829107,0.0081026265397667,0.4433033466339111,0.2176135033369064,20.913741778096888,0.0083988513797521,0.4296548664569855,0.2489251941442489,20.757801036457764
000000301376__trial,0.000106948755274,0.9902083277702332,0.0174885876476764,39.70824265610943,0.0119834197685122,0.0120698735117912,0.0119638368487358,0.0063619376160204,0.5173344612121582,0.2719571888446808,21.96410593818865,0.0014516102382913,0.9040750861167908,0.0744604170322418,28.38149977356473,0.0016794594703242,0.8998989462852478,0.0785852819681167,27.74830472338502,0.0016358448192477,0.8961179256439209,0.0868116095662117,27.86257897083344,0.0089764175936579,0.4418184459209442,0.2617721855640411,20.46896951720405,0.0068648937158286,0.48141610622406,0.1553292721509933,21.633661822417125,0.0070990561507642,0.4713437557220459,0.1815800219774246,21.48799388712356,0.0067984457127749,0.477728933095932,0.1827723681926727,21.67590366046984,0.0070776049979031,0.4660640954971313,0.2095851153135299,21.501136790562278,0.0145564936101436,0.3986746072769165,0.2527846395969391,18.36943225926769,0.0114111714065074,0.4135819673538208,0.1702643036842346,19.426697710708808,0.0118740918114781,0.4026718437671661,0.1910267770290374,19.253995973954595,0.0122007317841053,0.39396533370018,0.2004033029079437,19.13614120122975,0.0127637861296534,0.3837246000766754,0.2187843173742294,18.940204814676772
000000301376__woman_with_hat_matisse,0.0001080711372196,0.9910721778869628,0.0182063188403844,39.66290278479149,0.0121889431029558,0.0122895706444978,0.0121281305328011,0.0054477001540362,0.5562094449996948,0.1745084226131439,22.637868043682424,0.001428302261047,0.8999805450439453,0.0635395422577858,28.451798763035608,0.0016336670378223,0.8985497355461121,0.0715707018971443,27.868364535389077,0.0015996078727766,0.8948168158531189,0.0752428621053695,27.95986467069737,0.0089730778709054,0.5328302979469299,0.1546327769756317,20.47058563302427,0.0093251317739486,0.4755898714065552,0.139991819858551,20.30345022436764,0.0101051796227693,0.4547583162784576,0.1501380056142807,19.954559623580558,0.009874609299004,0.4560595750808716,0.1475581228733062,20.054800787539925,0.0106255961582064,0.4363507926464081,0.1602626591920852,19.736466941288377,0.0066946935839951,0.5006616711616516,0.1978120654821396,21.742692958477097,0.0049389679916203,0.5252124667167664,0.1376456171274185,23.06363788397618,0.0051868967711925,0.5121748447418213,0.1519886553287506,22.85092395181191,0.0055669830180704,0.5043678283691406,0.1652722060680389,22.54380103494488,0.0058553642593324,0.4928896427154541,0.1782741695642471,22.32446082504973
000000133244__antimonocromatismo,0.0001114322221837,0.994255006313324,0.0108445389196276,39.52989208685152,0.0147275272756814,0.014732614159584,0.0146424081176519,0.0047487500123679,0.5787663459777832,0.1321783363819122,23.234206923061173,0.0016007497906684,0.8834853172302246,0.0739718973636627,27.95676546296877,0.0019668217282742,0.873589813709259,0.0788435637950897,27.06235002528778,0.0017949122702702,0.8735435605049133,0.0841625779867172,27.45956773530573,0.0061060660518705,0.5207982063293457,0.1607853472232818,22.142385020668755,0.0044442284852266,0.5578091144561768,0.1202918216586113,23.52203621350817,0.0045432490296661,0.5535123348236084,0.1184618175029754,23.426334574962432,0.0048968773335218,0.5401630997657776,0.130514457821846,23.10080774895774,0.0050129131413996,0.5312871336936951,0.1424079537391662,22.99909820329626,0.0134516283869743,0.4700300693511963,0.1813249886035919,18.712251389574387,0.0122084161266684,0.4265217781066894,0.1421344429254531,19.13340676109716,0.0125147737562656,0.4208093583583832,0.1438947319984436,19.025769972178463,0.0136287389323115,0.3914871215820312,0.1663932204246521,18.65544327589817,0.0137228779494762,0.3925225734710693,0.1736005842685699,18.62554799233788
000000133244__impronte_d_artista,0.000109020875243,0.989378035068512,0.016276204958558,39.62490335684938,0.0147702284157276,0.0150515735149383,0.014758551493287,0.0043125734664499,0.597433865070343,0.1240113973617553,23.652634934718147,0.0019450603285804,0.8631258010864258,0.0829539075493812,27.110669239201435,0.002319787396118,0.8565741181373596,0.090709239244461,26.34551815507242,0.0020887097343802,0.8575709462165833,0.1012183502316474,26.801219092374037,0.0124371303245425,0.4484014511108398,0.1751603782176971,19.052798148208737,0.0106869414448738,0.4680756628513336,0.1126764640212059,19.711465701583403,0.011152914725244,0.4524406492710113,0.124455451965332,19.52611618385725,0.0112328371033072,0.4543710649013519,0.1376852542161941,19.495105391351736,0.0116419754922389,0.4376331567764282,0.13956980407238,19.339733192923827,0.0081271566450595,0.4860211312770843,0.1829565912485122,20.90061369454826,0.0056991935707628,0.5250817537307739,0.1261564791202545,22.44186592142416,0.005828910972923,0.5214811563491821,0.1272625923156738,22.344125777674527,0.0062938183546066,0.5099210143089294,0.1365229040384292,22.01085795380596,0.0064477585256099,0.502650797367096,0.1387346386909485,21.9059123561966
000000133244__picasso_self_portrait,0.0001062735100276,0.994896411895752,0.0100737949833273,39.73574975199176,0.0147186238318681,0.014798616990447,0.0146305225789546,0.0044318963773548,0.5976955890655518,0.1230763494968414,23.5341040244684,0.0015990580432116,0.8832082748413086,0.0644204542040824,27.96135771782818,0.0019533890299499,0.8758523464202881,0.0835841745138168,27.092112555675843,0.0017764003714546,0.8735966086387634,0.0768665596842765,27.50459144685093,0.0059025473892688,0.556657075881958,0.1262964308261871,22.289605174529022,0.0045209974050521,0.569225549697876,0.0856740176677703,23.447657422406092,0.0046710190363228,0.566207230091095,0.0827748998999595,23.305883627800583,0.0049363221041858,0.5525333881378174,0.0998970717191696,23.06596509528619,0.0050056329928338,0.5511392951011658,0.1023799329996109,23.005409955248485,0.0091802543029189,0.4990727007389068,0.2326344698667526,20.371452882078295,0.0068285185843706,0.5004599094390869,0.1400063335895538,21.65673504285722,0.0069291121326386,0.4919198453426361,0.1512071639299392,21.59322410496266,0.0073378938250243,0.4798379838466644,0.169308140873909,21.34428576518424,0.0074486606754362,0.4717592298984527,0.1814267039299011,21.279218096084705
000000133244__trial,0.0001060983850038,0.9905348420143129,0.0130370063707232,39.74291226741916,0.0145578570663928,0.0147095024585723,0.0145079214125871,0.0048138443380594,0.5790848731994629,0.1657418608665466,23.17507957312929,0.0017043441766873,0.8768225312232971,0.0728627145290374,27.6844269892224,0.0021057606209069,0.8666728138923645,0.079805888235569,26.765910001628885,0.0019712457433342,0.8660681247711182,0.0956488475203514,27.052592314682016,0.008521688170731,0.4689650535583496,0.2244803160429,20.694743617347843,0.0059979003854095,0.5285584926605225,0.1126218736171722,22.220007513851247,0.0060632699169218,0.5223042964935303,0.1288059949874878,22.172930979665026,0.0061566433869302,0.5163751244544983,0.1313934922218322,22.10656001447292,0.00637878337875,0.4993812143802643,0.1637239307165146,21.952621460876493,0.0145393880084156,0.4040772616863251,0.2147583216428756,18.37453873405568,0.0115509377792477,0.4239015579223633,0.136977270245552,19.37382755527715,0.0119185717776417,0.4126660525798797,0.1530554145574569,19.237757837108465,0.0124519104138016,0.4036712646484375,0.1598238348960876,19.04764012542329,0.0128920376300811,0.3923362791538238,0.179364874958992,18.89678435512111
000000133244__woman_with_hat_matisse,0.0001108822762034,0.9909180998802184,0.0166528820991516,39.55137867396176,0.0147774331271648,0.014986477792263,0.0147356875240802,0.0039943698793649,0.6104565262794495,0.0937684029340744,23.985517218565384,0.0015844712033867,0.8796746134757996,0.0603942349553108,28.001156493887088,0.0020743489731103,0.8677698969841003,0.0757376998662948,26.83118179312934,0.001755179837346,0.8723859190940857,0.078055739402771,27.556783787048897,0.0089384736493229,0.5520754456520081,0.1219861656427383,20.48736635820532,0.0091035244986414,0.5044386386871338,0.1038269400596618,20.407904347153995,0.0098451571539044,0.4749622344970703,0.1174930557608604,20.067773470191312,0.0097763529047369,0.4833415448665619,0.1226895079016685,20.09823129747427,0.0103550376370549,0.4629247188568115,0.1290577948093414,19.848483182542985,0.0068347281776368,0.5002592206001282,0.1810668557882309,21.652787529761625,0.005017174873501,0.5415604710578918,0.1336655169725418,22.995407613854496,0.0051805865950882,0.5332427620887756,0.1409803628921508,22.856210625353647,0.0058537288568913,0.506201446056366,0.1644335240125656,22.32567397837151,0.0058916988782584,0.5060154795646667,0.1680492758750915,22.29759457832904
000000085376__antimonocromatismo,0.0001122966859838,0.9937511086463928,0.0143206315115094,39.496330601245205,0.0147376656532287,0.0146399289369583,0.0146355517208576,0.0064475159160792,0.6205780506134033,0.1376309245824813,21.906075771067563,0.0026372347492724,0.7965474128723145,0.1031752154231071,25.78851210450761,0.0036411068867892,0.7560440897941589,0.189183622598648,24.38766571914344,0.0030736981425434,0.7707388401031494,0.1449044197797775,25.12338785328367,0.0061572878621518,0.5620613694190979,0.1685590296983719,22.106105420359835,0.0051651238463819,0.5747829079627991,0.1572444438934326,22.869192607551184,0.0052730212919414,0.5654566884040833,0.157051146030426,22.77940475026588,0.0053471848368644,0.5600572228431702,0.1672565191984176,22.718748033238484,0.0054768049158155,0.5467842221260071,0.1678749024868011,22.614727283963404,0.0124799720942974,0.5175583958625793,0.2273953855037689,19.03786385751848,0.0103000914677977,0.5452017188072205,0.1780198067426681,19.871589186168222,0.0109725361689925,0.5194017291069031,0.1866790950298309,19.5969297890696,0.0109455967321991,0.5233694911003113,0.1881328225135803,19.607605565778425,0.0119418874382972,0.4880973100662231,0.2200199216604232,19.229270267027868
000000085376__impronte_d_artista,0.0001228237961186,0.9871919751167296,0.0314677134156227,39.10717483994338,0.0147907761856913,0.0148956030607223,0.0147357005625963,0.0090718483552336,0.5196614861488342,0.2381743788719177,20.423042180450476,0.0033557263668626,0.762407124042511,0.140330970287323,24.74213459704664,0.0038570908363908,0.7400617003440857,0.2103805989027023,24.137401331643524,0.0040936623699963,0.7099018692970276,0.2315866351127624,23.878879791855173,0.011272594332695,0.5320107340812683,0.2257629930973053,19.479761216902773,0.0087393932044506,0.589590847492218,0.1416473984718322,20.585187203526907,0.009873297996819,0.5478219389915466,0.161767840385437,20.05537754870797,0.0090629057958722,0.577476441860199,0.1493897289037704,20.427325342457756,0.0104072587564587,0.5269973874092102,0.174699068069458,19.82663647407609,0.0085284365341067,0.5322472453117371,0.2069631218910217,20.691305780757546,0.0063224420882761,0.5732478499412537,0.1613273918628692,21.99115139976012,0.0067654601298272,0.5477449297904968,0.1733553558588028,21.697026609955017,0.0066521135158836,0.5559592843055725,0.1750781089067459,21.770403483128234,0.0070377998054027,0.5334601998329163,0.1936655193567276,21.52563091102057
000000085376__picasso_self_portrait,0.0001077525739674,0.9944270253181458,0.0120769841596484,39.67572346721695,0.0145608335733413,0.0145757142454385,0.0145015846937894,0.0058491718955338,0.6603049039840698,0.1133102178573608,22.32905615397692,0.002493041800335,0.8178718090057373,0.1115587130188942,26.03270439706149,0.0035089806187897,0.7796419262886047,0.2033760398626327,24.548190305238048,0.0030066827312111,0.7855120301246643,0.1412053406238556,25.219123967594054,0.0059594982303678,0.6207160353660583,0.1209973841905593,22.24790304849703,0.0050755562260746,0.6221410632133484,0.1191998496651649,22.94516356827963,0.0054439436644315,0.6034755110740662,0.1267969012260437,22.640863776555317,0.0053504984825849,0.6080724596977234,0.1315496861934662,22.71605754772973,0.0055688768625259,0.596159040927887,0.1288399398326873,22.542323850042507,0.0093238400295376,0.5120695233345032,0.2543302774429321,20.304051863403323,0.0067804255522787,0.5416678786277771,0.1940906643867492,21.687430481378577,0.0070438771508634,0.5235711932182312,0.2019805759191513,21.52188226976109,0.0071540209464728,0.5196329951286316,0.2151222229003906,21.454497926013254,0.0077191251330077,0.4883927404880523,0.2418988198041916,21.124319187624007
000000085376__trial,0.0001203961437568,0.9887202382087708,0.0244232825934886,39.19387423144308,0.0145541802048683,0.0146954208612442,0.0145087111741304,0.0094070481136441,0.5248361825942993,0.2281513512134552,20.265466347103995,0.0033694307785481,0.7632800936698914,0.1555278748273849,24.724434613291923,0.0044978796504437,0.7160739898681641,0.2259853482246399,23.469921691421405,0.0041050654835999,0.7168019413948059,0.2208939790725708,23.86679910666523,0.0083649381995201,0.5100921988487244,0.2392480075359344,20.77537263273797,0.0059353895485401,0.5721376538276672,0.158036321401596,22.26550772374166,0.0063080326654016,0.5476974844932556,0.1831013411283493,22.001060663946607,0.0062046111561357,0.5482177138328552,0.1727660298347473,22.07285430609421,0.0068555660545825,0.5148014426231384,0.2064236849546432,21.639566803008297,0.0135927582159638,0.4652266204357147,0.2159294039011001,18.666924081365828,0.0103809842839837,0.5181924700737,0.1738661229610443,19.837614664454957,0.0110506601631641,0.4979784786701202,0.1809150576591491,19.566117765801984,0.0111978212371468,0.4860436916351318,0.181262269616127,19.508664698951858,0.0119850309565663,0.4600340127944946,0.1961579024791717,19.21360839874084
000000085376__woman_with_hat_matisse,0.0001175928700831,0.989823281764984,0.0197477750480175,39.29619009700411,0.0146154472604393,0.0146728251129388,0.0145183140411973,0.0066505377180874,0.6117808222770691,0.1187222898006439,21.77143239124387,0.0030264884699136,0.7815201282501221,0.1109411269426345,25.1906097629048,0.0038774497807025,0.7488096356391907,0.1926862299442291,24.114538182996537,0.0036753453314304,0.7391108870506287,0.1754409968852996,24.34701848827765,0.009087729267776,0.5798699259757996,0.1312440186738968,20.41544619492025,0.0079257572069764,0.5970184206962585,0.1146920695900917,21.009592357219177,0.0089837973937392,0.5577921271324158,0.1304248869419098,20.465400510223382,0.0085634579882025,0.5670976638793945,0.1339790821075439,20.673508285543875,0.0094152549281716,0.5404235124588013,0.1371340006589889,20.26167916497092,0.0067663206718862,0.5583847165107727,0.1979886442422866,21.696474238210865,0.0059434436261653,0.5461943745613098,0.2054429501295089,22.259618522413497,0.0061411862261593,0.5259324312210083,0.2019321471452713,22.117477328137102,0.0061660180799663,0.525050699710846,0.2215273380279541,22.09995206171611,0.0064145145006477,0.5063669681549072,0.227289006114006,21.928362087619742
000000517832__antimonocromatismo,0.0001100598019547,0.99424409866333,0.012376700527966,39.5837127300792,0.0140498001128435,0.0139745827764272,0.0139170531183481,0.0064566191285848,0.5268760323524475,0.1403615325689315,21.899948315641986,0.0022600709926337,0.748490571975708,0.128041535615921,26.45877918717719,0.0028186554554849,0.7257394790649414,0.1838742345571518,25.499580078200168,0.0025288721080869,0.7231808304786682,0.1610983312129974,25.97073133548664,0.0064687239937484,0.5199936032295227,0.1746314465999603,21.891813788563034,0.0057731107808649,0.4509299993515014,0.2043004631996154,22.385901086962868,0.0059336745180189,0.4380545914173126,0.2178564220666885,22.2667627987714,0.0059192250482738,0.4366030991077423,0.2103380411863327,22.277351478866574,0.0061131655238568,0.424864262342453,0.2320307195186615,22.13733844824576,0.0133026586845517,0.4753732681274414,0.1859107315540313,18.76061551766959,0.0134440446272492,0.3902215659618377,0.1858236491680145,18.71470054567933,0.0144246714189648,0.3616151809692383,0.1806371808052063,18.408940708970636,0.0145190516486763,0.3606989085674286,0.1935576796531677,18.380617498340968,0.0152247240766882,0.3375988900661468,0.2022238373756408,18.174505695034664
000000517832__impronte_d_artista,0.000114418544399,0.989845335483551,0.0233480539172887,39.41503581508873,0.0140355033800005,0.0140409572049975,0.0139487162232398,0.0068117617629468,0.4884621202945709,0.1552188992500305,21.667405496182536,0.0026706710923463,0.715815544128418,0.1390949189662933,25.7337959441016,0.0031097640749067,0.6948068737983704,0.1879304349422454,25.072725578711395,0.0030093181412667,0.6868063807487488,0.1792560368776321,25.215318967754,0.0110588995739817,0.5216248631477356,0.1675105392932891,19.562880857550148,0.0113268280401825,0.4644248783588409,0.161871075630188,19.458916927415284,0.0122979758307337,0.4363380372524261,0.1622811108827591,19.10166364811396,0.0118797225877642,0.4473716914653778,0.1654520481824875,19.25193700769798,0.0128905586898326,0.4178943336009979,0.1670009791851043,18.897282594772168,0.0077414945699274,0.5177385210990906,0.1608153283596038,21.111751864989703,0.0067562260664999,0.4573209583759308,0.1678983122110366,21.702958271604,0.0070912134833633,0.4433960914611816,0.1707814037799835,21.492794398474228,0.0070227906107902,0.4438340663909912,0.1909204274415969,21.53490280171784,0.0072713554836809,0.4279230535030365,0.1764392107725143,21.383846229496992
000000517832__picasso_self_portrait,0.0001081767622963,0.994938313961029,0.0112026939168572,39.65866021025497,0.0139704421162605,0.0138447917997837,0.0138242058455944,0.0066242651082575,0.5153100490570068,0.1263238787651062,21.788622950713908,0.0023941667750477,0.7357420921325684,0.1461992263793945,26.20845600395677,0.0032660821452736,0.7040949463844299,0.211442083120346,24.85972896515934,0.0027106602210551,0.7083821892738342,0.1705841422080993,25.6692491745048,0.0059446324594318,0.5713503956794739,0.1272918581962585,22.25874991470011,0.0056412429548799,0.4990410804748535,0.1329891085624694,22.486251958442597,0.0058641363866627,0.4885432422161102,0.129489779472351,22.31795937533672,0.0059142452664673,0.4843446910381317,0.1375618726015091,22.281006690448255,0.0062135742045938,0.4675090610980987,0.1523627638816833,22.06658510806043,0.0099163381382822,0.473435491323471,0.2502777278423309,20.03648672597405,0.0083934273570775,0.4083951711654663,0.2035900354385376,20.76060663924238,0.008720064535737,0.3916984796524048,0.2224369496107101,20.59480300914821,0.009025590494275,0.3822770416736603,0.2304553985595703,20.4452437501609,0.009400624781847,0.3630880117416382,0.2577508389949798,20.268432814756736
000000517832__trial,0.0001080376314348,0.991123616695404,0.0178695507347583,39.66424945643867,0.0137732736766338,0.0137843526899814,0.0136980069801211,0.0070091988891363,0.4907703399658203,0.167750209569931,21.54331616542506,0.0024788337759673,0.7370290160179138,0.1234223842620849,26.057525948943496,0.0028991012368351,0.7201862335205078,0.1841258704662323,25.3773661878395,0.0027973300311714,0.706439733505249,0.1796709299087524,25.5325629220511,0.0089322980493307,0.4675875008106231,0.2303334921598434,20.490367939951284,0.0074531673453748,0.4578707218170166,0.1749646961688995,21.27659127480746,0.0077260830439627,0.4419665336608886,0.1766723990440368,21.12040628142928,0.0077121909707784,0.4391593933105469,0.1895744949579239,21.12822224887328,0.0080929072573781,0.4230509102344513,0.1965627670288086,20.91895436481254,0.0144459912553429,0.4136686325073242,0.2342674732208252,18.40252652369085,0.0121244033798575,0.4074525833129883,0.1982036232948303,19.163396230523546,0.0128110041841864,0.3842048943042755,0.2120958268642425,18.92416826964264,0.012962426058948,0.3782278001308441,0.2156620472669601,18.87313707924595,0.0136455995962023,0.3561000823974609,0.2335341572761535,18.650073764029614
000000517832__woman_with_hat_matisse,0.0001165860667242,0.9919384121894836,0.019947413355112,39.333533492883205,0.0138670243322849,0.0138177992776036,0.013757043518126,0.0067346240393817,0.5052112936973572,0.1409642845392227,21.71686643768661,0.0024428099859505,0.7299900054931641,0.1159210726618766,26.121103133223265,0.0027086744084954,0.7163968086242676,0.1679034829139709,25.67243195443752,0.0027409074828028,0.702718198299408,0.1557215005159378,25.621056234850567,0.0089826555922627,0.5732453465461731,0.1401906460523605,20.465952514652663,0.0095066279172897,0.4950684607028961,0.1658645123243332,20.21973503737052,0.0102546885609626,0.4654961824417114,0.1700919270515442,19.89077524794321,0.009868811815977,0.4769088327884674,0.1799602508544922,20.05735132317937,0.0107335681095719,0.4510233104228973,0.1769056022167205,19.69255883560187,0.0073169819079339,0.5183200240135193,0.2059433758258819,21.35668018807548,0.0061986916698515,0.4311150014400482,0.2402228415012359,22.07699965424898,0.006359152495861,0.4195318222045898,0.2401748448610305,21.966007602787126,0.0065124877728521,0.4111292362213135,0.23783840239048,21.86253079076344,0.0067183491773903,0.4014961719512939,0.2591168582439422,21.727374280214512
000000049761__antimonocromatismo,0.0001069483478204,0.9940104484558104,0.018538475036621,39.70825920190262,0.0147926844656467,0.0147701278328895,0.0147080440074205,0.0081962263211607,0.4540353119373321,0.2095600068569183,20.86386057997267,0.0034036021679639,0.6565240025520325,0.2280440032482147,24.680612083862457,0.0043060751631855,0.6210659146308899,0.3100786507129669,23.659183937712747,0.0038758779410272,0.6205084919929504,0.2681536078453064,24.11629908188093,0.0075753671117126,0.4655025899410248,0.2778206765651703,21.20596315864891,0.0059924498200416,0.4588511884212494,0.2632542252540588,22.223955940019025,0.0063293785788118,0.4320559799671173,0.287562221288681,21.986389271139185,0.0064263981766998,0.4264543056488037,0.2913731038570404,21.92032369262829,0.0068055815063416,0.4092735052108764,0.316942811012268,21.67134760364296,0.0144678177312016,0.4512495696544647,0.2892892062664032,18.39596971214812,0.0132792377844452,0.3990279138088226,0.2354414463043213,18.76826852340708,0.0141785098239779,0.3699256479740143,0.241686001420021,18.48369411552927,0.0146415987983345,0.365056037902832,0.2626808583736419,18.344114976367077,0.0156778693199157,0.3362002372741699,0.2697116732597351,18.0471295985816
000000049761__impronte_d_artista,0.0001121635214076,0.986614227294922,0.0327753350138664,39.50148364356924,0.0146073652431368,0.0147121772170066,0.0145503180101513,0.0094655295833945,0.4063984155654907,0.2524000704288482,20.23855082839976,0.0036746694240719,0.6481007933616638,0.2056864947080612,24.347817242692926,0.0047291093505918,0.5996132493019104,0.3056666851043701,23.25220643732598,0.004494559019804,0.5760427117347717,0.3607686460018158,23.473129123090903,0.0138103114441037,0.4420873820781708,0.2605157494544983,18.59796527291716,0.0111913112923502,0.4715310037136078,0.1916041821241378,19.5111902395717,0.0122126741334795,0.4329575002193451,0.2101496160030365,19.131892308743865,0.011877492070198,0.4523199498653412,0.2117919623851776,19.25275250857852,0.0127371149137616,0.4194696247577667,0.2227851599454879,18.94928932984064,0.0112917078658938,0.4381869733333587,0.2710896134376526,19.47240366255853,0.0090014254674315,0.4113148748874664,0.2353099435567855,20.456887101585824,0.0092976326122879,0.3960620462894439,0.2375732809305191,20.316276185754237,0.0098350346088409,0.3997650146484375,0.2590660452842712,20.07224107488193,0.0100190266966819,0.3832993507385254,0.2579446732997894,19.99174466172494
000000049761__picasso_self_portrait,0.0001061199218383,0.994592010974884,0.0181249380111694,39.74203078564987,0.014589961618185,0.0146538112312555,0.0145351272076368,0.007155938539654,0.5119091868400574,0.1879972964525222,21.453333981219565,0.0032526133581995,0.6783924698829651,0.1993265748023986,24.877675587225117,0.0046714372001588,0.6180202960968018,0.3208708763122558,23.305494851568653,0.0037731335032731,0.6368717551231384,0.244276762008667,24.23297828059252,0.0074402596801519,0.545241117477417,0.1764937937259674,21.28411906431414,0.0070892497897148,0.4877842366695404,0.181674912571907,21.493997210123965,0.0074454247951507,0.4645652770996094,0.1868527829647064,21.28110518740961,0.0076092663221061,0.4730372726917267,0.2036525309085846,21.186572154530037,0.0079490235075354,0.4525023996829986,0.2087275087833404,20.99686218681409,0.0114977015182375,0.4219934046268463,0.3632705807685852,19.39388969882507,0.0085213705897331,0.3893560171127319,0.2718124985694885,20.69490547054206,0.0081892209127545,0.3877219259738922,0.266794353723526,20.86757413182909,0.0085221668705344,0.4011969268321991,0.2774462103843689,20.69449966234748,0.0089716576039791,0.3734585046768188,0.2932029664516449,20.47127309268738
000000049761__trial,0.0001155617937911,0.989975929260254,0.0259692892432212,39.371857255026136,0.0145680354908108,0.0146423280239105,0.014531304128468,0.0127382101491093,0.3476400673389435,0.3486624956130981,18.94891590601423,0.0039821355603635,0.6176031231880188,0.2610364258289337,23.99883959749154,0.0049611409194767,0.5735135674476624,0.3497128486633301,23.044184368053894,0.0047806859947741,0.5549672245979309,0.3985464572906494,23.20509780716541,0.00948026496917,0.4511547982692718,0.3281819820404053,20.231795241555744,0.0065417825244367,0.46463742852211,0.190333217382431,21.84303897692999,0.0072577348910272,0.4238238334655761,0.2251995950937271,21.391988996607832,0.0069912481121718,0.4421236217021942,0.2146474719047546,21.55445284935062,0.00779042346403,0.4032983779907226,0.2455590963363647,21.08438934741673,0.0157222505658864,0.4067491292953491,0.3156535029411316,18.034852866435173,0.0127148227766156,0.3966988623142242,0.2456486672163009,18.956896887855034,0.0135783357545733,0.362372487783432,0.260864794254303,18.671534566311635,0.0136592732742428,0.373754471540451,0.2464871257543563,18.645724061729297,0.0144454622641205,0.3425358533859253,0.268796294927597,18.40268555893546
000000049761__woman_with_hat_matisse,0.0001102934111258,0.9897748827934264,0.0227740984410047,39.57450431323516,0.0146489217877388,0.0147441504523158,0.014567851088941,0.0081496313214302,0.4408482015132904,0.1968100070953369,20.888620377250664,0.0034745854791253,0.6504650712013245,0.177421897649765,24.59096999668563,0.0046644979156553,0.6039550304412842,0.2630050182342529,23.31195096653908,0.0041477791965007,0.5993505120277405,0.268019288778305,23.82184370965172,0.0095645021647214,0.5367239117622375,0.1930068135261535,20.1933763020972,0.0098750488832592,0.483642429113388,0.1789367198944091,20.054607458607705,0.0107060670852661,0.4507053792476654,0.1913161277770996,19.70370039612254,0.0106866843998432,0.4569687843322754,0.1952195465564727,19.711570160451732,0.0114412233233451,0.4204694926738739,0.2251101285219192,19.415275372410388,0.0082866689190268,0.4678050577640533,0.3297355771064758,20.816200123704967,0.0068393293768167,0.4250876009464264,0.2978358268737793,21.649864804767347,0.0069462801329791,0.4053061902523041,0.331327736377716,21.582477062320194,0.0077831777743995,0.3964768946170807,0.3458642661571502,21.088430497826312,0.0077071306295692,0.3820079267024994,0.354041576385498,21.13107280014856
000000125936__antimonocromatismo,0.0001095858169719,0.9938942790031432,0.01035419665277,39.60245650316968,0.0150784878060221,0.0152375278994441,0.015016964636743,0.0049010077491402,0.6971037983894348,0.0889570415019989,23.097146108099174,0.0016486388631165,0.871189534664154,0.0659635066986084,27.82874466813004,0.0017754691652953,0.8674010634422302,0.075065866112709,27.5068686572134,0.0019316774560138,0.8594870567321777,0.0800422355532646,27.140653886698168,0.0053070206195116,0.603371798992157,0.1212771609425544,22.751492249911696,0.0037308589089661,0.6548792123794556,0.081706017255783,24.281911744960368,0.0039312122389674,0.6400251984596252,0.097828522324562,24.05473508781236,0.0038600254338234,0.639453113079071,0.0875215530395507,24.13409833739438,0.0039719683118164,0.6319991946220398,0.1006352305412292,24.0099422494457,0.011652149260044,0.5396139025688171,0.1664338558912277,19.33593960845062,0.0088392058387398,0.5936088562011719,0.1079887598752975,20.53586752560045,0.0092584900557994,0.5733596682548523,0.1310454457998275,20.33459835553976,0.0098288943991065,0.5576346516609192,0.1387680023908615,20.07495330934025,0.0103510590270161,0.538188636302948,0.1709579527378082,19.850152148388915
000000125936__impronte_d_artista,0.0001159605235443,0.9883471131324768,0.0156335458159446,39.356898325382645,0.0154926236718893,0.0158536843955516,0.0154496673494577,0.0056978650391101,0.6519494652748108,0.1147741675376892,22.442878417697383,0.0024360346142202,0.835088312625885,0.0914863869547844,26.133165449972687,0.003006111131981,0.8144901394844055,0.097815029323101,25.219949681556383,0.0027317821513861,0.8180186152458191,0.1065073758363723,25.63553936843796,0.0099089136347174,0.5651865601539612,0.1447220742702484,20.03973956847687,0.0078189028427004,0.6236749887466431,0.097296804189682,21.06854183358331,0.0084536308422684,0.5962926149368286,0.112210988998413,20.72956721099648,0.0082248132675886,0.6060221791267395,0.1145460158586502,20.848739532900176,0.0090646594762802,0.5723411440849304,0.133145198225975,20.42648506003134,0.0068471021950244,0.575612485408783,0.1292335987091064,21.64493190110774,0.0047066295519471,0.6478918790817261,0.0899433344602584,23.272899826741572,0.0049474793486297,0.6319794058799744,0.0983386784791946,23.056160099148716,0.0051967054605484,0.6239897608757019,0.1065498143434524,22.842718974706763,0.0052334628999233,0.6150361895561218,0.1105950027704238,22.812108502037056
000000125936__picasso_self_portrait,9.995511936722325e-05,0.9947106838226318,0.0078742792829871,40.00194957864028,0.0148235615342855,0.0149277616292238,0.0147548485547304,0.0040915319696068,0.7281925082206726,0.0726628601551055,23.88114051069917,0.0016004658536985,0.8790090680122375,0.0692824944853782,27.95753587192133,0.0018758391961455,0.8681426048278809,0.0884871780872345,27.26804393686105,0.0018975740531459,0.8660020232200623,0.0845784917473793,27.218012666867107,0.0046268384903669,0.661492645740509,0.0752958953380584,23.34715660207611,0.0036724840756505,0.6927290558815002,0.0618463233113288,24.350400786887143,0.0039547607302665,0.676506519317627,0.0672721192240715,24.02879786924414,0.0039312685839831,0.6763414740562439,0.0717027261853218,24.05467284198949,0.0040633478201925,0.6659746170043945,0.07503043115139,23.91116000729218,0.0081412736326456,0.5410408973693848,0.1963700950145721,20.893076481376607,0.0052426611073315,0.6150341033935547,0.1100072264671325,22.804482147586608,0.005257774144411,0.6108024716377258,0.1238673329353332,22.791980736010323,0.0055925217457115,0.592631995677948,0.1248130947351455,22.523923185367995,0.0058637061156332,0.5777243971824646,0.1538053750991821,22.318278043214235
000000125936__trial,0.000114088783448,0.9897295832633972,0.0152428988367319,39.42757050814461,0.0151082715019583,0.015376946888864,0.0150897279381752,0.0064199031330645,0.6367180347442627,0.1398821324110031,21.924715247493616,0.0021640518680214,0.84706050157547,0.0875761657953262,26.647323342652992,0.0022901708725839,0.8436212539672852,0.0947569459676742,26.401321131833217,0.0025060134939849,0.8313567638397217,0.1131213009357452,26.010165948153645,0.0069136717356741,0.558824360370636,0.1665926724672317,21.60291244806594,0.0046438230201601,0.639341413974762,0.0884002596139907,23.33124339930975,0.0046650147996842,0.6344327926635742,0.0965916886925697,23.311469741230496,0.0045815547928214,0.6342026591300964,0.089386373758316,23.38987115149893,0.0049975728616118,0.6091187000274658,0.1109387427568435,23.012408654108874,0.0124891921877861,0.4996760189533233,0.1589238047599792,19.034656512761934,0.0089604537934064,0.5672172904014587,0.11585134267807,20.47669995362225,0.0093381283804774,0.5539484620094299,0.1159886717796325,20.297401596888207,0.0094676408916711,0.5497921705245972,0.1182393059134483,20.23758223252813,0.0099735083058476,0.5282531380653381,0.1299935281276703,20.01152046316255
000000125936__woman_with_hat_matisse,0.0001076871703844,0.9905025362968444,0.015003403648734,39.6783603452126,0.015071302652359,0.015382807701826,0.0150442933663725,0.0040487754158675,0.7305648922920227,0.0571092367172241,23.92676312723936,0.0016545252874493,0.8765779137611389,0.060043066740036,27.81326590779261,0.0020940727554261,0.8602387309074402,0.0719039142131805,26.7900823348277,0.0019209656165912,0.8618376851081848,0.0704805254936218,27.164804085158785,0.0082184458151459,0.6081870198249817,0.0868276506662368,20.852103038375496,0.0071733607910573,0.6305412650108337,0.0773817151784896,21.442773253579496,0.0074718217365443,0.6160007119178772,0.0922968313097953,21.265734980946963,0.0071333199739456,0.6270887851715088,0.0869141221046447,21.467082947228736,0.0078143160790205,0.5977475643157959,0.0914123505353927,21.071090261035323,0.0065910429693758,0.5753263831138611,0.1545926481485366,21.810458570289228,0.0043823975138366,0.624856173992157,0.105646900832653,23.58288231468204,0.0045033167116343,0.6156440377235413,0.112448550760746,23.46467508671455,0.0045504267327487,0.6117450594902039,0.116716593503952,23.41947873895004,0.0047054947353899,0.6004467010498047,0.1326234191656112,23.273947081444323
000000459396__antimonocromatismo,0.0001114216647692,0.9927354454994202,0.0162667464464902,39.53030356963298,0.0093980580568313,0.0092569999396801,0.0093541387468576,0.0059311911463737,0.4892341792583465,0.2763724029064178,22.268580795954488,0.0010331697994843,0.8872976303100586,0.094671793282032,29.85828297145456,0.001613573054783,0.8538606762886047,0.1042483747005462,27.922113670614934,0.0011217216961085,0.8806666731834412,0.0987492799758911,29.50114880011016,0.0070886206813156,0.4265692234039306,0.2455958724021911,21.494382625277822,0.0043044202029705,0.4965975284576416,0.1499004065990448,23.6608533889289,0.0043663312681019,0.4915927946567535,0.1536564826965332,23.598833179967787,0.0046379072591662,0.4760173857212066,0.1481934934854507,23.33677939879799,0.0046355971135199,0.4737220108509063,0.1395153552293777,23.338943162326924,0.0140091069042682,0.4072204530239105,0.2077569365501403,18.53589550575132,0.0115365674719214,0.4198274612426758,0.1703741550445556,19.379233895990996,0.0119909159839153,0.4029402434825897,0.1701260209083557,19.211476399565843,0.0131733864545822,0.3712446391582489,0.2010494172573089,18.803025675222845,0.0137903960421681,0.3549754917621612,0.2127967178821563,18.60423261274592
000000459396__impronte_d_artista,0.0001176775331259,0.9847502112388612,0.0335775017738342,39.29306444299967,0.0095468396320939,0.0095801595598459,0.0095461858436465,0.0047567510046064,0.5204141139984131,0.275337278842926,23.226895814276144,0.00133611576166,0.8616294860839844,0.0995312333106994,28.741559127645157,0.0014725872315466,0.8501014113426208,0.1118103936314582,28.31918969507068,0.0015187767567113,0.8482421040534973,0.1128686368465423,28.18506057903892,0.0138025777414441,0.3680278360843658,0.2307060658931732,18.600397980668237,0.0110364817082881,0.4206204414367676,0.1614287048578262,19.571693521684008,0.0116253765299916,0.4053519666194916,0.1757863163948059,19.345929720079496,0.0117783909663558,0.3971605002880096,0.1820700466632843,19.289140340108432,0.012431907467544,0.3804864585399627,0.1922674924135208,19.05462231046745,0.0103891585022211,0.4049934148788452,0.2485187798738479,19.83419627865549,0.0066071823239326,0.473097950220108,0.1575406193733215,21.799837087531557,0.0069495164789259,0.4584481716156006,0.176992729306221,21.5804541092634,0.0075433696620166,0.4435273110866546,0.1888896524906158,21.224346092083238,0.0076239933259785,0.4395259916782379,0.1839753091335296,21.17817492549684
000000459396__picasso_self_portrait,0.0001079849098459,0.9939858913421632,0.0127976275980472,39.666369299622005,0.0094691421836614,0.0091812433674931,0.0093829343095421,0.0049114995636045,0.5496826767921448,0.225517138838768,23.087858902050392,0.0010504296515136,0.8968799710273743,0.0902752503752708,29.78633027486909,0.0012673065066337,0.8780482411384583,0.1036890149116516,28.97118335360336,0.0011630087392404,0.8880066871643066,0.0932716876268386,29.344170218238723,0.0073841754347085,0.5026371479034424,0.1676011234521865,21.316979938048966,0.005136807449162,0.5335800051689148,0.1190317273139953,22.89306713297213,0.0053872219286859,0.5251517295837402,0.1263104975223541,22.68635133156777,0.0057404339313507,0.5115864872932434,0.1301847249269485,22.41055277137193,0.0057002077810466,0.5122391581535339,0.1261551231145858,22.441093133595583,0.0107981786131858,0.3983140289783478,0.2941524684429168,19.666494931196876,0.0059081236831843,0.4696872234344482,0.1704165488481521,22.285504215587626,0.0061190351843833,0.4589804112911224,0.163867175579071,22.133170496077923,0.0068481932394206,0.4380297660827636,0.1898268908262252,21.64423993419978,0.00675192149356,0.4415328800678253,0.1721075028181076,21.705726160138987
000000459396__trial,0.0001168690869235,0.98886638879776,0.0261770710349082,39.32300349008756,0.0095729678869247,0.0095248268917202,0.0095737166702747,0.0072727836668491,0.4160797595977783,0.3877037465572357,21.382993305766465,0.0013513723388314,0.8655679821968079,0.1101085469126701,28.69224974870732,0.0015171602135524,0.8536728024482727,0.1176186203956604,28.18968554883829,0.0014978005783632,0.8550562262535095,0.1194445639848709,28.24546006050281,0.0087977610528469,0.4000837802886963,0.2568187713623047,20.556278376352736,0.0052981846965849,0.4864323437213897,0.1371869444847107,22.758729061162644,0.0055052959360182,0.4765955209732055,0.1426595747470855,22.59219330656757,0.005779888946563,0.4666152894496918,0.14407679438591,22.38080505932104,0.0057871299795806,0.4673825800418854,0.1505859196186065,22.375367632247205,0.0152723407372832,0.3667544424533844,0.2460740208625793,18.16094395073328,0.0116121424362063,0.4047814905643463,0.1635074913501739,19.35087645689223,0.0120936371386051,0.3883068263530731,0.1693453788757324,19.174430662465017,0.0128899328410625,0.3733782768249511,0.1933074593544006,18.89749345395389,0.0133801093325018,0.3605385720729828,0.1935382336378097,18.73540337815709
000000459396__woman_with_hat_matisse,0.0001119426669902,0.9879525303840636,0.0220696181058883,39.51004350410021,0.0095859952270984,0.0096076037734746,0.0095765301957726,0.0028707885649055,0.6161113381385803,0.2035809457302093,25.41998792343693,0.0009380799601785,0.90501070022583,0.0669005811214447,30.27760141595042,0.0010161286918446,0.8958394527435303,0.0780279859900474,29.93051285537706,0.0010544480755925,0.8931567668914795,0.0740493312478065,29.769748014521056,0.0101494276896119,0.476399302482605,0.1534131020307541,19.93558446248409,0.0093149542808532,0.4750131666660309,0.1305988132953643,20.30819272342818,0.0098579796031117,0.4540901184082031,0.1261373460292816,20.06212084767741,0.0099336793646216,0.4575027525424957,0.1352166533470153,20.028898621002917,0.0107860090211033,0.4280846118927002,0.1468085944652557,19.67139220816465,0.0080919079482555,0.4114845693111419,0.2539263963699341,20.91949066310533,0.0049108192324638,0.4669266045093536,0.1619455069303512,23.08846051978833,0.0050378674641251,0.4632256925106048,0.1632729619741439,22.97753262077332,0.0054258438758552,0.4470546245574951,0.1734947562217712,22.65532706857148,0.0056398920714855,0.4321964979171753,0.1816705614328384,22.48729206868922
000000088485__antimonocromatismo,0.0001090581718017,0.9941380620002748,0.0139508908614516,39.62341786890104,0.0111957350745797,0.0111035872250795,0.0110847223550081,0.0037547883111983,0.6188258528709412,0.1793648600578308,24.254145427796445,0.0009099129238165,0.9107230305671692,0.0652234703302383,30.41000166487016,0.0011410492006689,0.899033784866333,0.0872339606285095,29.42695628922413,0.0009999569738283,0.9042264819145204,0.0766136795282363,30.0001868643092,0.0059289187192916,0.50197833776474,0.186356171965599,22.27024503442365,0.0037628046702593,0.5923740863800049,0.0957311540842056,24.244883256159003,0.0038948878645896,0.585490882396698,0.1105515882372856,24.09505041326708,0.0037723372224718,0.5879206657409668,0.1036448627710342,24.233894910904667,0.0039211981929838,0.5815555453300476,0.115357905626297,24.06581206171116,0.0133078694343566,0.4468275606632232,0.1841872036457061,18.758914687151915,0.0102347983047366,0.4736787378787994,0.1298774629831314,19.899207114775887,0.0107421083375811,0.4666950702667236,0.1447460353374481,19.68910471940372,0.0110909147188067,0.4559271335601806,0.1443831026554107,19.55032634108009,0.01173563208431,0.4397456347942352,0.1553400307893753,19.3049351421748
000000088485__impronte_d_artista,0.0001084607210941,0.9889599680900574,0.02066645398736,39.64727512511903,0.0112331183627247,0.0113440714776515,0.0111852912232279,0.0033993730321526,0.6478585600852966,0.1290782243013382,24.68601175247407,0.0012748605804517,0.8966403007507324,0.0672178268432617,28.945373073486014,0.0014711181866005,0.8902359008789062,0.084579586982727,28.32352435548068,0.0014805992832407,0.8876367211341858,0.091208204627037,28.295624651960622,0.0117955952882766,0.4528279304504394,0.154737576842308,19.282801366868245,0.0096118105575442,0.490856409072876,0.1173264682292938,20.171947974419982,0.0101387063041329,0.4797754287719726,0.1258979588747024,19.94017457312389,0.0100079299882054,0.4783709943294525,0.1178581789135932,19.996557414683537,0.0105514861643314,0.4682256281375885,0.1303738802671432,19.76686366194537,0.0071588377468287,0.510204553604126,0.1531130969524383,21.451574806406185,0.0044725891202688,0.5865055918693542,0.1126753389835357,23.494409969751537,0.0044398042373359,0.5924983024597168,0.096082866191864,23.526361786509412,0.0047711660154163,0.584740400314331,0.1014086231589317,23.21375471656362,0.0049767340533435,0.5712710022926331,0.1106053665280342,23.030555664593827
000000088485__picasso_self_portrait,0.0001043412776198,0.994600474834442,0.0117687005549669,39.81543849807986,0.0111186187714338,0.0110970325767993,0.0110628949478268,0.0035772866103798,0.641206681728363,0.1408649533987045,24.464462630045368,0.0010294948006048,0.9051473140716552,0.0645909458398819,29.873758424158492,0.0013167973374947,0.8947622776031494,0.0919493958353996,28.80481060254899,0.0011366450926288,0.8988296985626221,0.0760866329073906,29.44375118754561,0.0052675823681056,0.5604941248893738,0.1103273183107376,22.78388664692983,0.0036084903404116,0.6173195242881775,0.0722756460309028,24.42674452930023,0.0037707136943936,0.61324542760849,0.0786935985088348,24.23576441783027,0.0037845270708203,0.6120709776878357,0.0810283347964286,24.21988383895936,0.0039326404221355,0.6065597534179688,0.0842916071414947,24.053157611471857,0.0083649279549717,0.4881279468536377,0.2132619023323059,20.77537795155017,0.0054804333485662,0.5353056788444519,0.1459767371416092,22.6118509964516,0.0057093272916972,0.5241709351539612,0.1460892260074615,22.434150600054306,0.0060095959343016,0.5118208527565002,0.1457468271255493,22.211547275650595,0.0065000150352716,0.4916041195392608,0.1689142286777496,21.870856387836124
000000088485__trial,0.0001063522286131,0.9897717833518982,0.016101062297821,39.73253405016234,0.0109314955770969,0.0110352467745542,0.0108951777219772,0.0043566832318902,0.5977793335914612,0.1938104182481765,23.60844015837321,0.0011543956352397,0.9021273255348206,0.0704921633005142,29.376453239752536,0.0014971258351579,0.8929483294487,0.0873977392911911,28.24741695169321,0.0013636476360261,0.8922571539878845,0.0886482149362564,28.652978360571502,0.0081487791612744,0.4552060663700104,0.195585086941719,20.889074517799003,0.0052312109619379,0.5386693477630615,0.131083458662033,22.813977655856203,0.0053454916924238,0.5336872935295105,0.1390191614627838,22.720123410660165,0.0052886898629367,0.5328364968299866,0.1240846589207649,22.76651899943461,0.0055705229751765,0.5198233127593994,0.1333255916833877,22.541040302173894,0.0141168171539902,0.4044606685638428,0.1946259588003158,18.50263210385932,0.0105740167200565,0.4507537186145782,0.1573554873466491,19.75760007206626,0.0106932101771235,0.446181446313858,0.161007672548294,19.70891896950148,0.0111317681148648,0.4385552406311035,0.1621127873659134,19.53435849003781,0.0114605277776718,0.4268314838409424,0.1596619337797165,19.40795381875376
000000088485__woman_with_hat_matisse,0.00011050933972,0.9896203875541688,0.0226811952888965,39.56601015938567,0.0112941786646842,0.0113884368911385,0.0112362457439303,0.0026715127751231,0.6749889850616455,0.1132716163992881,25.732427446881832,0.0010386859066784,0.9059849381446838,0.0516944229602813,29.8351576102701,0.0013151621678844,0.8974292874336243,0.068086065351963,28.81020692592464,0.0011135523673146,0.9001972079277039,0.060230053961277,29.53289354470958,0.0103485537692904,0.4815013706684112,0.1298666596412658,19.85120339473061,0.0087636234238743,0.5057337284088135,0.1463554501533508,20.573162925042027,0.0093120960518717,0.4880992472171783,0.1442177891731262,20.309525530353863,0.0091058341786265,0.4975341260433197,0.1327130943536758,20.40680262655458,0.0096314987167716,0.476095587015152,0.1418023854494094,20.16306128889948,0.0062711718492209,0.5064476728439331,0.1885752975940704,22.026512980692047,0.0041687120683491,0.5835939049720764,0.1159154772758483,23.79998100423121,0.00418980140239,0.5768603682518005,0.1256121844053268,23.77806562210373,0.0043415911495685,0.5758444666862488,0.1189064681529998,23.623510767467707,0.0044964258559048,0.5630618929862976,0.1275441646575927,23.471325635174814
